--------------------------------------------------------
--  파일이 생성됨 - 수요일-7월-08-2020   
--------------------------------------------------------
--------------------------------------------------------
--  DDL for Table COMMONS_TBL
--------------------------------------------------------

  CREATE TABLE "JDBCTEST"."COMMONS_TBL" 
   (	"COM_ID" CHAR(7 BYTE), 
	"GRP_ID" CHAR(6 BYTE), 
	"COM_VAL" VARCHAR2(100 BYTE), 
	"COM_LVL" NUMBER(8,0), 
	"PARENT_ID" CHAR(7 BYTE)
   ) SEGMENT CREATION IMMEDIATE 
  PCTFREE 10 PCTUSED 40 INITRANS 1 MAXTRANS 255 NOCOMPRESS LOGGING
  STORAGE(INITIAL 65536 NEXT 1048576 MINEXTENTS 1 MAXEXTENTS 2147483645
  PCTINCREASE 0 FREELISTS 1 FREELIST GROUPS 1 BUFFER_POOL DEFAULT FLASH_CACHE DEFAULT CELL_FLASH_CACHE DEFAULT)
  TABLESPACE "SYSTEM" ;
--------------------------------------------------------
--  DDL for Table GRPCOMMONS_TBL
--------------------------------------------------------

  CREATE TABLE "JDBCTEST"."GRPCOMMONS_TBL" 
   (	"GRP_ID" CHAR(6 BYTE), 
	"GRP_NAME" VARCHAR2(30 BYTE)
   ) SEGMENT CREATION IMMEDIATE 
  PCTFREE 10 PCTUSED 40 INITRANS 1 MAXTRANS 255 NOCOMPRESS LOGGING
  STORAGE(INITIAL 65536 NEXT 1048576 MINEXTENTS 1 MAXEXTENTS 2147483645
  PCTINCREASE 0 FREELISTS 1 FREELIST GROUPS 1 BUFFER_POOL DEFAULT FLASH_CACHE DEFAULT CELL_FLASH_CACHE DEFAULT)
  TABLESPACE "SYSTEM" ;
--------------------------------------------------------
--  DDL for Table PROFESSORS_TBL
--------------------------------------------------------

  CREATE TABLE "JDBCTEST"."PROFESSORS_TBL" 
   (	"PRO_ID" CHAR(6 BYTE), 
	"PRO_NAME" VARCHAR2(20 BYTE), 
	"PRO_ADDR_GRP" CHAR(6 BYTE), 
	"PRO_ADDR" CHAR(7 BYTE), 
	"PRO_ADDR2" CHAR(7 BYTE), 
	"PRO_DEPT_GRP" CHAR(6 BYTE), 
	"PRO_DEPT" CHAR(7 BYTE)
   ) SEGMENT CREATION IMMEDIATE 
  PCTFREE 10 PCTUSED 40 INITRANS 1 MAXTRANS 255 NOCOMPRESS LOGGING
  STORAGE(INITIAL 65536 NEXT 1048576 MINEXTENTS 1 MAXEXTENTS 2147483645
  PCTINCREASE 0 FREELISTS 1 FREELIST GROUPS 1 BUFFER_POOL DEFAULT FLASH_CACHE DEFAULT CELL_FLASH_CACHE DEFAULT)
  TABLESPACE "SYSTEM" ;
--------------------------------------------------------
--  DDL for Table SCORES_TBL
--------------------------------------------------------

  CREATE TABLE "JDBCTEST"."SCORES_TBL" 
   (	"STU_ID" CHAR(6 BYTE), 
	"SUB_ID" CHAR(7 BYTE), 
	"DO_YEAR" CHAR(4 BYTE), 
	"SEMESTER" CHAR(1 BYTE), 
	"GUBUN" CHAR(1 BYTE), 
	"SCORE" NUMBER(5,2), 
	"EXAM_DATE" DATE
   ) SEGMENT CREATION IMMEDIATE 
  PCTFREE 10 PCTUSED 40 INITRANS 1 MAXTRANS 255 NOCOMPRESS LOGGING
  STORAGE(INITIAL 65536 NEXT 1048576 MINEXTENTS 1 MAXEXTENTS 2147483645
  PCTINCREASE 0 FREELISTS 1 FREELIST GROUPS 1 BUFFER_POOL DEFAULT FLASH_CACHE DEFAULT CELL_FLASH_CACHE DEFAULT)
  TABLESPACE "SYSTEM" ;
--------------------------------------------------------
--  DDL for Table STUDENTS_TBL
--------------------------------------------------------

  CREATE TABLE "JDBCTEST"."STUDENTS_TBL" 
   (	"STU_ID" CHAR(6 BYTE), 
	"STU_NAME" VARCHAR2(20 BYTE), 
	"STU_TEL" VARCHAR2(20 BYTE), 
	"STU_ADDR_GRP" CHAR(6 BYTE), 
	"STU_ADDR" CHAR(7 BYTE), 
	"STU_ADDR2" CHAR(7 BYTE), 
	"STU_DEPT_GRP" CHAR(6 BYTE), 
	"STU_DEPT" CHAR(7 BYTE)
   ) SEGMENT CREATION IMMEDIATE 
  PCTFREE 10 PCTUSED 40 INITRANS 1 MAXTRANS 255 NOCOMPRESS LOGGING
  STORAGE(INITIAL 65536 NEXT 1048576 MINEXTENTS 1 MAXEXTENTS 2147483645
  PCTINCREASE 0 FREELISTS 1 FREELIST GROUPS 1 BUFFER_POOL DEFAULT FLASH_CACHE DEFAULT CELL_FLASH_CACHE DEFAULT)
  TABLESPACE "SYSTEM" ;
--------------------------------------------------------
--  DDL for Table STUDENTS_TIME_TBL
--------------------------------------------------------

  CREATE TABLE "JDBCTEST"."STUDENTS_TIME_TBL" 
   (	"STU_ID" CHAR(6 BYTE), 
	"SUB_ID" CHAR(7 BYTE), 
	"DO_YEAR" CHAR(4 BYTE), 
	"SEMESTER" CHAR(1 BYTE), 
	"REG_TIME" DATE
   ) SEGMENT CREATION IMMEDIATE 
  PCTFREE 10 PCTUSED 40 INITRANS 1 MAXTRANS 255 NOCOMPRESS LOGGING
  STORAGE(INITIAL 65536 NEXT 1048576 MINEXTENTS 1 MAXEXTENTS 2147483645
  PCTINCREASE 0 FREELISTS 1 FREELIST GROUPS 1 BUFFER_POOL DEFAULT FLASH_CACHE DEFAULT CELL_FLASH_CACHE DEFAULT)
  TABLESPACE "SYSTEM" ;
--------------------------------------------------------
--  DDL for Table SUBJECTS_TBL
--------------------------------------------------------

  CREATE TABLE "JDBCTEST"."SUBJECTS_TBL" 
   (	"SUB_ID" CHAR(7 BYTE), 
	"DO_YEAR" CHAR(4 BYTE), 
	"SEMESTER" CHAR(1 BYTE), 
	"DEPT_GRP" CHAR(6 BYTE), 
	"DEPT_CODE" CHAR(7 BYTE), 
	"PRO_ID" CHAR(6 BYTE), 
	"SUB_NAME" VARCHAR2(100 BYTE), 
	"SUB_CREDIT" NUMBER(3,0)
   ) SEGMENT CREATION IMMEDIATE 
  PCTFREE 10 PCTUSED 40 INITRANS 1 MAXTRANS 255 NOCOMPRESS LOGGING
  STORAGE(INITIAL 65536 NEXT 1048576 MINEXTENTS 1 MAXEXTENTS 2147483645
  PCTINCREASE 0 FREELISTS 1 FREELIST GROUPS 1 BUFFER_POOL DEFAULT FLASH_CACHE DEFAULT CELL_FLASH_CACHE DEFAULT)
  TABLESPACE "SYSTEM" ;
--------------------------------------------------------
--  DDL for Table TEMP_SUBJECTS
--------------------------------------------------------

  CREATE TABLE "JDBCTEST"."TEMP_SUBJECTS" 
   (	"SUB_ID" CHAR(7 BYTE), 
	"DEPT_GRP" CHAR(6 BYTE), 
	"DEPT_CODE" CHAR(7 BYTE), 
	"PRO_ID" CHAR(6 BYTE), 
	"SUB_NAME" VARCHAR2(100 BYTE), 
	"SUB_CREDIT" NUMBER(3,0)
   ) SEGMENT CREATION IMMEDIATE 
  PCTFREE 10 PCTUSED 40 INITRANS 1 MAXTRANS 255 NOCOMPRESS LOGGING
  STORAGE(INITIAL 65536 NEXT 1048576 MINEXTENTS 1 MAXEXTENTS 2147483645
  PCTINCREASE 0 FREELISTS 1 FREELIST GROUPS 1 BUFFER_POOL DEFAULT FLASH_CACHE DEFAULT CELL_FLASH_CACHE DEFAULT)
  TABLESPACE "SYSTEM" ;
REM INSERTING into JDBCTEST.COMMONS_TBL
SET DEFINE OFF;
Insert into JDBCTEST.COMMONS_TBL (COM_ID,GRP_ID,COM_VAL,COM_LVL,PARENT_ID) values ('COM0000','GRP001','ROOT',0,'ROOT   ');
Insert into JDBCTEST.COMMONS_TBL (COM_ID,GRP_ID,COM_VAL,COM_LVL,PARENT_ID) values ('COM0001','GRP001','서울',1,'COM0000');
Insert into JDBCTEST.COMMONS_TBL (COM_ID,GRP_ID,COM_VAL,COM_LVL,PARENT_ID) values ('COM0002','GRP001','부산',1,'COM0000');
Insert into JDBCTEST.COMMONS_TBL (COM_ID,GRP_ID,COM_VAL,COM_LVL,PARENT_ID) values ('COM0003','GRP001','대구',1,'COM0000');
Insert into JDBCTEST.COMMONS_TBL (COM_ID,GRP_ID,COM_VAL,COM_LVL,PARENT_ID) values ('COM0004','GRP001','대전',1,'COM0000');
Insert into JDBCTEST.COMMONS_TBL (COM_ID,GRP_ID,COM_VAL,COM_LVL,PARENT_ID) values ('COM0005','GRP001','울산',1,'COM0000');
Insert into JDBCTEST.COMMONS_TBL (COM_ID,GRP_ID,COM_VAL,COM_LVL,PARENT_ID) values ('COM0006','GRP001','세종',1,'COM0000');
Insert into JDBCTEST.COMMONS_TBL (COM_ID,GRP_ID,COM_VAL,COM_LVL,PARENT_ID) values ('COM0007','GRP001','광주',1,'COM0000');
Insert into JDBCTEST.COMMONS_TBL (COM_ID,GRP_ID,COM_VAL,COM_LVL,PARENT_ID) values ('COM0008','GRP001','인천',1,'COM0000');
Insert into JDBCTEST.COMMONS_TBL (COM_ID,GRP_ID,COM_VAL,COM_LVL,PARENT_ID) values ('COM0009','GRP001','강원',1,'COM0000');
Insert into JDBCTEST.COMMONS_TBL (COM_ID,GRP_ID,COM_VAL,COM_LVL,PARENT_ID) values ('COM0011','GRP001','경기',1,'COM0000');
Insert into JDBCTEST.COMMONS_TBL (COM_ID,GRP_ID,COM_VAL,COM_LVL,PARENT_ID) values ('COM0012','GRP001','충북',1,'COM0000');
Insert into JDBCTEST.COMMONS_TBL (COM_ID,GRP_ID,COM_VAL,COM_LVL,PARENT_ID) values ('COM0013','GRP001','충남',1,'COM0000');
Insert into JDBCTEST.COMMONS_TBL (COM_ID,GRP_ID,COM_VAL,COM_LVL,PARENT_ID) values ('COM0014','GRP001','경북',1,'COM0000');
Insert into JDBCTEST.COMMONS_TBL (COM_ID,GRP_ID,COM_VAL,COM_LVL,PARENT_ID) values ('COM0015','GRP001','경남',1,'COM0000');
Insert into JDBCTEST.COMMONS_TBL (COM_ID,GRP_ID,COM_VAL,COM_LVL,PARENT_ID) values ('COM0016','GRP001','전북',1,'COM0000');
Insert into JDBCTEST.COMMONS_TBL (COM_ID,GRP_ID,COM_VAL,COM_LVL,PARENT_ID) values ('COM0017','GRP001','전남',1,'COM0000');
Insert into JDBCTEST.COMMONS_TBL (COM_ID,GRP_ID,COM_VAL,COM_LVL,PARENT_ID) values ('COM0018','GRP001','제주',1,'COM0000');
Insert into JDBCTEST.COMMONS_TBL (COM_ID,GRP_ID,COM_VAL,COM_LVL,PARENT_ID) values ('COM0019','GRP001','동래구',2,'COM0002');
Insert into JDBCTEST.COMMONS_TBL (COM_ID,GRP_ID,COM_VAL,COM_LVL,PARENT_ID) values ('COM0020','GRP001','금정구',2,'COM0002');
Insert into JDBCTEST.COMMONS_TBL (COM_ID,GRP_ID,COM_VAL,COM_LVL,PARENT_ID) values ('COM0021','GRP001','해운대구',2,'COM0002');
Insert into JDBCTEST.COMMONS_TBL (COM_ID,GRP_ID,COM_VAL,COM_LVL,PARENT_ID) values ('COM0045','GRP001','동구',2,'COM0005');
Insert into JDBCTEST.COMMONS_TBL (COM_ID,GRP_ID,COM_VAL,COM_LVL,PARENT_ID) values ('COM0022','GRP001','창원',2,'COM0015');
Insert into JDBCTEST.COMMONS_TBL (COM_ID,GRP_ID,COM_VAL,COM_LVL,PARENT_ID) values ('COM0023','GRP001','양산',2,'COM0015');
Insert into JDBCTEST.COMMONS_TBL (COM_ID,GRP_ID,COM_VAL,COM_LVL,PARENT_ID) values ('COM0025','GRP001','김해',2,'COM0015');
Insert into JDBCTEST.COMMONS_TBL (COM_ID,GRP_ID,COM_VAL,COM_LVL,PARENT_ID) values ('COM0026','GRP001','창녕',2,'COM0015');
Insert into JDBCTEST.COMMONS_TBL (COM_ID,GRP_ID,COM_VAL,COM_LVL,PARENT_ID) values ('COM0027','GRP001','안동',2,'COM0014');
Insert into JDBCTEST.COMMONS_TBL (COM_ID,GRP_ID,COM_VAL,COM_LVL,PARENT_ID) values ('COM0028','GRP001','포항',2,'COM0014');
Insert into JDBCTEST.COMMONS_TBL (COM_ID,GRP_ID,COM_VAL,COM_LVL,PARENT_ID) values ('COM0029','GRP001','명륜동',3,'COM0019');
Insert into JDBCTEST.COMMONS_TBL (COM_ID,GRP_ID,COM_VAL,COM_LVL,PARENT_ID) values ('COM0030','GRP001','망미동',3,'COM0019');
Insert into JDBCTEST.COMMONS_TBL (COM_ID,GRP_ID,COM_VAL,COM_LVL,PARENT_ID) values ('COM0031','GRP001','연산1동',3,'COM0019');
Insert into JDBCTEST.COMMONS_TBL (COM_ID,GRP_ID,COM_VAL,COM_LVL,PARENT_ID) values ('COM0032','GRP001','연산3동',3,'COM0019');
Insert into JDBCTEST.COMMONS_TBL (COM_ID,GRP_ID,COM_VAL,COM_LVL,PARENT_ID) values ('COM0033','GRP001','칠산동',3,'COM0019');
Insert into JDBCTEST.COMMONS_TBL (COM_ID,GRP_ID,COM_VAL,COM_LVL,PARENT_ID) values ('COM0034','GRP001','장전동',3,'COM0020');
Insert into JDBCTEST.COMMONS_TBL (COM_ID,GRP_ID,COM_VAL,COM_LVL,PARENT_ID) values ('COM0035','GRP001','구서동',3,'COM0020');
Insert into JDBCTEST.COMMONS_TBL (COM_ID,GRP_ID,COM_VAL,COM_LVL,PARENT_ID) values ('COM0036','GRP001','남산동',3,'COM0020');
Insert into JDBCTEST.COMMONS_TBL (COM_ID,GRP_ID,COM_VAL,COM_LVL,PARENT_ID) values ('COM0037','GRP001','청룡동',3,'COM0020');
Insert into JDBCTEST.COMMONS_TBL (COM_ID,GRP_ID,COM_VAL,COM_LVL,PARENT_ID) values ('COM0038','GRP001','우동',3,'COM0021');
Insert into JDBCTEST.COMMONS_TBL (COM_ID,GRP_ID,COM_VAL,COM_LVL,PARENT_ID) values ('COM0039','GRP001','좌동',3,'COM0021');
Insert into JDBCTEST.COMMONS_TBL (COM_ID,GRP_ID,COM_VAL,COM_LVL,PARENT_ID) values ('COM0046','GRP001','전하동',3,'COM0045');
Insert into JDBCTEST.COMMONS_TBL (COM_ID,GRP_ID,COM_VAL,COM_LVL,PARENT_ID) values ('COM0040','GRP001','창원구',3,'COM0022');
Insert into JDBCTEST.COMMONS_TBL (COM_ID,GRP_ID,COM_VAL,COM_LVL,PARENT_ID) values ('COM0041','GRP001','마산구',3,'COM0022');
Insert into JDBCTEST.COMMONS_TBL (COM_ID,GRP_ID,COM_VAL,COM_LVL,PARENT_ID) values ('COM0042','GRP001','진해구',3,'COM0022');
Insert into JDBCTEST.COMMONS_TBL (COM_ID,GRP_ID,COM_VAL,COM_LVL,PARENT_ID) values ('COM0043','GRP001','상남동',4,'COM0040');
Insert into JDBCTEST.COMMONS_TBL (COM_ID,GRP_ID,COM_VAL,COM_LVL,PARENT_ID) values ('COM0044','GRP001','중앙동',4,'COM0040');
Insert into JDBCTEST.COMMONS_TBL (COM_ID,GRP_ID,COM_VAL,COM_LVL,PARENT_ID) values ('COM0049','GRP001','사파정동',4,'COM0040');
Insert into JDBCTEST.COMMONS_TBL (COM_ID,GRP_ID,COM_VAL,COM_LVL,PARENT_ID) values ('COM0047','GRP001','덕동',4,'COM0041');
Insert into JDBCTEST.COMMONS_TBL (COM_ID,GRP_ID,COM_VAL,COM_LVL,PARENT_ID) values ('COM0048','GRP001','합포동',4,'COM0041');
Insert into JDBCTEST.COMMONS_TBL (COM_ID,GRP_ID,COM_VAL,COM_LVL,PARENT_ID) values ('COM1000','GRP002','ROOT',0,'ROOT   ');
Insert into JDBCTEST.COMMONS_TBL (COM_ID,GRP_ID,COM_VAL,COM_LVL,PARENT_ID) values ('COM0001','GRP002','인문과학대학',1,'COM1000');
Insert into JDBCTEST.COMMONS_TBL (COM_ID,GRP_ID,COM_VAL,COM_LVL,PARENT_ID) values ('COM0002','GRP002','자연과학대학',1,'COM1000');
Insert into JDBCTEST.COMMONS_TBL (COM_ID,GRP_ID,COM_VAL,COM_LVL,PARENT_ID) values ('COM0003','GRP002','법학대학',1,'COM1000');
Insert into JDBCTEST.COMMONS_TBL (COM_ID,GRP_ID,COM_VAL,COM_LVL,PARENT_ID) values ('COM0004','GRP002','사회과학대학',1,'COM1000');
Insert into JDBCTEST.COMMONS_TBL (COM_ID,GRP_ID,COM_VAL,COM_LVL,PARENT_ID) values ('COM0005','GRP002','경상대학',1,'COM1000');
Insert into JDBCTEST.COMMONS_TBL (COM_ID,GRP_ID,COM_VAL,COM_LVL,PARENT_ID) values ('COM0019','GRP002','공과대학',1,'COM1000');
Insert into JDBCTEST.COMMONS_TBL (COM_ID,GRP_ID,COM_VAL,COM_LVL,PARENT_ID) values ('COM0006','GRP002','국어국문학과',2,'COM0001');
Insert into JDBCTEST.COMMONS_TBL (COM_ID,GRP_ID,COM_VAL,COM_LVL,PARENT_ID) values ('COM0007','GRP002','사학과',2,'COM0001');
Insert into JDBCTEST.COMMONS_TBL (COM_ID,GRP_ID,COM_VAL,COM_LVL,PARENT_ID) values ('COM0008','GRP002','영어영문학과',2,'COM0001');
Insert into JDBCTEST.COMMONS_TBL (COM_ID,GRP_ID,COM_VAL,COM_LVL,PARENT_ID) values ('COM0009','GRP002','철학과',2,'COM0001');
Insert into JDBCTEST.COMMONS_TBL (COM_ID,GRP_ID,COM_VAL,COM_LVL,PARENT_ID) values ('COM0010','GRP002','물리학과',2,'COM0002');
Insert into JDBCTEST.COMMONS_TBL (COM_ID,GRP_ID,COM_VAL,COM_LVL,PARENT_ID) values ('COM0011','GRP002','화학과',2,'COM0002');
Insert into JDBCTEST.COMMONS_TBL (COM_ID,GRP_ID,COM_VAL,COM_LVL,PARENT_ID) values ('COM0012','GRP002','수학과',2,'COM0002');
Insert into JDBCTEST.COMMONS_TBL (COM_ID,GRP_ID,COM_VAL,COM_LVL,PARENT_ID) values ('COM0013','GRP002','식품영양학과',2,'COM0002');
Insert into JDBCTEST.COMMONS_TBL (COM_ID,GRP_ID,COM_VAL,COM_LVL,PARENT_ID) values ('COM0014','GRP002','컴퓨터통계학과',2,'COM0002');
Insert into JDBCTEST.COMMONS_TBL (COM_ID,GRP_ID,COM_VAL,COM_LVL,PARENT_ID) values ('COM0015','GRP002','법학과',2,'COM0003');
Insert into JDBCTEST.COMMONS_TBL (COM_ID,GRP_ID,COM_VAL,COM_LVL,PARENT_ID) values ('COM0016','GRP002','경찰행정학과',2,'COM0003');
Insert into JDBCTEST.COMMONS_TBL (COM_ID,GRP_ID,COM_VAL,COM_LVL,PARENT_ID) values ('COM0017','GRP002','신문방송학과',2,'COM0004');
Insert into JDBCTEST.COMMONS_TBL (COM_ID,GRP_ID,COM_VAL,COM_LVL,PARENT_ID) values ('COM0018','GRP002','정치외교학과',2,'COM0004');
Insert into JDBCTEST.COMMONS_TBL (COM_ID,GRP_ID,COM_VAL,COM_LVL,PARENT_ID) values ('COM0020','GRP002','경영학과',2,'COM0005');
Insert into JDBCTEST.COMMONS_TBL (COM_ID,GRP_ID,COM_VAL,COM_LVL,PARENT_ID) values ('COM0021','GRP002','경제학과',2,'COM0005');
Insert into JDBCTEST.COMMONS_TBL (COM_ID,GRP_ID,COM_VAL,COM_LVL,PARENT_ID) values ('COM0022','GRP002','무역학과',2,'COM0005');
Insert into JDBCTEST.COMMONS_TBL (COM_ID,GRP_ID,COM_VAL,COM_LVL,PARENT_ID) values ('COM0029','GRP002','건축공학과',2,'COM0019');
Insert into JDBCTEST.COMMONS_TBL (COM_ID,GRP_ID,COM_VAL,COM_LVL,PARENT_ID) values ('COM0023','GRP002','금속재료공학과',2,'COM0019');
Insert into JDBCTEST.COMMONS_TBL (COM_ID,GRP_ID,COM_VAL,COM_LVL,PARENT_ID) values ('COM0024','GRP002','기계공학과',2,'COM0019');
Insert into JDBCTEST.COMMONS_TBL (COM_ID,GRP_ID,COM_VAL,COM_LVL,PARENT_ID) values ('COM0025','GRP002','선박해양공학과',2,'COM0019');
Insert into JDBCTEST.COMMONS_TBL (COM_ID,GRP_ID,COM_VAL,COM_LVL,PARENT_ID) values ('COM0026','GRP002','신소재공학과',2,'COM0019');
Insert into JDBCTEST.COMMONS_TBL (COM_ID,GRP_ID,COM_VAL,COM_LVL,PARENT_ID) values ('COM0027','GRP002','원자력공학과',2,'COM0019');
Insert into JDBCTEST.COMMONS_TBL (COM_ID,GRP_ID,COM_VAL,COM_LVL,PARENT_ID) values ('COM0028','GRP002','재료공학과',2,'COM0019');
Insert into JDBCTEST.COMMONS_TBL (COM_ID,GRP_ID,COM_VAL,COM_LVL,PARENT_ID) values ('COM001 ','GRP003','2018-01-01',0,'ROOT   ');
Insert into JDBCTEST.COMMONS_TBL (COM_ID,GRP_ID,COM_VAL,COM_LVL,PARENT_ID) values ('COM002 ','GRP003','2018-01-02',0,'ROOT   ');
Insert into JDBCTEST.COMMONS_TBL (COM_ID,GRP_ID,COM_VAL,COM_LVL,PARENT_ID) values ('COM0001','GRP004','A-4.5',0,'ROOT   ');
Insert into JDBCTEST.COMMONS_TBL (COM_ID,GRP_ID,COM_VAL,COM_LVL,PARENT_ID) values ('COM0002','GRP004','B-3.5',0,'ROOT   ');
Insert into JDBCTEST.COMMONS_TBL (COM_ID,GRP_ID,COM_VAL,COM_LVL,PARENT_ID) values ('COM0003','GRP004','C-2.5',0,'ROOT   ');
Insert into JDBCTEST.COMMONS_TBL (COM_ID,GRP_ID,COM_VAL,COM_LVL,PARENT_ID) values ('COM0004','GRP004','D-1.5',0,'ROOT   ');
Insert into JDBCTEST.COMMONS_TBL (COM_ID,GRP_ID,COM_VAL,COM_LVL,PARENT_ID) values ('COM0005','GRP004','F-0',0,'ROOT   ');
REM INSERTING into JDBCTEST.GRPCOMMONS_TBL
SET DEFINE OFF;
Insert into JDBCTEST.GRPCOMMONS_TBL (GRP_ID,GRP_NAME) values ('GRP001','지역코드');
Insert into JDBCTEST.GRPCOMMONS_TBL (GRP_ID,GRP_NAME) values ('GRP002','학과코드');
Insert into JDBCTEST.GRPCOMMONS_TBL (GRP_ID,GRP_NAME) values ('GRP003','시험코드');
Insert into JDBCTEST.GRPCOMMONS_TBL (GRP_ID,GRP_NAME) values ('GRP004','학점');
REM INSERTING into JDBCTEST.PROFESSORS_TBL
SET DEFINE OFF;
Insert into JDBCTEST.PROFESSORS_TBL (PRO_ID,PRO_NAME,PRO_ADDR_GRP,PRO_ADDR,PRO_ADDR2,PRO_DEPT_GRP,PRO_DEPT) values ('PRO001','전우치01','GRP001','COM0033','COM0002','GRP002','COM0012');
Insert into JDBCTEST.PROFESSORS_TBL (PRO_ID,PRO_NAME,PRO_ADDR_GRP,PRO_ADDR,PRO_ADDR2,PRO_DEPT_GRP,PRO_DEPT) values ('PRO002','전우치02','GRP001','COM0044','COM0015','GRP002','COM0016');
Insert into JDBCTEST.PROFESSORS_TBL (PRO_ID,PRO_NAME,PRO_ADDR_GRP,PRO_ADDR,PRO_ADDR2,PRO_DEPT_GRP,PRO_DEPT) values ('PRO003','전우치03','GRP001','COM0039','COM0002','GRP002','COM0008');
Insert into JDBCTEST.PROFESSORS_TBL (PRO_ID,PRO_NAME,PRO_ADDR_GRP,PRO_ADDR,PRO_ADDR2,PRO_DEPT_GRP,PRO_DEPT) values ('PRO004','전우치04','GRP001','COM0033','COM0002','GRP002','COM0021');
Insert into JDBCTEST.PROFESSORS_TBL (PRO_ID,PRO_NAME,PRO_ADDR_GRP,PRO_ADDR,PRO_ADDR2,PRO_DEPT_GRP,PRO_DEPT) values ('PRO005','전우치05','GRP001','COM0039','COM0002','GRP002','COM0026');
Insert into JDBCTEST.PROFESSORS_TBL (PRO_ID,PRO_NAME,PRO_ADDR_GRP,PRO_ADDR,PRO_ADDR2,PRO_DEPT_GRP,PRO_DEPT) values ('PRO006','전우치06','GRP001','COM0044','COM0015','GRP002','COM0018');
Insert into JDBCTEST.PROFESSORS_TBL (PRO_ID,PRO_NAME,PRO_ADDR_GRP,PRO_ADDR,PRO_ADDR2,PRO_DEPT_GRP,PRO_DEPT) values ('PRO007','전우치07','GRP001','COM0033','COM0002','GRP002','COM0016');
Insert into JDBCTEST.PROFESSORS_TBL (PRO_ID,PRO_NAME,PRO_ADDR_GRP,PRO_ADDR,PRO_ADDR2,PRO_DEPT_GRP,PRO_DEPT) values ('PRO008','전우치08','GRP001','COM0036','COM0002','GRP002','COM0028');
Insert into JDBCTEST.PROFESSORS_TBL (PRO_ID,PRO_NAME,PRO_ADDR_GRP,PRO_ADDR,PRO_ADDR2,PRO_DEPT_GRP,PRO_DEPT) values ('PRO009','전우치09','GRP001','COM0036','COM0002','GRP002','COM0010');
Insert into JDBCTEST.PROFESSORS_TBL (PRO_ID,PRO_NAME,PRO_ADDR_GRP,PRO_ADDR,PRO_ADDR2,PRO_DEPT_GRP,PRO_DEPT) values ('PRO010','전우치10','GRP001','COM0036','COM0002','GRP002','COM0016');
Insert into JDBCTEST.PROFESSORS_TBL (PRO_ID,PRO_NAME,PRO_ADDR_GRP,PRO_ADDR,PRO_ADDR2,PRO_DEPT_GRP,PRO_DEPT) values ('PRO011','전우치11','GRP001','COM0033','COM0002','GRP002','COM0022');
Insert into JDBCTEST.PROFESSORS_TBL (PRO_ID,PRO_NAME,PRO_ADDR_GRP,PRO_ADDR,PRO_ADDR2,PRO_DEPT_GRP,PRO_DEPT) values ('PRO012','전우치12','GRP001','COM0044','COM0015','GRP002','COM0015');
Insert into JDBCTEST.PROFESSORS_TBL (PRO_ID,PRO_NAME,PRO_ADDR_GRP,PRO_ADDR,PRO_ADDR2,PRO_DEPT_GRP,PRO_DEPT) values ('PRO013','전우치13','GRP001','COM0044','COM0015','GRP002','COM0027');
Insert into JDBCTEST.PROFESSORS_TBL (PRO_ID,PRO_NAME,PRO_ADDR_GRP,PRO_ADDR,PRO_ADDR2,PRO_DEPT_GRP,PRO_DEPT) values ('PRO014','전우치14','GRP001','COM0033','COM0002','GRP002','COM0007');
Insert into JDBCTEST.PROFESSORS_TBL (PRO_ID,PRO_NAME,PRO_ADDR_GRP,PRO_ADDR,PRO_ADDR2,PRO_DEPT_GRP,PRO_DEPT) values ('PRO015','전우치15','GRP001','COM0045','COM0015','GRP002','COM0015');
Insert into JDBCTEST.PROFESSORS_TBL (PRO_ID,PRO_NAME,PRO_ADDR_GRP,PRO_ADDR,PRO_ADDR2,PRO_DEPT_GRP,PRO_DEPT) values ('PRO016','전우치16','GRP001','COM0044','COM0015','GRP002','COM0021');
Insert into JDBCTEST.PROFESSORS_TBL (PRO_ID,PRO_NAME,PRO_ADDR_GRP,PRO_ADDR,PRO_ADDR2,PRO_DEPT_GRP,PRO_DEPT) values ('PRO017','전우치17','GRP001','COM0044','COM0015','GRP002','COM0023');
Insert into JDBCTEST.PROFESSORS_TBL (PRO_ID,PRO_NAME,PRO_ADDR_GRP,PRO_ADDR,PRO_ADDR2,PRO_DEPT_GRP,PRO_DEPT) values ('PRO018','전우치18','GRP001','COM0044','COM0015','GRP002','COM0015');
Insert into JDBCTEST.PROFESSORS_TBL (PRO_ID,PRO_NAME,PRO_ADDR_GRP,PRO_ADDR,PRO_ADDR2,PRO_DEPT_GRP,PRO_DEPT) values ('PRO019','전우치19','GRP001','COM0044','COM0015','GRP002','COM0008');
Insert into JDBCTEST.PROFESSORS_TBL (PRO_ID,PRO_NAME,PRO_ADDR_GRP,PRO_ADDR,PRO_ADDR2,PRO_DEPT_GRP,PRO_DEPT) values ('PRO020','전우치20','GRP001','COM0030','COM0002','GRP002','COM0014');
Insert into JDBCTEST.PROFESSORS_TBL (PRO_ID,PRO_NAME,PRO_ADDR_GRP,PRO_ADDR,PRO_ADDR2,PRO_DEPT_GRP,PRO_DEPT) values ('PRO021','전우치21','GRP001','COM0044','COM0015','GRP002','COM0017');
Insert into JDBCTEST.PROFESSORS_TBL (PRO_ID,PRO_NAME,PRO_ADDR_GRP,PRO_ADDR,PRO_ADDR2,PRO_DEPT_GRP,PRO_DEPT) values ('PRO022','전우치22','GRP001','COM0031','COM0002','GRP002','COM0020');
Insert into JDBCTEST.PROFESSORS_TBL (PRO_ID,PRO_NAME,PRO_ADDR_GRP,PRO_ADDR,PRO_ADDR2,PRO_DEPT_GRP,PRO_DEPT) values ('PRO023','전우치23','GRP001','COM0044','COM0015','GRP002','COM0008');
Insert into JDBCTEST.PROFESSORS_TBL (PRO_ID,PRO_NAME,PRO_ADDR_GRP,PRO_ADDR,PRO_ADDR2,PRO_DEPT_GRP,PRO_DEPT) values ('PRO024','전우치24','GRP001','COM0045','COM0015','GRP002','COM0009');
Insert into JDBCTEST.PROFESSORS_TBL (PRO_ID,PRO_NAME,PRO_ADDR_GRP,PRO_ADDR,PRO_ADDR2,PRO_DEPT_GRP,PRO_DEPT) values ('PRO025','전우치25','GRP001','COM0044','COM0015','GRP002','COM0011');
Insert into JDBCTEST.PROFESSORS_TBL (PRO_ID,PRO_NAME,PRO_ADDR_GRP,PRO_ADDR,PRO_ADDR2,PRO_DEPT_GRP,PRO_DEPT) values ('PRO026','전우치26','GRP001','COM0031','COM0002','GRP002','COM0025');
Insert into JDBCTEST.PROFESSORS_TBL (PRO_ID,PRO_NAME,PRO_ADDR_GRP,PRO_ADDR,PRO_ADDR2,PRO_DEPT_GRP,PRO_DEPT) values ('PRO027','전우치27','GRP001','COM0036','COM0002','GRP002','COM0020');
Insert into JDBCTEST.PROFESSORS_TBL (PRO_ID,PRO_NAME,PRO_ADDR_GRP,PRO_ADDR,PRO_ADDR2,PRO_DEPT_GRP,PRO_DEPT) values ('PRO028','전우치28','GRP001','COM0036','COM0002','GRP002','COM0011');
Insert into JDBCTEST.PROFESSORS_TBL (PRO_ID,PRO_NAME,PRO_ADDR_GRP,PRO_ADDR,PRO_ADDR2,PRO_DEPT_GRP,PRO_DEPT) values ('PRO029','전우치29','GRP001','COM0036','COM0002','GRP002','COM0022');
Insert into JDBCTEST.PROFESSORS_TBL (PRO_ID,PRO_NAME,PRO_ADDR_GRP,PRO_ADDR,PRO_ADDR2,PRO_DEPT_GRP,PRO_DEPT) values ('PRO030','전우치30','GRP001','COM0030','COM0002','GRP002','COM0006');
Insert into JDBCTEST.PROFESSORS_TBL (PRO_ID,PRO_NAME,PRO_ADDR_GRP,PRO_ADDR,PRO_ADDR2,PRO_DEPT_GRP,PRO_DEPT) values ('PRO031','전우치31','GRP001','COM0031','COM0002','GRP002','COM0010');
Insert into JDBCTEST.PROFESSORS_TBL (PRO_ID,PRO_NAME,PRO_ADDR_GRP,PRO_ADDR,PRO_ADDR2,PRO_DEPT_GRP,PRO_DEPT) values ('PRO032','전우치32','GRP001','COM0046','COM0005','GRP002','COM0013');
Insert into JDBCTEST.PROFESSORS_TBL (PRO_ID,PRO_NAME,PRO_ADDR_GRP,PRO_ADDR,PRO_ADDR2,PRO_DEPT_GRP,PRO_DEPT) values ('PRO033','전우치33','GRP001','COM0044','COM0015','GRP002','COM0014');
Insert into JDBCTEST.PROFESSORS_TBL (PRO_ID,PRO_NAME,PRO_ADDR_GRP,PRO_ADDR,PRO_ADDR2,PRO_DEPT_GRP,PRO_DEPT) values ('PRO034','전우치34','GRP001','COM0030','COM0002','GRP002','COM0017');
Insert into JDBCTEST.PROFESSORS_TBL (PRO_ID,PRO_NAME,PRO_ADDR_GRP,PRO_ADDR,PRO_ADDR2,PRO_DEPT_GRP,PRO_DEPT) values ('PRO035','전우치35','GRP001','COM0044','COM0015','GRP002','COM0017');
Insert into JDBCTEST.PROFESSORS_TBL (PRO_ID,PRO_NAME,PRO_ADDR_GRP,PRO_ADDR,PRO_ADDR2,PRO_DEPT_GRP,PRO_DEPT) values ('PRO036','전우치36','GRP001','COM0034','COM0002','GRP002','COM0009');
Insert into JDBCTEST.PROFESSORS_TBL (PRO_ID,PRO_NAME,PRO_ADDR_GRP,PRO_ADDR,PRO_ADDR2,PRO_DEPT_GRP,PRO_DEPT) values ('PRO037','전우치37','GRP001','COM0039','COM0002','GRP002','COM0012');
Insert into JDBCTEST.PROFESSORS_TBL (PRO_ID,PRO_NAME,PRO_ADDR_GRP,PRO_ADDR,PRO_ADDR2,PRO_DEPT_GRP,PRO_DEPT) values ('PRO038','전우치38','GRP001','COM0034','COM0002','GRP002','COM0022');
Insert into JDBCTEST.PROFESSORS_TBL (PRO_ID,PRO_NAME,PRO_ADDR_GRP,PRO_ADDR,PRO_ADDR2,PRO_DEPT_GRP,PRO_DEPT) values ('PRO039','전우치39','GRP001','COM0045','COM0015','GRP002','COM0024');
Insert into JDBCTEST.PROFESSORS_TBL (PRO_ID,PRO_NAME,PRO_ADDR_GRP,PRO_ADDR,PRO_ADDR2,PRO_DEPT_GRP,PRO_DEPT) values ('PRO040','전우치40','GRP001','COM0039','COM0002','GRP002','COM0006');
REM INSERTING into JDBCTEST.SCORES_TBL
SET DEFINE OFF;
Insert into JDBCTEST.SCORES_TBL (STU_ID,SUB_ID,DO_YEAR,SEMESTER,GUBUN,SCORE,EXAM_DATE) values ('STU054','SUB0003','2018','1','2',69,to_date('18/06/27','RR/MM/DD'));
Insert into JDBCTEST.SCORES_TBL (STU_ID,SUB_ID,DO_YEAR,SEMESTER,GUBUN,SCORE,EXAM_DATE) values ('STU017','SUB0001','2018','1','1',77.89,to_date('18/04/20','RR/MM/DD'));
Insert into JDBCTEST.SCORES_TBL (STU_ID,SUB_ID,DO_YEAR,SEMESTER,GUBUN,SCORE,EXAM_DATE) values ('STU017','SUB0014','2018','1','1',83.22,to_date('18/04/23','RR/MM/DD'));
Insert into JDBCTEST.SCORES_TBL (STU_ID,SUB_ID,DO_YEAR,SEMESTER,GUBUN,SCORE,EXAM_DATE) values ('STU017','SUB0003','2018','1','1',91.01,to_date('18/04/20','RR/MM/DD'));
Insert into JDBCTEST.SCORES_TBL (STU_ID,SUB_ID,DO_YEAR,SEMESTER,GUBUN,SCORE,EXAM_DATE) values ('STU017','SUB0004','2018','1','1',89,to_date('18/04/22','RR/MM/DD'));
Insert into JDBCTEST.SCORES_TBL (STU_ID,SUB_ID,DO_YEAR,SEMESTER,GUBUN,SCORE,EXAM_DATE) values ('STU017','SUB0008','2018','1','1',69.45,to_date('18/04/20','RR/MM/DD'));
Insert into JDBCTEST.SCORES_TBL (STU_ID,SUB_ID,DO_YEAR,SEMESTER,GUBUN,SCORE,EXAM_DATE) values ('STU017','SUB0001','2018','1','2',90.25,to_date('18/06/25','RR/MM/DD'));
Insert into JDBCTEST.SCORES_TBL (STU_ID,SUB_ID,DO_YEAR,SEMESTER,GUBUN,SCORE,EXAM_DATE) values ('STU017','SUB0014','2018','1','2',70.55,to_date('18/06/26','RR/MM/DD'));
Insert into JDBCTEST.SCORES_TBL (STU_ID,SUB_ID,DO_YEAR,SEMESTER,GUBUN,SCORE,EXAM_DATE) values ('STU017','SUB0003','2018','1','2',88.44,to_date('18/06/27','RR/MM/DD'));
Insert into JDBCTEST.SCORES_TBL (STU_ID,SUB_ID,DO_YEAR,SEMESTER,GUBUN,SCORE,EXAM_DATE) values ('STU017','SUB0004','2018','1','2',79.05,to_date('18/06/26','RR/MM/DD'));
Insert into JDBCTEST.SCORES_TBL (STU_ID,SUB_ID,DO_YEAR,SEMESTER,GUBUN,SCORE,EXAM_DATE) values ('STU017','SUB0008','2018','1','2',80,to_date('18/06/26','RR/MM/DD'));
Insert into JDBCTEST.SCORES_TBL (STU_ID,SUB_ID,DO_YEAR,SEMESTER,GUBUN,SCORE,EXAM_DATE) values ('STU021','SUB0001','2018','1','1',77.14,to_date('18/04/20','RR/MM/DD'));
Insert into JDBCTEST.SCORES_TBL (STU_ID,SUB_ID,DO_YEAR,SEMESTER,GUBUN,SCORE,EXAM_DATE) values ('STU021','SUB0014','2018','1','1',58.14,to_date('18/04/23','RR/MM/DD'));
Insert into JDBCTEST.SCORES_TBL (STU_ID,SUB_ID,DO_YEAR,SEMESTER,GUBUN,SCORE,EXAM_DATE) values ('STU021','SUB0003','2018','1','1',90.15,to_date('18/04/20','RR/MM/DD'));
Insert into JDBCTEST.SCORES_TBL (STU_ID,SUB_ID,DO_YEAR,SEMESTER,GUBUN,SCORE,EXAM_DATE) values ('STU021','SUB0043','2018','1','1',88.15,to_date('18/04/17','RR/MM/DD'));
Insert into JDBCTEST.SCORES_TBL (STU_ID,SUB_ID,DO_YEAR,SEMESTER,GUBUN,SCORE,EXAM_DATE) values ('STU021','SUB0001','2018','1','2',90,to_date('18/02/02','RR/MM/DD'));
Insert into JDBCTEST.SCORES_TBL (STU_ID,SUB_ID,DO_YEAR,SEMESTER,GUBUN,SCORE,EXAM_DATE) values ('STU021','SUB0014','2018','1','2',80.05,to_date('18/02/02','RR/MM/DD'));
Insert into JDBCTEST.SCORES_TBL (STU_ID,SUB_ID,DO_YEAR,SEMESTER,GUBUN,SCORE,EXAM_DATE) values ('STU021','SUB0003','2018','1','2',92,to_date('18/02/02','RR/MM/DD'));
Insert into JDBCTEST.SCORES_TBL (STU_ID,SUB_ID,DO_YEAR,SEMESTER,GUBUN,SCORE,EXAM_DATE) values ('STU021','SUB0043','2018','1','2',52.45,to_date('18/02/02','RR/MM/DD'));
Insert into JDBCTEST.SCORES_TBL (STU_ID,SUB_ID,DO_YEAR,SEMESTER,GUBUN,SCORE,EXAM_DATE) values ('STU034','SUB0001','2018','1','1',69,to_date('18/04/20','RR/MM/DD'));
Insert into JDBCTEST.SCORES_TBL (STU_ID,SUB_ID,DO_YEAR,SEMESTER,GUBUN,SCORE,EXAM_DATE) values ('STU034','SUB0003','2018','1','1',71.55,to_date('18/04/20','RR/MM/DD'));
Insert into JDBCTEST.SCORES_TBL (STU_ID,SUB_ID,DO_YEAR,SEMESTER,GUBUN,SCORE,EXAM_DATE) values ('STU034','SUB0004','2018','1','1',83.25,to_date('18/04/22','RR/MM/DD'));
Insert into JDBCTEST.SCORES_TBL (STU_ID,SUB_ID,DO_YEAR,SEMESTER,GUBUN,SCORE,EXAM_DATE) values ('STU034','SUB0064','2018','1','1',91.44,to_date('18/04/25','RR/MM/DD'));
Insert into JDBCTEST.SCORES_TBL (STU_ID,SUB_ID,DO_YEAR,SEMESTER,GUBUN,SCORE,EXAM_DATE) values ('STU034','SUB0070','2018','1','1',92.77,to_date('18/04/28','RR/MM/DD'));
Insert into JDBCTEST.SCORES_TBL (STU_ID,SUB_ID,DO_YEAR,SEMESTER,GUBUN,SCORE,EXAM_DATE) values ('STU034','SUB0001','2018','1','2',89,to_date('18/06/25','RR/MM/DD'));
Insert into JDBCTEST.SCORES_TBL (STU_ID,SUB_ID,DO_YEAR,SEMESTER,GUBUN,SCORE,EXAM_DATE) values ('STU034','SUB0002','2018','1','2',57.44,to_date('18/06/26','RR/MM/DD'));
Insert into JDBCTEST.SCORES_TBL (STU_ID,SUB_ID,DO_YEAR,SEMESTER,GUBUN,SCORE,EXAM_DATE) values ('STU034','SUB0003','2018','1','2',62.55,to_date('18/06/27','RR/MM/DD'));
Insert into JDBCTEST.SCORES_TBL (STU_ID,SUB_ID,DO_YEAR,SEMESTER,GUBUN,SCORE,EXAM_DATE) values ('STU034','SUB0004','2018','1','2',70.64,to_date('18/06/26','RR/MM/DD'));
Insert into JDBCTEST.SCORES_TBL (STU_ID,SUB_ID,DO_YEAR,SEMESTER,GUBUN,SCORE,EXAM_DATE) values ('STU034','SUB0064','2018','1','2',81.58,to_date('18/06/26','RR/MM/DD'));
Insert into JDBCTEST.SCORES_TBL (STU_ID,SUB_ID,DO_YEAR,SEMESTER,GUBUN,SCORE,EXAM_DATE) values ('STU034','SUB0070','2018','1','2',90.12,to_date('18/06/27','RR/MM/DD'));
Insert into JDBCTEST.SCORES_TBL (STU_ID,SUB_ID,DO_YEAR,SEMESTER,GUBUN,SCORE,EXAM_DATE) values ('STU046','SUB0001','2018','1','1',78.11,to_date('18/04/20','RR/MM/DD'));
Insert into JDBCTEST.SCORES_TBL (STU_ID,SUB_ID,DO_YEAR,SEMESTER,GUBUN,SCORE,EXAM_DATE) values ('STU046','SUB0002','2018','1','1',82.55,to_date('18/04/19','RR/MM/DD'));
Insert into JDBCTEST.SCORES_TBL (STU_ID,SUB_ID,DO_YEAR,SEMESTER,GUBUN,SCORE,EXAM_DATE) values ('STU046','SUB0003','2018','1','1',74.55,to_date('18/04/20','RR/MM/DD'));
Insert into JDBCTEST.SCORES_TBL (STU_ID,SUB_ID,DO_YEAR,SEMESTER,GUBUN,SCORE,EXAM_DATE) values ('STU046','SUB0004','2018','1','1',83,to_date('18/04/22','RR/MM/DD'));
Insert into JDBCTEST.SCORES_TBL (STU_ID,SUB_ID,DO_YEAR,SEMESTER,GUBUN,SCORE,EXAM_DATE) values ('STU046','SUB0058','2018','1','1',68.12,to_date('18/04/17','RR/MM/DD'));
Insert into JDBCTEST.SCORES_TBL (STU_ID,SUB_ID,DO_YEAR,SEMESTER,GUBUN,SCORE,EXAM_DATE) values ('STU046','SUB0070','2018','1','1',70,to_date('18/04/28','RR/MM/DD'));
Insert into JDBCTEST.SCORES_TBL (STU_ID,SUB_ID,DO_YEAR,SEMESTER,GUBUN,SCORE,EXAM_DATE) values ('STU046','SUB0001','2018','1','2',94.12,to_date('18/06/25','RR/MM/DD'));
Insert into JDBCTEST.SCORES_TBL (STU_ID,SUB_ID,DO_YEAR,SEMESTER,GUBUN,SCORE,EXAM_DATE) values ('STU046','SUB0002','2018','1','2',78,to_date('18/06/26','RR/MM/DD'));
Insert into JDBCTEST.SCORES_TBL (STU_ID,SUB_ID,DO_YEAR,SEMESTER,GUBUN,SCORE,EXAM_DATE) values ('STU046','SUB0003','2018','1','2',85.55,to_date('18/06/27','RR/MM/DD'));
Insert into JDBCTEST.SCORES_TBL (STU_ID,SUB_ID,DO_YEAR,SEMESTER,GUBUN,SCORE,EXAM_DATE) values ('STU046','SUB0004','2018','1','2',90.12,to_date('18/06/26','RR/MM/DD'));
Insert into JDBCTEST.SCORES_TBL (STU_ID,SUB_ID,DO_YEAR,SEMESTER,GUBUN,SCORE,EXAM_DATE) values ('STU046','SUB0058','2018','1','2',78.55,to_date('18/06/28','RR/MM/DD'));
Insert into JDBCTEST.SCORES_TBL (STU_ID,SUB_ID,DO_YEAR,SEMESTER,GUBUN,SCORE,EXAM_DATE) values ('STU046','SUB0070','2018','1','2',64.5,to_date('18/06/27','RR/MM/DD'));
Insert into JDBCTEST.SCORES_TBL (STU_ID,SUB_ID,DO_YEAR,SEMESTER,GUBUN,SCORE,EXAM_DATE) values ('STU032','SUB0005','2018','1','1',85.5,to_date('18/04/22','RR/MM/DD'));
Insert into JDBCTEST.SCORES_TBL (STU_ID,SUB_ID,DO_YEAR,SEMESTER,GUBUN,SCORE,EXAM_DATE) values ('STU032','SUB0002','2018','1','1',81,to_date('18/04/19','RR/MM/DD'));
Insert into JDBCTEST.SCORES_TBL (STU_ID,SUB_ID,DO_YEAR,SEMESTER,GUBUN,SCORE,EXAM_DATE) values ('STU032','SUB0006','2018','1','1',84.25,to_date('18/04/23','RR/MM/DD'));
Insert into JDBCTEST.SCORES_TBL (STU_ID,SUB_ID,DO_YEAR,SEMESTER,GUBUN,SCORE,EXAM_DATE) values ('STU032','SUB0004','2018','1','1',79.25,to_date('18/04/22','RR/MM/DD'));
Insert into JDBCTEST.SCORES_TBL (STU_ID,SUB_ID,DO_YEAR,SEMESTER,GUBUN,SCORE,EXAM_DATE) values ('STU032','SUB0007','2018','1','1',80.55,to_date('18/04/22','RR/MM/DD'));
Insert into JDBCTEST.SCORES_TBL (STU_ID,SUB_ID,DO_YEAR,SEMESTER,GUBUN,SCORE,EXAM_DATE) values ('STU032','SUB0005','2018','1','2',74.97,to_date('18/06/28','RR/MM/DD'));
Insert into JDBCTEST.SCORES_TBL (STU_ID,SUB_ID,DO_YEAR,SEMESTER,GUBUN,SCORE,EXAM_DATE) values ('STU032','SUB0002','2018','1','2',80.25,to_date('18/06/26','RR/MM/DD'));
Insert into JDBCTEST.SCORES_TBL (STU_ID,SUB_ID,DO_YEAR,SEMESTER,GUBUN,SCORE,EXAM_DATE) values ('STU032','SUB0006','2018','1','2',90.25,to_date('18/06/27','RR/MM/DD'));
Insert into JDBCTEST.SCORES_TBL (STU_ID,SUB_ID,DO_YEAR,SEMESTER,GUBUN,SCORE,EXAM_DATE) values ('STU032','SUB0004','2018','1','2',91.45,to_date('18/06/26','RR/MM/DD'));
Insert into JDBCTEST.SCORES_TBL (STU_ID,SUB_ID,DO_YEAR,SEMESTER,GUBUN,SCORE,EXAM_DATE) values ('STU032','SUB0007','2018','1','2',85.85,to_date('18/06/25','RR/MM/DD'));
Insert into JDBCTEST.SCORES_TBL (STU_ID,SUB_ID,DO_YEAR,SEMESTER,GUBUN,SCORE,EXAM_DATE) values ('STU061','SUB0005','2018','1','1',68,to_date('18/04/22','RR/MM/DD'));
Insert into JDBCTEST.SCORES_TBL (STU_ID,SUB_ID,DO_YEAR,SEMESTER,GUBUN,SCORE,EXAM_DATE) values ('STU061','SUB0006','2018','1','1',70.12,to_date('18/04/23','RR/MM/DD'));
Insert into JDBCTEST.SCORES_TBL (STU_ID,SUB_ID,DO_YEAR,SEMESTER,GUBUN,SCORE,EXAM_DATE) values ('STU061','SUB0066','2018','1','1',78.55,to_date('18/04/22','RR/MM/DD'));
Insert into JDBCTEST.SCORES_TBL (STU_ID,SUB_ID,DO_YEAR,SEMESTER,GUBUN,SCORE,EXAM_DATE) values ('STU061','SUB0073','2018','1','1',65.25,to_date('18/04/23','RR/MM/DD'));
Insert into JDBCTEST.SCORES_TBL (STU_ID,SUB_ID,DO_YEAR,SEMESTER,GUBUN,SCORE,EXAM_DATE) values ('STU061','SUB0074','2018','1','1',90.45,to_date('18/04/24','RR/MM/DD'));
Insert into JDBCTEST.SCORES_TBL (STU_ID,SUB_ID,DO_YEAR,SEMESTER,GUBUN,SCORE,EXAM_DATE) values ('STU061','SUB0057','2018','1','1',57.55,to_date('18/04/30','RR/MM/DD'));
Insert into JDBCTEST.SCORES_TBL (STU_ID,SUB_ID,DO_YEAR,SEMESTER,GUBUN,SCORE,EXAM_DATE) values ('STU061','SUB0005','2018','1','2',81.22,to_date('18/06/28','RR/MM/DD'));
Insert into JDBCTEST.SCORES_TBL (STU_ID,SUB_ID,DO_YEAR,SEMESTER,GUBUN,SCORE,EXAM_DATE) values ('STU061','SUB0006','2018','1','2',80.25,to_date('18/06/27','RR/MM/DD'));
Insert into JDBCTEST.SCORES_TBL (STU_ID,SUB_ID,DO_YEAR,SEMESTER,GUBUN,SCORE,EXAM_DATE) values ('STU061','SUB0066','2018','1','2',78.4,to_date('18/06/29','RR/MM/DD'));
Insert into JDBCTEST.SCORES_TBL (STU_ID,SUB_ID,DO_YEAR,SEMESTER,GUBUN,SCORE,EXAM_DATE) values ('STU061','SUB0073','2018','1','2',77,to_date('18/06/29','RR/MM/DD'));
Insert into JDBCTEST.SCORES_TBL (STU_ID,SUB_ID,DO_YEAR,SEMESTER,GUBUN,SCORE,EXAM_DATE) values ('STU061','SUB0074','2018','1','2',78.25,to_date('18/06/25','RR/MM/DD'));
Insert into JDBCTEST.SCORES_TBL (STU_ID,SUB_ID,DO_YEAR,SEMESTER,GUBUN,SCORE,EXAM_DATE) values ('STU061','SUB0057','2018','1','2',55,to_date('18/06/29','RR/MM/DD'));
Insert into JDBCTEST.SCORES_TBL (STU_ID,SUB_ID,DO_YEAR,SEMESTER,GUBUN,SCORE,EXAM_DATE) values ('STU064','SUB0045','2018','1','1',80.25,to_date('18/04/20','RR/MM/DD'));
Insert into JDBCTEST.SCORES_TBL (STU_ID,SUB_ID,DO_YEAR,SEMESTER,GUBUN,SCORE,EXAM_DATE) values ('STU064','SUB0005','2018','1','1',79,to_date('18/04/22','RR/MM/DD'));
Insert into JDBCTEST.SCORES_TBL (STU_ID,SUB_ID,DO_YEAR,SEMESTER,GUBUN,SCORE,EXAM_DATE) values ('STU064','SUB0006','2018','1','1',81,to_date('18/04/23','RR/MM/DD'));
Insert into JDBCTEST.SCORES_TBL (STU_ID,SUB_ID,DO_YEAR,SEMESTER,GUBUN,SCORE,EXAM_DATE) values ('STU064','SUB0007','2018','1','1',75.12,to_date('18/04/22','RR/MM/DD'));
Insert into JDBCTEST.SCORES_TBL (STU_ID,SUB_ID,DO_YEAR,SEMESTER,GUBUN,SCORE,EXAM_DATE) values ('STU064','SUB0005','2018','1','2',63.25,to_date('18/06/28','RR/MM/DD'));
Insert into JDBCTEST.SCORES_TBL (STU_ID,SUB_ID,DO_YEAR,SEMESTER,GUBUN,SCORE,EXAM_DATE) values ('STU064','SUB0006','2018','1','2',71.55,to_date('18/06/27','RR/MM/DD'));
Insert into JDBCTEST.SCORES_TBL (STU_ID,SUB_ID,DO_YEAR,SEMESTER,GUBUN,SCORE,EXAM_DATE) values ('STU064','SUB0007','2018','1','2',82.15,to_date('18/06/25','RR/MM/DD'));
Insert into JDBCTEST.SCORES_TBL (STU_ID,SUB_ID,DO_YEAR,SEMESTER,GUBUN,SCORE,EXAM_DATE) values ('STU066','SUB0054','2018','1','1',58,to_date('18/04/19','RR/MM/DD'));
Insert into JDBCTEST.SCORES_TBL (STU_ID,SUB_ID,DO_YEAR,SEMESTER,GUBUN,SCORE,EXAM_DATE) values ('STU066','SUB0055','2018','1','1',97.25,to_date('18/04/22','RR/MM/DD'));
Insert into JDBCTEST.SCORES_TBL (STU_ID,SUB_ID,DO_YEAR,SEMESTER,GUBUN,SCORE,EXAM_DATE) values ('STU066','SUB0056','2018','1','1',88.15,to_date('18/04/29','RR/MM/DD'));
Insert into JDBCTEST.SCORES_TBL (STU_ID,SUB_ID,DO_YEAR,SEMESTER,GUBUN,SCORE,EXAM_DATE) values ('STU066','SUB0004','2018','1','1',80.55,to_date('18/04/22','RR/MM/DD'));
Insert into JDBCTEST.SCORES_TBL (STU_ID,SUB_ID,DO_YEAR,SEMESTER,GUBUN,SCORE,EXAM_DATE) values ('STU066','SUB0007','2018','1','1',90,to_date('18/04/22','RR/MM/DD'));
Insert into JDBCTEST.SCORES_TBL (STU_ID,SUB_ID,DO_YEAR,SEMESTER,GUBUN,SCORE,EXAM_DATE) values ('STU066','SUB0054','2018','1','2',97.87,to_date('18/06/27','RR/MM/DD'));
Insert into JDBCTEST.SCORES_TBL (STU_ID,SUB_ID,DO_YEAR,SEMESTER,GUBUN,SCORE,EXAM_DATE) values ('STU066','SUB0055','2018','1','2',78.25,to_date('18/06/26','RR/MM/DD'));
Insert into JDBCTEST.SCORES_TBL (STU_ID,SUB_ID,DO_YEAR,SEMESTER,GUBUN,SCORE,EXAM_DATE) values ('STU066','SUB0056','2018','1','2',78.55,to_date('18/06/26','RR/MM/DD'));
Insert into JDBCTEST.SCORES_TBL (STU_ID,SUB_ID,DO_YEAR,SEMESTER,GUBUN,SCORE,EXAM_DATE) values ('STU066','SUB0004','2018','1','2',88.15,to_date('18/06/26','RR/MM/DD'));
Insert into JDBCTEST.SCORES_TBL (STU_ID,SUB_ID,DO_YEAR,SEMESTER,GUBUN,SCORE,EXAM_DATE) values ('STU066','SUB0007','2018','1','2',89,to_date('18/06/25','RR/MM/DD'));
Insert into JDBCTEST.SCORES_TBL (STU_ID,SUB_ID,DO_YEAR,SEMESTER,GUBUN,SCORE,EXAM_DATE) values ('STU002','SUB0005','2018','1','1',81.51,to_date('18/04/22','RR/MM/DD'));
Insert into JDBCTEST.SCORES_TBL (STU_ID,SUB_ID,DO_YEAR,SEMESTER,GUBUN,SCORE,EXAM_DATE) values ('STU002','SUB0012','2018','1','1',77.67,to_date('18/04/24','RR/MM/DD'));
Insert into JDBCTEST.SCORES_TBL (STU_ID,SUB_ID,DO_YEAR,SEMESTER,GUBUN,SCORE,EXAM_DATE) values ('STU002','SUB0006','2018','1','1',55,to_date('18/04/23','RR/MM/DD'));
Insert into JDBCTEST.SCORES_TBL (STU_ID,SUB_ID,DO_YEAR,SEMESTER,GUBUN,SCORE,EXAM_DATE) values ('STU002','SUB0004','2018','1','1',90.45,to_date('18/04/22','RR/MM/DD'));
Insert into JDBCTEST.SCORES_TBL (STU_ID,SUB_ID,DO_YEAR,SEMESTER,GUBUN,SCORE,EXAM_DATE) values ('STU002','SUB0007','2018','1','1',67.85,to_date('18/04/22','RR/MM/DD'));
Insert into JDBCTEST.SCORES_TBL (STU_ID,SUB_ID,DO_YEAR,SEMESTER,GUBUN,SCORE,EXAM_DATE) values ('STU002','SUB0005','2018','1','2',38.25,to_date('18/06/28','RR/MM/DD'));
Insert into JDBCTEST.SCORES_TBL (STU_ID,SUB_ID,DO_YEAR,SEMESTER,GUBUN,SCORE,EXAM_DATE) values ('STU002','SUB0012','2018','1','2',90,to_date('18/06/29','RR/MM/DD'));
Insert into JDBCTEST.SCORES_TBL (STU_ID,SUB_ID,DO_YEAR,SEMESTER,GUBUN,SCORE,EXAM_DATE) values ('STU002','SUB0006','2018','1','2',44.27,to_date('18/06/27','RR/MM/DD'));
Insert into JDBCTEST.SCORES_TBL (STU_ID,SUB_ID,DO_YEAR,SEMESTER,GUBUN,SCORE,EXAM_DATE) values ('STU002','SUB0004','2018','1','2',38,to_date('18/06/26','RR/MM/DD'));
Insert into JDBCTEST.SCORES_TBL (STU_ID,SUB_ID,DO_YEAR,SEMESTER,GUBUN,SCORE,EXAM_DATE) values ('STU002','SUB0007','2018','1','2',70.55,to_date('18/06/25','RR/MM/DD'));
Insert into JDBCTEST.SCORES_TBL (STU_ID,SUB_ID,DO_YEAR,SEMESTER,GUBUN,SCORE,EXAM_DATE) values ('STU037','SUB0008','2018','1','1',65,to_date('18/04/20','RR/MM/DD'));
Insert into JDBCTEST.SCORES_TBL (STU_ID,SUB_ID,DO_YEAR,SEMESTER,GUBUN,SCORE,EXAM_DATE) values ('STU037','SUB0009','2018','1','1',77,to_date('18/04/20','RR/MM/DD'));
Insert into JDBCTEST.SCORES_TBL (STU_ID,SUB_ID,DO_YEAR,SEMESTER,GUBUN,SCORE,EXAM_DATE) values ('STU037','SUB0010','2018','1','1',80.02,to_date('18/04/23','RR/MM/DD'));
Insert into JDBCTEST.SCORES_TBL (STU_ID,SUB_ID,DO_YEAR,SEMESTER,GUBUN,SCORE,EXAM_DATE) values ('STU037','SUB0011','2018','1','1',75.45,to_date('18/04/22','RR/MM/DD'));
Insert into JDBCTEST.SCORES_TBL (STU_ID,SUB_ID,DO_YEAR,SEMESTER,GUBUN,SCORE,EXAM_DATE) values ('STU037','SUB0012','2018','1','1',82.88,to_date('18/04/24','RR/MM/DD'));
Insert into JDBCTEST.SCORES_TBL (STU_ID,SUB_ID,DO_YEAR,SEMESTER,GUBUN,SCORE,EXAM_DATE) values ('STU037','SUB0008','2018','1','2',70.11,to_date('18/06/26','RR/MM/DD'));
Insert into JDBCTEST.SCORES_TBL (STU_ID,SUB_ID,DO_YEAR,SEMESTER,GUBUN,SCORE,EXAM_DATE) values ('STU037','SUB0009','2018','1','2',72.5,to_date('18/06/28','RR/MM/DD'));
Insert into JDBCTEST.SCORES_TBL (STU_ID,SUB_ID,DO_YEAR,SEMESTER,GUBUN,SCORE,EXAM_DATE) values ('STU037','SUB0010','2018','1','2',90.44,to_date('18/06/26','RR/MM/DD'));
Insert into JDBCTEST.SCORES_TBL (STU_ID,SUB_ID,DO_YEAR,SEMESTER,GUBUN,SCORE,EXAM_DATE) values ('STU037','SUB0011','2018','1','2',87.11,to_date('18/06/25','RR/MM/DD'));
Insert into JDBCTEST.SCORES_TBL (STU_ID,SUB_ID,DO_YEAR,SEMESTER,GUBUN,SCORE,EXAM_DATE) values ('STU037','SUB0012','2018','1','2',62.88,to_date('18/06/29','RR/MM/DD'));
Insert into JDBCTEST.SCORES_TBL (STU_ID,SUB_ID,DO_YEAR,SEMESTER,GUBUN,SCORE,EXAM_DATE) values ('STU038','SUB0013','2018','1','1',98.1,to_date('18/04/25','RR/MM/DD'));
Insert into JDBCTEST.SCORES_TBL (STU_ID,SUB_ID,DO_YEAR,SEMESTER,GUBUN,SCORE,EXAM_DATE) values ('STU038','SUB0009','2018','1','1',90.25,to_date('18/04/20','RR/MM/DD'));
Insert into JDBCTEST.SCORES_TBL (STU_ID,SUB_ID,DO_YEAR,SEMESTER,GUBUN,SCORE,EXAM_DATE) values ('STU038','SUB0010','2018','1','1',87.25,to_date('18/04/23','RR/MM/DD'));
Insert into JDBCTEST.SCORES_TBL (STU_ID,SUB_ID,DO_YEAR,SEMESTER,GUBUN,SCORE,EXAM_DATE) values ('STU038','SUB0011','2018','1','1',78,to_date('18/04/22','RR/MM/DD'));
Insert into JDBCTEST.SCORES_TBL (STU_ID,SUB_ID,DO_YEAR,SEMESTER,GUBUN,SCORE,EXAM_DATE) values ('STU038','SUB0012','2018','1','1',80.65,to_date('18/04/24','RR/MM/DD'));
Insert into JDBCTEST.SCORES_TBL (STU_ID,SUB_ID,DO_YEAR,SEMESTER,GUBUN,SCORE,EXAM_DATE) values ('STU038','SUB0013','2018','1','2',78.25,to_date('18/06/27','RR/MM/DD'));
Insert into JDBCTEST.SCORES_TBL (STU_ID,SUB_ID,DO_YEAR,SEMESTER,GUBUN,SCORE,EXAM_DATE) values ('STU038','SUB0009','2018','1','2',90,to_date('18/06/28','RR/MM/DD'));
Insert into JDBCTEST.SCORES_TBL (STU_ID,SUB_ID,DO_YEAR,SEMESTER,GUBUN,SCORE,EXAM_DATE) values ('STU038','SUB0010','2018','1','2',87.22,to_date('18/06/26','RR/MM/DD'));
Insert into JDBCTEST.SCORES_TBL (STU_ID,SUB_ID,DO_YEAR,SEMESTER,GUBUN,SCORE,EXAM_DATE) values ('STU038','SUB0011','2018','1','2',79.25,to_date('18/06/25','RR/MM/DD'));
Insert into JDBCTEST.SCORES_TBL (STU_ID,SUB_ID,DO_YEAR,SEMESTER,GUBUN,SCORE,EXAM_DATE) values ('STU038','SUB0012','2018','1','2',87.79,to_date('18/06/29','RR/MM/DD'));
Insert into JDBCTEST.SCORES_TBL (STU_ID,SUB_ID,DO_YEAR,SEMESTER,GUBUN,SCORE,EXAM_DATE) values ('STU058','SUB0013','2018','1','1',88,to_date('18/04/25','RR/MM/DD'));
Insert into JDBCTEST.SCORES_TBL (STU_ID,SUB_ID,DO_YEAR,SEMESTER,GUBUN,SCORE,EXAM_DATE) values ('STU058','SUB0009','2018','1','1',77.51,to_date('18/04/20','RR/MM/DD'));
Insert into JDBCTEST.SCORES_TBL (STU_ID,SUB_ID,DO_YEAR,SEMESTER,GUBUN,SCORE,EXAM_DATE) values ('STU058','SUB0010','2018','1','1',91.25,to_date('18/04/23','RR/MM/DD'));
Insert into JDBCTEST.SCORES_TBL (STU_ID,SUB_ID,DO_YEAR,SEMESTER,GUBUN,SCORE,EXAM_DATE) values ('STU058','SUB0011','2018','1','1',64.52,to_date('18/04/22','RR/MM/DD'));
Insert into JDBCTEST.SCORES_TBL (STU_ID,SUB_ID,DO_YEAR,SEMESTER,GUBUN,SCORE,EXAM_DATE) values ('STU058','SUB0012','2018','1','1',79,to_date('18/04/24','RR/MM/DD'));
Insert into JDBCTEST.SCORES_TBL (STU_ID,SUB_ID,DO_YEAR,SEMESTER,GUBUN,SCORE,EXAM_DATE) values ('STU058','SUB0030','2018','1','1',82.1,to_date('18/04/23','RR/MM/DD'));
Insert into JDBCTEST.SCORES_TBL (STU_ID,SUB_ID,DO_YEAR,SEMESTER,GUBUN,SCORE,EXAM_DATE) values ('STU058','SUB0013','2018','1','2',79.05,to_date('18/06/27','RR/MM/DD'));
Insert into JDBCTEST.SCORES_TBL (STU_ID,SUB_ID,DO_YEAR,SEMESTER,GUBUN,SCORE,EXAM_DATE) values ('STU058','SUB0009','2018','1','2',80,to_date('18/06/28','RR/MM/DD'));
Insert into JDBCTEST.SCORES_TBL (STU_ID,SUB_ID,DO_YEAR,SEMESTER,GUBUN,SCORE,EXAM_DATE) values ('STU058','SUB0010','2018','1','2',64.52,to_date('18/06/26','RR/MM/DD'));
Insert into JDBCTEST.SCORES_TBL (STU_ID,SUB_ID,DO_YEAR,SEMESTER,GUBUN,SCORE,EXAM_DATE) values ('STU058','SUB0011','2018','1','2',91,to_date('18/06/25','RR/MM/DD'));
Insert into JDBCTEST.SCORES_TBL (STU_ID,SUB_ID,DO_YEAR,SEMESTER,GUBUN,SCORE,EXAM_DATE) values ('STU058','SUB0012','2018','1','2',88.87,to_date('18/06/29','RR/MM/DD'));
Insert into JDBCTEST.SCORES_TBL (STU_ID,SUB_ID,DO_YEAR,SEMESTER,GUBUN,SCORE,EXAM_DATE) values ('STU058','SUB0030','2018','1','2',85.23,to_date('18/06/25','RR/MM/DD'));
Insert into JDBCTEST.SCORES_TBL (STU_ID,SUB_ID,DO_YEAR,SEMESTER,GUBUN,SCORE,EXAM_DATE) values ('STU059','SUB0013','2018','1','1',75.22,to_date('18/04/25','RR/MM/DD'));
Insert into JDBCTEST.SCORES_TBL (STU_ID,SUB_ID,DO_YEAR,SEMESTER,GUBUN,SCORE,EXAM_DATE) values ('STU059','SUB0009','2018','1','1',68,to_date('18/04/20','RR/MM/DD'));
Insert into JDBCTEST.SCORES_TBL (STU_ID,SUB_ID,DO_YEAR,SEMESTER,GUBUN,SCORE,EXAM_DATE) values ('STU059','SUB0010','2018','1','1',84.17,to_date('18/04/23','RR/MM/DD'));
Insert into JDBCTEST.SCORES_TBL (STU_ID,SUB_ID,DO_YEAR,SEMESTER,GUBUN,SCORE,EXAM_DATE) values ('STU059','SUB0011','2018','1','1',78.97,to_date('18/04/22','RR/MM/DD'));
Insert into JDBCTEST.SCORES_TBL (STU_ID,SUB_ID,DO_YEAR,SEMESTER,GUBUN,SCORE,EXAM_DATE) values ('STU059','SUB0012','2018','1','1',80,to_date('18/04/24','RR/MM/DD'));
Insert into JDBCTEST.SCORES_TBL (STU_ID,SUB_ID,DO_YEAR,SEMESTER,GUBUN,SCORE,EXAM_DATE) values ('STU059','SUB0057','2018','1','1',69,to_date('18/04/30','RR/MM/DD'));
Insert into JDBCTEST.SCORES_TBL (STU_ID,SUB_ID,DO_YEAR,SEMESTER,GUBUN,SCORE,EXAM_DATE) values ('STU059','SUB0045','2018','1','1',70.22,to_date('18/04/20','RR/MM/DD'));
Insert into JDBCTEST.SCORES_TBL (STU_ID,SUB_ID,DO_YEAR,SEMESTER,GUBUN,SCORE,EXAM_DATE) values ('STU059','SUB0013','2018','1','2',82.87,to_date('18/06/27','RR/MM/DD'));
Insert into JDBCTEST.SCORES_TBL (STU_ID,SUB_ID,DO_YEAR,SEMESTER,GUBUN,SCORE,EXAM_DATE) values ('STU059','SUB0009','2018','1','2',71.1,to_date('18/06/28','RR/MM/DD'));
Insert into JDBCTEST.SCORES_TBL (STU_ID,SUB_ID,DO_YEAR,SEMESTER,GUBUN,SCORE,EXAM_DATE) values ('STU059','SUB0010','2018','1','2',74.25,to_date('18/06/26','RR/MM/DD'));
Insert into JDBCTEST.SCORES_TBL (STU_ID,SUB_ID,DO_YEAR,SEMESTER,GUBUN,SCORE,EXAM_DATE) values ('STU059','SUB0011','2018','1','2',88.1,to_date('18/06/25','RR/MM/DD'));
Insert into JDBCTEST.SCORES_TBL (STU_ID,SUB_ID,DO_YEAR,SEMESTER,GUBUN,SCORE,EXAM_DATE) values ('STU059','SUB0012','2018','1','2',78.39,to_date('18/06/29','RR/MM/DD'));
Insert into JDBCTEST.SCORES_TBL (STU_ID,SUB_ID,DO_YEAR,SEMESTER,GUBUN,SCORE,EXAM_DATE) values ('STU059','SUB0057','2018','1','2',84.11,to_date('18/06/29','RR/MM/DD'));
Insert into JDBCTEST.SCORES_TBL (STU_ID,SUB_ID,DO_YEAR,SEMESTER,GUBUN,SCORE,EXAM_DATE) values ('STU059','SUB0045','2018','1','2',90,to_date('18/06/29','RR/MM/DD'));
Insert into JDBCTEST.SCORES_TBL (STU_ID,SUB_ID,DO_YEAR,SEMESTER,GUBUN,SCORE,EXAM_DATE) values ('STU073','SUB0008','2018','1','1',83,to_date('18/04/20','RR/MM/DD'));
Insert into JDBCTEST.SCORES_TBL (STU_ID,SUB_ID,DO_YEAR,SEMESTER,GUBUN,SCORE,EXAM_DATE) values ('STU073','SUB0009','2018','1','1',57.11,to_date('18/04/20','RR/MM/DD'));
Insert into JDBCTEST.SCORES_TBL (STU_ID,SUB_ID,DO_YEAR,SEMESTER,GUBUN,SCORE,EXAM_DATE) values ('STU073','SUB0010','2018','1','1',81.5,to_date('18/04/23','RR/MM/DD'));
Insert into JDBCTEST.SCORES_TBL (STU_ID,SUB_ID,DO_YEAR,SEMESTER,GUBUN,SCORE,EXAM_DATE) values ('STU073','SUB0011','2018','1','1',68.2,to_date('18/04/22','RR/MM/DD'));
Insert into JDBCTEST.SCORES_TBL (STU_ID,SUB_ID,DO_YEAR,SEMESTER,GUBUN,SCORE,EXAM_DATE) values ('STU073','SUB0008','2018','1','2',47.85,to_date('18/06/26','RR/MM/DD'));
Insert into JDBCTEST.SCORES_TBL (STU_ID,SUB_ID,DO_YEAR,SEMESTER,GUBUN,SCORE,EXAM_DATE) values ('STU073','SUB0009','2018','1','2',55,to_date('18/06/28','RR/MM/DD'));
Insert into JDBCTEST.SCORES_TBL (STU_ID,SUB_ID,DO_YEAR,SEMESTER,GUBUN,SCORE,EXAM_DATE) values ('STU073','SUB0010','2018','1','2',50.25,to_date('18/06/26','RR/MM/DD'));
Insert into JDBCTEST.SCORES_TBL (STU_ID,SUB_ID,DO_YEAR,SEMESTER,GUBUN,SCORE,EXAM_DATE) values ('STU073','SUB0011','2018','1','2',66.44,to_date('18/06/25','RR/MM/DD'));
Insert into JDBCTEST.SCORES_TBL (STU_ID,SUB_ID,DO_YEAR,SEMESTER,GUBUN,SCORE,EXAM_DATE) values ('STU079','SUB0048','2018','1','1',59.43,to_date('18/04/19','RR/MM/DD'));
Insert into JDBCTEST.SCORES_TBL (STU_ID,SUB_ID,DO_YEAR,SEMESTER,GUBUN,SCORE,EXAM_DATE) values ('STU079','SUB0009','2018','1','1',61.22,to_date('18/04/20','RR/MM/DD'));
Insert into JDBCTEST.SCORES_TBL (STU_ID,SUB_ID,DO_YEAR,SEMESTER,GUBUN,SCORE,EXAM_DATE) values ('STU079','SUB0064','2018','1','1',78,to_date('18/04/28','RR/MM/DD'));
Insert into JDBCTEST.SCORES_TBL (STU_ID,SUB_ID,DO_YEAR,SEMESTER,GUBUN,SCORE,EXAM_DATE) values ('STU079','SUB0011','2018','1','1',81,to_date('18/04/22','RR/MM/DD'));
Insert into JDBCTEST.SCORES_TBL (STU_ID,SUB_ID,DO_YEAR,SEMESTER,GUBUN,SCORE,EXAM_DATE) values ('STU079','SUB0012','2018','1','1',83.17,to_date('18/04/24','RR/MM/DD'));
Insert into JDBCTEST.SCORES_TBL (STU_ID,SUB_ID,DO_YEAR,SEMESTER,GUBUN,SCORE,EXAM_DATE) values ('STU079','SUB0056','2018','1','1',90.05,to_date('18/04/29','RR/MM/DD'));
Insert into JDBCTEST.SCORES_TBL (STU_ID,SUB_ID,DO_YEAR,SEMESTER,GUBUN,SCORE,EXAM_DATE) values ('STU079','SUB0048','2018','1','2',58.22,to_date('18/06/25','RR/MM/DD'));
Insert into JDBCTEST.SCORES_TBL (STU_ID,SUB_ID,DO_YEAR,SEMESTER,GUBUN,SCORE,EXAM_DATE) values ('STU079','SUB0009','2018','1','2',91.15,to_date('18/06/28','RR/MM/DD'));
Insert into JDBCTEST.SCORES_TBL (STU_ID,SUB_ID,DO_YEAR,SEMESTER,GUBUN,SCORE,EXAM_DATE) values ('STU079','SUB0064','2018','1','2',88,to_date('18/06/26','RR/MM/DD'));
Insert into JDBCTEST.SCORES_TBL (STU_ID,SUB_ID,DO_YEAR,SEMESTER,GUBUN,SCORE,EXAM_DATE) values ('STU079','SUB0011','2018','1','2',67.22,to_date('18/06/25','RR/MM/DD'));
Insert into JDBCTEST.SCORES_TBL (STU_ID,SUB_ID,DO_YEAR,SEMESTER,GUBUN,SCORE,EXAM_DATE) values ('STU079','SUB0012','2018','1','2',74.87,to_date('18/06/29','RR/MM/DD'));
Insert into JDBCTEST.SCORES_TBL (STU_ID,SUB_ID,DO_YEAR,SEMESTER,GUBUN,SCORE,EXAM_DATE) values ('STU079','SUB0056','2018','1','2',75.12,to_date('18/06/26','RR/MM/DD'));
Insert into JDBCTEST.SCORES_TBL (STU_ID,SUB_ID,DO_YEAR,SEMESTER,GUBUN,SCORE,EXAM_DATE) values ('STU081','SUB0072','2018','1','1',78,to_date('18/04/19','RR/MM/DD'));
Insert into JDBCTEST.SCORES_TBL (STU_ID,SUB_ID,DO_YEAR,SEMESTER,GUBUN,SCORE,EXAM_DATE) values ('STU081','SUB0009','2018','1','1',81.21,to_date('18/04/20','RR/MM/DD'));
Insert into JDBCTEST.SCORES_TBL (STU_ID,SUB_ID,DO_YEAR,SEMESTER,GUBUN,SCORE,EXAM_DATE) values ('STU081','SUB0010','2018','1','1',90.11,to_date('18/04/23','RR/MM/DD'));
Insert into JDBCTEST.SCORES_TBL (STU_ID,SUB_ID,DO_YEAR,SEMESTER,GUBUN,SCORE,EXAM_DATE) values ('STU081','SUB0011','2018','1','1',94.55,to_date('18/04/22','RR/MM/DD'));
Insert into JDBCTEST.SCORES_TBL (STU_ID,SUB_ID,DO_YEAR,SEMESTER,GUBUN,SCORE,EXAM_DATE) values ('STU081','SUB0012','2018','1','1',87.25,to_date('18/04/24','RR/MM/DD'));
Insert into JDBCTEST.SCORES_TBL (STU_ID,SUB_ID,DO_YEAR,SEMESTER,GUBUN,SCORE,EXAM_DATE) values ('STU081','SUB0013','2018','1','1',67.11,to_date('18/04/25','RR/MM/DD'));
Insert into JDBCTEST.SCORES_TBL (STU_ID,SUB_ID,DO_YEAR,SEMESTER,GUBUN,SCORE,EXAM_DATE) values ('STU081','SUB0072','2018','1','2',69.45,to_date('18/06/26','RR/MM/DD'));
Insert into JDBCTEST.SCORES_TBL (STU_ID,SUB_ID,DO_YEAR,SEMESTER,GUBUN,SCORE,EXAM_DATE) values ('STU081','SUB0009','2018','1','2',88.56,to_date('18/06/28','RR/MM/DD'));
Insert into JDBCTEST.SCORES_TBL (STU_ID,SUB_ID,DO_YEAR,SEMESTER,GUBUN,SCORE,EXAM_DATE) values ('STU081','SUB0010','2018','1','2',90.25,to_date('18/06/26','RR/MM/DD'));
Insert into JDBCTEST.SCORES_TBL (STU_ID,SUB_ID,DO_YEAR,SEMESTER,GUBUN,SCORE,EXAM_DATE) values ('STU081','SUB0011','2018','1','2',91.21,to_date('18/06/25','RR/MM/DD'));
Insert into JDBCTEST.SCORES_TBL (STU_ID,SUB_ID,DO_YEAR,SEMESTER,GUBUN,SCORE,EXAM_DATE) values ('STU081','SUB0012','2018','1','2',54.02,to_date('18/06/29','RR/MM/DD'));
Insert into JDBCTEST.SCORES_TBL (STU_ID,SUB_ID,DO_YEAR,SEMESTER,GUBUN,SCORE,EXAM_DATE) values ('STU081','SUB0013','2018','1','2',71.1,to_date('18/06/27','RR/MM/DD'));
Insert into JDBCTEST.SCORES_TBL (STU_ID,SUB_ID,DO_YEAR,SEMESTER,GUBUN,SCORE,EXAM_DATE) values ('STU086','SUB0086','2018','1','1',40.2,to_date('18/04/23','RR/MM/DD'));
Insert into JDBCTEST.SCORES_TBL (STU_ID,SUB_ID,DO_YEAR,SEMESTER,GUBUN,SCORE,EXAM_DATE) values ('STU086','SUB0008','2018','1','1',98,to_date('18/04/20','RR/MM/DD'));
Insert into JDBCTEST.SCORES_TBL (STU_ID,SUB_ID,DO_YEAR,SEMESTER,GUBUN,SCORE,EXAM_DATE) values ('STU086','SUB0010','2018','1','1',99.12,to_date('18/04/23','RR/MM/DD'));
Insert into JDBCTEST.SCORES_TBL (STU_ID,SUB_ID,DO_YEAR,SEMESTER,GUBUN,SCORE,EXAM_DATE) values ('STU086','SUB0011','2018','1','1',89.65,to_date('18/04/22','RR/MM/DD'));
Insert into JDBCTEST.SCORES_TBL (STU_ID,SUB_ID,DO_YEAR,SEMESTER,GUBUN,SCORE,EXAM_DATE) values ('STU086','SUB0012','2018','1','1',88.07,to_date('18/04/24','RR/MM/DD'));
Insert into JDBCTEST.SCORES_TBL (STU_ID,SUB_ID,DO_YEAR,SEMESTER,GUBUN,SCORE,EXAM_DATE) values ('STU086','SUB0086','2018','1','2',72.25,to_date('18/06/27','RR/MM/DD'));
Insert into JDBCTEST.SCORES_TBL (STU_ID,SUB_ID,DO_YEAR,SEMESTER,GUBUN,SCORE,EXAM_DATE) values ('STU086','SUB0008','2018','1','2',87,to_date('18/06/26','RR/MM/DD'));
Insert into JDBCTEST.SCORES_TBL (STU_ID,SUB_ID,DO_YEAR,SEMESTER,GUBUN,SCORE,EXAM_DATE) values ('STU086','SUB0010','2018','1','2',88,to_date('18/06/26','RR/MM/DD'));
Insert into JDBCTEST.SCORES_TBL (STU_ID,SUB_ID,DO_YEAR,SEMESTER,GUBUN,SCORE,EXAM_DATE) values ('STU086','SUB0011','2018','1','2',78.1,to_date('18/06/25','RR/MM/DD'));
Insert into JDBCTEST.SCORES_TBL (STU_ID,SUB_ID,DO_YEAR,SEMESTER,GUBUN,SCORE,EXAM_DATE) values ('STU086','SUB0012','2018','1','2',87.22,to_date('18/06/29','RR/MM/DD'));
Insert into JDBCTEST.SCORES_TBL (STU_ID,SUB_ID,DO_YEAR,SEMESTER,GUBUN,SCORE,EXAM_DATE) values ('STU008','SUB0008','2018','1','1',68.55,to_date('18/04/20','RR/MM/DD'));
Insert into JDBCTEST.SCORES_TBL (STU_ID,SUB_ID,DO_YEAR,SEMESTER,GUBUN,SCORE,EXAM_DATE) values ('STU008','SUB0009','2018','1','1',71.2,to_date('18/04/20','RR/MM/DD'));
Insert into JDBCTEST.SCORES_TBL (STU_ID,SUB_ID,DO_YEAR,SEMESTER,GUBUN,SCORE,EXAM_DATE) values ('STU008','SUB0010','2018','1','1',70,to_date('18/04/23','RR/MM/DD'));
Insert into JDBCTEST.SCORES_TBL (STU_ID,SUB_ID,DO_YEAR,SEMESTER,GUBUN,SCORE,EXAM_DATE) values ('STU008','SUB0011','2018','1','1',66.25,to_date('18/04/22','RR/MM/DD'));
Insert into JDBCTEST.SCORES_TBL (STU_ID,SUB_ID,DO_YEAR,SEMESTER,GUBUN,SCORE,EXAM_DATE) values ('STU008','SUB0012','2018','1','1',72.25,to_date('18/04/24','RR/MM/DD'));
Insert into JDBCTEST.SCORES_TBL (STU_ID,SUB_ID,DO_YEAR,SEMESTER,GUBUN,SCORE,EXAM_DATE) values ('STU008','SUB0013','2018','1','1',80,to_date('18/04/25','RR/MM/DD'));
Insert into JDBCTEST.SCORES_TBL (STU_ID,SUB_ID,DO_YEAR,SEMESTER,GUBUN,SCORE,EXAM_DATE) values ('STU008','SUB0008','2018','1','2',79.44,to_date('18/06/26','RR/MM/DD'));
Insert into JDBCTEST.SCORES_TBL (STU_ID,SUB_ID,DO_YEAR,SEMESTER,GUBUN,SCORE,EXAM_DATE) values ('STU008','SUB0009','2018','1','2',70.02,to_date('18/06/28','RR/MM/DD'));
Insert into JDBCTEST.SCORES_TBL (STU_ID,SUB_ID,DO_YEAR,SEMESTER,GUBUN,SCORE,EXAM_DATE) values ('STU008','SUB0010','2018','1','2',88.55,to_date('18/06/26','RR/MM/DD'));
Insert into JDBCTEST.SCORES_TBL (STU_ID,SUB_ID,DO_YEAR,SEMESTER,GUBUN,SCORE,EXAM_DATE) values ('STU008','SUB0011','2018','1','2',72.25,to_date('18/06/25','RR/MM/DD'));
Insert into JDBCTEST.SCORES_TBL (STU_ID,SUB_ID,DO_YEAR,SEMESTER,GUBUN,SCORE,EXAM_DATE) values ('STU008','SUB0012','2018','1','2',69.55,to_date('18/06/29','RR/MM/DD'));
Insert into JDBCTEST.SCORES_TBL (STU_ID,SUB_ID,DO_YEAR,SEMESTER,GUBUN,SCORE,EXAM_DATE) values ('STU008','SUB0013','2018','1','2',88.12,to_date('18/06/27','RR/MM/DD'));
Insert into JDBCTEST.SCORES_TBL (STU_ID,SUB_ID,DO_YEAR,SEMESTER,GUBUN,SCORE,EXAM_DATE) values ('STU018','SUB0008','2018','1','1',78,to_date('18/04/20','RR/MM/DD'));
Insert into JDBCTEST.SCORES_TBL (STU_ID,SUB_ID,DO_YEAR,SEMESTER,GUBUN,SCORE,EXAM_DATE) values ('STU018','SUB0019','2018','1','1',89.12,to_date('18/04/19','RR/MM/DD'));
Insert into JDBCTEST.SCORES_TBL (STU_ID,SUB_ID,DO_YEAR,SEMESTER,GUBUN,SCORE,EXAM_DATE) values ('STU018','SUB0020','2018','1','1',93.55,to_date('18/04/23','RR/MM/DD'));
Insert into JDBCTEST.SCORES_TBL (STU_ID,SUB_ID,DO_YEAR,SEMESTER,GUBUN,SCORE,EXAM_DATE) values ('STU018','SUB0021','2018','1','1',58.5,to_date('18/04/24','RR/MM/DD'));
Insert into JDBCTEST.SCORES_TBL (STU_ID,SUB_ID,DO_YEAR,SEMESTER,GUBUN,SCORE,EXAM_DATE) values ('STU018','SUB0022','2018','1','1',70.44,to_date('18/04/25','RR/MM/DD'));
Insert into JDBCTEST.SCORES_TBL (STU_ID,SUB_ID,DO_YEAR,SEMESTER,GUBUN,SCORE,EXAM_DATE) values ('STU018','SUB0008','2018','1','2',91.25,to_date('18/06/26','RR/MM/DD'));
Insert into JDBCTEST.SCORES_TBL (STU_ID,SUB_ID,DO_YEAR,SEMESTER,GUBUN,SCORE,EXAM_DATE) values ('STU018','SUB0019','2018','1','2',88.44,to_date('18/06/26','RR/MM/DD'));
Insert into JDBCTEST.SCORES_TBL (STU_ID,SUB_ID,DO_YEAR,SEMESTER,GUBUN,SCORE,EXAM_DATE) values ('STU018','SUB0020','2018','1','2',61,to_date('18/06/29','RR/MM/DD'));
Insert into JDBCTEST.SCORES_TBL (STU_ID,SUB_ID,DO_YEAR,SEMESTER,GUBUN,SCORE,EXAM_DATE) values ('STU018','SUB0021','2018','1','2',84.15,to_date('18/06/27','RR/MM/DD'));
Insert into JDBCTEST.SCORES_TBL (STU_ID,SUB_ID,DO_YEAR,SEMESTER,GUBUN,SCORE,EXAM_DATE) values ('STU018','SUB0022','2018','1','2',55.44,to_date('18/06/25','RR/MM/DD'));
Insert into JDBCTEST.SCORES_TBL (STU_ID,SUB_ID,DO_YEAR,SEMESTER,GUBUN,SCORE,EXAM_DATE) values ('STU023','SUB0038','2018','1','1',70,to_date('18/04/19','RR/MM/DD'));
Insert into JDBCTEST.SCORES_TBL (STU_ID,SUB_ID,DO_YEAR,SEMESTER,GUBUN,SCORE,EXAM_DATE) values ('STU023','SUB0020','2018','1','1',81.54,to_date('18/04/23','RR/MM/DD'));
Insert into JDBCTEST.SCORES_TBL (STU_ID,SUB_ID,DO_YEAR,SEMESTER,GUBUN,SCORE,EXAM_DATE) values ('STU023','SUB0021','2018','1','1',80.91,to_date('18/04/24','RR/MM/DD'));
Insert into JDBCTEST.SCORES_TBL (STU_ID,SUB_ID,DO_YEAR,SEMESTER,GUBUN,SCORE,EXAM_DATE) values ('STU023','SUB0022','2018','1','1',65.71,to_date('18/04/25','RR/MM/DD'));
Insert into JDBCTEST.SCORES_TBL (STU_ID,SUB_ID,DO_YEAR,SEMESTER,GUBUN,SCORE,EXAM_DATE) values ('STU023','SUB0030','2018','1','1',70.71,to_date('18/04/23','RR/MM/DD'));
Insert into JDBCTEST.SCORES_TBL (STU_ID,SUB_ID,DO_YEAR,SEMESTER,GUBUN,SCORE,EXAM_DATE) values ('STU023','SUB0038','2018','1','2',90,to_date('18/06/27','RR/MM/DD'));
Insert into JDBCTEST.SCORES_TBL (STU_ID,SUB_ID,DO_YEAR,SEMESTER,GUBUN,SCORE,EXAM_DATE) values ('STU023','SUB0020','2018','1','2',82.22,to_date('18/06/29','RR/MM/DD'));
Insert into JDBCTEST.SCORES_TBL (STU_ID,SUB_ID,DO_YEAR,SEMESTER,GUBUN,SCORE,EXAM_DATE) values ('STU023','SUB0021','2018','1','2',55.44,to_date('18/06/27','RR/MM/DD'));
Insert into JDBCTEST.SCORES_TBL (STU_ID,SUB_ID,DO_YEAR,SEMESTER,GUBUN,SCORE,EXAM_DATE) values ('STU023','SUB0022','2018','1','2',78.02,to_date('18/06/25','RR/MM/DD'));
Insert into JDBCTEST.SCORES_TBL (STU_ID,SUB_ID,DO_YEAR,SEMESTER,GUBUN,SCORE,EXAM_DATE) values ('STU023','SUB0030','2018','1','2',99,to_date('18/06/25','RR/MM/DD'));
Insert into JDBCTEST.SCORES_TBL (STU_ID,SUB_ID,DO_YEAR,SEMESTER,GUBUN,SCORE,EXAM_DATE) values ('STU039','SUB0019','2018','1','1',56.49,to_date('18/04/19','RR/MM/DD'));
Insert into JDBCTEST.SCORES_TBL (STU_ID,SUB_ID,DO_YEAR,SEMESTER,GUBUN,SCORE,EXAM_DATE) values ('STU039','SUB0020','2018','1','1',90,to_date('18/04/23','RR/MM/DD'));
Insert into JDBCTEST.SCORES_TBL (STU_ID,SUB_ID,DO_YEAR,SEMESTER,GUBUN,SCORE,EXAM_DATE) values ('STU039','SUB0021','2018','1','1',88.11,to_date('18/04/24','RR/MM/DD'));
Insert into JDBCTEST.SCORES_TBL (STU_ID,SUB_ID,DO_YEAR,SEMESTER,GUBUN,SCORE,EXAM_DATE) values ('STU039','SUB0022','2018','1','1',61.25,to_date('18/04/25','RR/MM/DD'));
Insert into JDBCTEST.SCORES_TBL (STU_ID,SUB_ID,DO_YEAR,SEMESTER,GUBUN,SCORE,EXAM_DATE) values ('STU039','SUB0084','2018','1','1',54.99,to_date('18/04/24','RR/MM/DD'));
Insert into JDBCTEST.SCORES_TBL (STU_ID,SUB_ID,DO_YEAR,SEMESTER,GUBUN,SCORE,EXAM_DATE) values ('STU039','SUB0080','2018','1','1',58,to_date('18/04/30','RR/MM/DD'));
Insert into JDBCTEST.SCORES_TBL (STU_ID,SUB_ID,DO_YEAR,SEMESTER,GUBUN,SCORE,EXAM_DATE) values ('STU039','SUB0019','2018','1','2',55.24,to_date('18/06/26','RR/MM/DD'));
Insert into JDBCTEST.SCORES_TBL (STU_ID,SUB_ID,DO_YEAR,SEMESTER,GUBUN,SCORE,EXAM_DATE) values ('STU039','SUB0020','2018','1','2',87.11,to_date('18/06/29','RR/MM/DD'));
Insert into JDBCTEST.SCORES_TBL (STU_ID,SUB_ID,DO_YEAR,SEMESTER,GUBUN,SCORE,EXAM_DATE) values ('STU039','SUB0021','2018','1','2',77.69,to_date('18/06/27','RR/MM/DD'));
Insert into JDBCTEST.SCORES_TBL (STU_ID,SUB_ID,DO_YEAR,SEMESTER,GUBUN,SCORE,EXAM_DATE) values ('STU039','SUB0022','2018','1','2',54.15,to_date('18/06/25','RR/MM/DD'));
Insert into JDBCTEST.SCORES_TBL (STU_ID,SUB_ID,DO_YEAR,SEMESTER,GUBUN,SCORE,EXAM_DATE) values ('STU039','SUB0084','2018','1','2',80,to_date('18/06/26','RR/MM/DD'));
Insert into JDBCTEST.SCORES_TBL (STU_ID,SUB_ID,DO_YEAR,SEMESTER,GUBUN,SCORE,EXAM_DATE) values ('STU039','SUB0080','2018','1','2',82,to_date('18/06/29','RR/MM/DD'));
Insert into JDBCTEST.SCORES_TBL (STU_ID,SUB_ID,DO_YEAR,SEMESTER,GUBUN,SCORE,EXAM_DATE) values ('STU026','SUB0023','2018','1','1',78.69,to_date('18/04/24','RR/MM/DD'));
Insert into JDBCTEST.SCORES_TBL (STU_ID,SUB_ID,DO_YEAR,SEMESTER,GUBUN,SCORE,EXAM_DATE) values ('STU026','SUB0024','2018','1','1',77,to_date('18/04/22','RR/MM/DD'));
Insert into JDBCTEST.SCORES_TBL (STU_ID,SUB_ID,DO_YEAR,SEMESTER,GUBUN,SCORE,EXAM_DATE) values ('STU026','SUB0025','2018','1','1',80,to_date('18/04/23','RR/MM/DD'));
Insert into JDBCTEST.SCORES_TBL (STU_ID,SUB_ID,DO_YEAR,SEMESTER,GUBUN,SCORE,EXAM_DATE) values ('STU026','SUB0026','2018','1','1',82.1,to_date('18/04/19','RR/MM/DD'));
Insert into JDBCTEST.SCORES_TBL (STU_ID,SUB_ID,DO_YEAR,SEMESTER,GUBUN,SCORE,EXAM_DATE) values ('STU026','SUB0027','2018','1','1',60.15,to_date('18/04/20','RR/MM/DD'));
Insert into JDBCTEST.SCORES_TBL (STU_ID,SUB_ID,DO_YEAR,SEMESTER,GUBUN,SCORE,EXAM_DATE) values ('STU026','SUB0019','2018','1','1',50.55,to_date('18/04/19','RR/MM/DD'));
Insert into JDBCTEST.SCORES_TBL (STU_ID,SUB_ID,DO_YEAR,SEMESTER,GUBUN,SCORE,EXAM_DATE) values ('STU026','SUB0023','2018','1','2',82.15,to_date('18/06/29','RR/MM/DD'));
Insert into JDBCTEST.SCORES_TBL (STU_ID,SUB_ID,DO_YEAR,SEMESTER,GUBUN,SCORE,EXAM_DATE) values ('STU026','SUB0024','2018','1','2',83,to_date('18/06/26','RR/MM/DD'));
Insert into JDBCTEST.SCORES_TBL (STU_ID,SUB_ID,DO_YEAR,SEMESTER,GUBUN,SCORE,EXAM_DATE) values ('STU026','SUB0026','2018','1','2',78,to_date('18/06/25','RR/MM/DD'));
Insert into JDBCTEST.SCORES_TBL (STU_ID,SUB_ID,DO_YEAR,SEMESTER,GUBUN,SCORE,EXAM_DATE) values ('STU026','SUB0027','2018','1','2',77.25,to_date('18/06/29','RR/MM/DD'));
Insert into JDBCTEST.SCORES_TBL (STU_ID,SUB_ID,DO_YEAR,SEMESTER,GUBUN,SCORE,EXAM_DATE) values ('STU026','SUB0019','2018','1','2',40.55,to_date('18/06/26','RR/MM/DD'));
Insert into JDBCTEST.SCORES_TBL (STU_ID,SUB_ID,DO_YEAR,SEMESTER,GUBUN,SCORE,EXAM_DATE) values ('STU028','SUB0023','2018','1','1',99.1,to_date('18/04/24','RR/MM/DD'));
Insert into JDBCTEST.SCORES_TBL (STU_ID,SUB_ID,DO_YEAR,SEMESTER,GUBUN,SCORE,EXAM_DATE) values ('STU028','SUB0024','2018','1','1',98.12,to_date('18/04/22','RR/MM/DD'));
Insert into JDBCTEST.SCORES_TBL (STU_ID,SUB_ID,DO_YEAR,SEMESTER,GUBUN,SCORE,EXAM_DATE) values ('STU028','SUB0025','2018','1','1',88.1,to_date('18/04/23','RR/MM/DD'));
Insert into JDBCTEST.SCORES_TBL (STU_ID,SUB_ID,DO_YEAR,SEMESTER,GUBUN,SCORE,EXAM_DATE) values ('STU028','SUB0027','2018','1','1',55.1,to_date('18/04/20','RR/MM/DD'));
Insert into JDBCTEST.SCORES_TBL (STU_ID,SUB_ID,DO_YEAR,SEMESTER,GUBUN,SCORE,EXAM_DATE) values ('STU028','SUB0023','2018','1','2',85,to_date('18/06/29','RR/MM/DD'));
Insert into JDBCTEST.SCORES_TBL (STU_ID,SUB_ID,DO_YEAR,SEMESTER,GUBUN,SCORE,EXAM_DATE) values ('STU028','SUB0024','2018','1','2',87,to_date('18/06/26','RR/MM/DD'));
Insert into JDBCTEST.SCORES_TBL (STU_ID,SUB_ID,DO_YEAR,SEMESTER,GUBUN,SCORE,EXAM_DATE) values ('STU028','SUB0025','2018','1','2',64,to_date('18/06/28','RR/MM/DD'));
Insert into JDBCTEST.SCORES_TBL (STU_ID,SUB_ID,DO_YEAR,SEMESTER,GUBUN,SCORE,EXAM_DATE) values ('STU028','SUB0027','2018','1','2',58.1,to_date('18/06/29','RR/MM/DD'));
Insert into JDBCTEST.SCORES_TBL (STU_ID,SUB_ID,DO_YEAR,SEMESTER,GUBUN,SCORE,EXAM_DATE) values ('STU043','SUB0023','2018','1','1',84.28,to_date('18/04/24','RR/MM/DD'));
Insert into JDBCTEST.SCORES_TBL (STU_ID,SUB_ID,DO_YEAR,SEMESTER,GUBUN,SCORE,EXAM_DATE) values ('STU043','SUB0024','2018','1','1',77.56,to_date('18/04/22','RR/MM/DD'));
Insert into JDBCTEST.SCORES_TBL (STU_ID,SUB_ID,DO_YEAR,SEMESTER,GUBUN,SCORE,EXAM_DATE) values ('STU043','SUB0030','2018','1','1',84.88,to_date('18/04/23','RR/MM/DD'));
Insert into JDBCTEST.SCORES_TBL (STU_ID,SUB_ID,DO_YEAR,SEMESTER,GUBUN,SCORE,EXAM_DATE) values ('STU043','SUB0026','2018','1','1',87,to_date('18/04/19','RR/MM/DD'));
Insert into JDBCTEST.SCORES_TBL (STU_ID,SUB_ID,DO_YEAR,SEMESTER,GUBUN,SCORE,EXAM_DATE) values ('STU043','SUB0027','2018','1','1',90.11,to_date('18/04/20','RR/MM/DD'));
Insert into JDBCTEST.SCORES_TBL (STU_ID,SUB_ID,DO_YEAR,SEMESTER,GUBUN,SCORE,EXAM_DATE) values ('STU043','SUB0062','2018','1','1',89.25,to_date('18/04/30','RR/MM/DD'));
Insert into JDBCTEST.SCORES_TBL (STU_ID,SUB_ID,DO_YEAR,SEMESTER,GUBUN,SCORE,EXAM_DATE) values ('STU043','SUB0023','2018','1','2',78.2,to_date('18/06/29','RR/MM/DD'));
Insert into JDBCTEST.SCORES_TBL (STU_ID,SUB_ID,DO_YEAR,SEMESTER,GUBUN,SCORE,EXAM_DATE) values ('STU043','SUB0024','2018','1','2',79,to_date('18/06/26','RR/MM/DD'));
Insert into JDBCTEST.SCORES_TBL (STU_ID,SUB_ID,DO_YEAR,SEMESTER,GUBUN,SCORE,EXAM_DATE) values ('STU043','SUB0030','2018','1','2',80,to_date('18/06/25','RR/MM/DD'));
Insert into JDBCTEST.SCORES_TBL (STU_ID,SUB_ID,DO_YEAR,SEMESTER,GUBUN,SCORE,EXAM_DATE) values ('STU043','SUB0026','2018','1','2',88.15,to_date('18/06/25','RR/MM/DD'));
Insert into JDBCTEST.SCORES_TBL (STU_ID,SUB_ID,DO_YEAR,SEMESTER,GUBUN,SCORE,EXAM_DATE) values ('STU043','SUB0027','2018','1','2',78.02,to_date('18/06/29','RR/MM/DD'));
Insert into JDBCTEST.SCORES_TBL (STU_ID,SUB_ID,DO_YEAR,SEMESTER,GUBUN,SCORE,EXAM_DATE) values ('STU043','SUB0062','2018','1','2',80.11,to_date('18/06/25','RR/MM/DD'));
Insert into JDBCTEST.SCORES_TBL (STU_ID,SUB_ID,DO_YEAR,SEMESTER,GUBUN,SCORE,EXAM_DATE) values ('STU055','SUB0023','2018','1','1',69,to_date('18/04/24','RR/MM/DD'));
Insert into JDBCTEST.SCORES_TBL (STU_ID,SUB_ID,DO_YEAR,SEMESTER,GUBUN,SCORE,EXAM_DATE) values ('STU055','SUB0024','2018','1','1',64,to_date('18/04/22','RR/MM/DD'));
Insert into JDBCTEST.SCORES_TBL (STU_ID,SUB_ID,DO_YEAR,SEMESTER,GUBUN,SCORE,EXAM_DATE) values ('STU055','SUB0026','2018','1','1',70.14,to_date('18/04/19','RR/MM/DD'));
Insert into JDBCTEST.SCORES_TBL (STU_ID,SUB_ID,DO_YEAR,SEMESTER,GUBUN,SCORE,EXAM_DATE) values ('STU055','SUB0027','2018','1','1',70.55,to_date('18/04/20','RR/MM/DD'));
Insert into JDBCTEST.SCORES_TBL (STU_ID,SUB_ID,DO_YEAR,SEMESTER,GUBUN,SCORE,EXAM_DATE) values ('STU055','SUB0069','2018','1','1',81,to_date('18/04/24','RR/MM/DD'));
Insert into JDBCTEST.SCORES_TBL (STU_ID,SUB_ID,DO_YEAR,SEMESTER,GUBUN,SCORE,EXAM_DATE) values ('STU055','SUB0023','2018','1','2',58.15,to_date('18/06/29','RR/MM/DD'));
Insert into JDBCTEST.SCORES_TBL (STU_ID,SUB_ID,DO_YEAR,SEMESTER,GUBUN,SCORE,EXAM_DATE) values ('STU055','SUB0024','2018','1','2',63.25,to_date('18/06/26','RR/MM/DD'));
Insert into JDBCTEST.SCORES_TBL (STU_ID,SUB_ID,DO_YEAR,SEMESTER,GUBUN,SCORE,EXAM_DATE) values ('STU055','SUB0026','2018','1','2',70.22,to_date('18/06/25','RR/MM/DD'));
Insert into JDBCTEST.SCORES_TBL (STU_ID,SUB_ID,DO_YEAR,SEMESTER,GUBUN,SCORE,EXAM_DATE) values ('STU055','SUB0027','2018','1','2',80,to_date('18/06/29','RR/MM/DD'));
Insert into JDBCTEST.SCORES_TBL (STU_ID,SUB_ID,DO_YEAR,SEMESTER,GUBUN,SCORE,EXAM_DATE) values ('STU055','SUB0069','2018','1','2',80.55,to_date('18/06/29','RR/MM/DD'));
Insert into JDBCTEST.SCORES_TBL (STU_ID,SUB_ID,DO_YEAR,SEMESTER,GUBUN,SCORE,EXAM_DATE) values ('STU013','SUB0023','2018','1','1',70,to_date('18/04/24','RR/MM/DD'));
Insert into JDBCTEST.SCORES_TBL (STU_ID,SUB_ID,DO_YEAR,SEMESTER,GUBUN,SCORE,EXAM_DATE) values ('STU013','SUB0024','2018','1','1',77,to_date('18/04/22','RR/MM/DD'));
Insert into JDBCTEST.SCORES_TBL (STU_ID,SUB_ID,DO_YEAR,SEMESTER,GUBUN,SCORE,EXAM_DATE) values ('STU013','SUB0025','2018','1','1',72.15,to_date('18/04/23','RR/MM/DD'));
Insert into JDBCTEST.SCORES_TBL (STU_ID,SUB_ID,DO_YEAR,SEMESTER,GUBUN,SCORE,EXAM_DATE) values ('STU013','SUB0026','2018','1','1',90.88,to_date('18/04/19','RR/MM/DD'));
Insert into JDBCTEST.SCORES_TBL (STU_ID,SUB_ID,DO_YEAR,SEMESTER,GUBUN,SCORE,EXAM_DATE) values ('STU013','SUB0027','2018','1','1',55.45,to_date('18/04/20','RR/MM/DD'));
Insert into JDBCTEST.SCORES_TBL (STU_ID,SUB_ID,DO_YEAR,SEMESTER,GUBUN,SCORE,EXAM_DATE) values ('STU013','SUB0038','2018','1','1',61.02,to_date('18/04/19','RR/MM/DD'));
Insert into JDBCTEST.SCORES_TBL (STU_ID,SUB_ID,DO_YEAR,SEMESTER,GUBUN,SCORE,EXAM_DATE) values ('STU013','SUB0023','2018','1','2',78.2,to_date('18/06/29','RR/MM/DD'));
Insert into JDBCTEST.SCORES_TBL (STU_ID,SUB_ID,DO_YEAR,SEMESTER,GUBUN,SCORE,EXAM_DATE) values ('STU013','SUB0024','2018','1','2',77,to_date('18/06/26','RR/MM/DD'));
Insert into JDBCTEST.SCORES_TBL (STU_ID,SUB_ID,DO_YEAR,SEMESTER,GUBUN,SCORE,EXAM_DATE) values ('STU013','SUB0025','2018','1','2',60.25,to_date('18/06/28','RR/MM/DD'));
Insert into JDBCTEST.SCORES_TBL (STU_ID,SUB_ID,DO_YEAR,SEMESTER,GUBUN,SCORE,EXAM_DATE) values ('STU013','SUB0026','2018','1','2',89.24,to_date('18/06/25','RR/MM/DD'));
Insert into JDBCTEST.SCORES_TBL (STU_ID,SUB_ID,DO_YEAR,SEMESTER,GUBUN,SCORE,EXAM_DATE) values ('STU013','SUB0027','2018','1','2',92.22,to_date('18/06/29','RR/MM/DD'));
Insert into JDBCTEST.SCORES_TBL (STU_ID,SUB_ID,DO_YEAR,SEMESTER,GUBUN,SCORE,EXAM_DATE) values ('STU013','SUB0038','2018','1','2',88,to_date('18/06/27','RR/MM/DD'));
Insert into JDBCTEST.SCORES_TBL (STU_ID,SUB_ID,DO_YEAR,SEMESTER,GUBUN,SCORE,EXAM_DATE) values ('STU019','SUB0028','2018','1','1',94,to_date('18/04/19','RR/MM/DD'));
Insert into JDBCTEST.SCORES_TBL (STU_ID,SUB_ID,DO_YEAR,SEMESTER,GUBUN,SCORE,EXAM_DATE) values ('STU019','SUB0029','2018','1','1',91.11,to_date('18/04/20','RR/MM/DD'));
Insert into JDBCTEST.SCORES_TBL (STU_ID,SUB_ID,DO_YEAR,SEMESTER,GUBUN,SCORE,EXAM_DATE) values ('STU019','SUB0030','2018','1','1',87.77,to_date('18/04/23','RR/MM/DD'));
Insert into JDBCTEST.SCORES_TBL (STU_ID,SUB_ID,DO_YEAR,SEMESTER,GUBUN,SCORE,EXAM_DATE) values ('STU019','SUB0031','2018','1','1',89.68,to_date('18/04/25','RR/MM/DD'));
Insert into JDBCTEST.SCORES_TBL (STU_ID,SUB_ID,DO_YEAR,SEMESTER,GUBUN,SCORE,EXAM_DATE) values ('STU019','SUB0032','2018','1','1',74.97,to_date('18/04/25','RR/MM/DD'));
Insert into JDBCTEST.SCORES_TBL (STU_ID,SUB_ID,DO_YEAR,SEMESTER,GUBUN,SCORE,EXAM_DATE) values ('STU019','SUB0024','2018','1','1',79,to_date('18/04/22','RR/MM/DD'));
Insert into JDBCTEST.SCORES_TBL (STU_ID,SUB_ID,DO_YEAR,SEMESTER,GUBUN,SCORE,EXAM_DATE) values ('STU019','SUB0028','2018','1','2',91.22,to_date('18/06/27','RR/MM/DD'));
Insert into JDBCTEST.SCORES_TBL (STU_ID,SUB_ID,DO_YEAR,SEMESTER,GUBUN,SCORE,EXAM_DATE) values ('STU019','SUB0029','2018','1','2',90.81,to_date('18/06/29','RR/MM/DD'));
Insert into JDBCTEST.SCORES_TBL (STU_ID,SUB_ID,DO_YEAR,SEMESTER,GUBUN,SCORE,EXAM_DATE) values ('STU019','SUB0030','2018','1','2',88.25,to_date('18/06/25','RR/MM/DD'));
Insert into JDBCTEST.SCORES_TBL (STU_ID,SUB_ID,DO_YEAR,SEMESTER,GUBUN,SCORE,EXAM_DATE) values ('STU019','SUB0031','2018','1','2',92.25,to_date('18/06/26','RR/MM/DD'));
Insert into JDBCTEST.SCORES_TBL (STU_ID,SUB_ID,DO_YEAR,SEMESTER,GUBUN,SCORE,EXAM_DATE) values ('STU019','SUB0032','2018','1','2',88.55,to_date('18/06/28','RR/MM/DD'));
Insert into JDBCTEST.SCORES_TBL (STU_ID,SUB_ID,DO_YEAR,SEMESTER,GUBUN,SCORE,EXAM_DATE) values ('STU019','SUB0024','2018','1','2',99.12,to_date('18/06/26','RR/MM/DD'));
Insert into JDBCTEST.SCORES_TBL (STU_ID,SUB_ID,DO_YEAR,SEMESTER,GUBUN,SCORE,EXAM_DATE) values ('STU040','SUB0028','2018','1','1',79,to_date('18/04/19','RR/MM/DD'));
Insert into JDBCTEST.SCORES_TBL (STU_ID,SUB_ID,DO_YEAR,SEMESTER,GUBUN,SCORE,EXAM_DATE) values ('STU040','SUB0029','2018','1','1',85.9,to_date('18/04/20','RR/MM/DD'));
Insert into JDBCTEST.SCORES_TBL (STU_ID,SUB_ID,DO_YEAR,SEMESTER,GUBUN,SCORE,EXAM_DATE) values ('STU040','SUB0030','2018','1','1',78.7,to_date('18/04/23','RR/MM/DD'));
Insert into JDBCTEST.SCORES_TBL (STU_ID,SUB_ID,DO_YEAR,SEMESTER,GUBUN,SCORE,EXAM_DATE) values ('STU040','SUB0031','2018','1','1',82.2,to_date('18/04/25','RR/MM/DD'));
Insert into JDBCTEST.SCORES_TBL (STU_ID,SUB_ID,DO_YEAR,SEMESTER,GUBUN,SCORE,EXAM_DATE) values ('STU040','SUB0032','2018','1','1',88.19,to_date('18/04/25','RR/MM/DD'));
Insert into JDBCTEST.SCORES_TBL (STU_ID,SUB_ID,DO_YEAR,SEMESTER,GUBUN,SCORE,EXAM_DATE) values ('STU040','SUB0061','2018','1','1',77.58,to_date('18/04/20','RR/MM/DD'));
Insert into JDBCTEST.SCORES_TBL (STU_ID,SUB_ID,DO_YEAR,SEMESTER,GUBUN,SCORE,EXAM_DATE) values ('STU040','SUB0028','2018','1','2',82,to_date('18/06/27','RR/MM/DD'));
Insert into JDBCTEST.SCORES_TBL (STU_ID,SUB_ID,DO_YEAR,SEMESTER,GUBUN,SCORE,EXAM_DATE) values ('STU040','SUB0029','2018','1','2',87.69,to_date('18/06/29','RR/MM/DD'));
Insert into JDBCTEST.SCORES_TBL (STU_ID,SUB_ID,DO_YEAR,SEMESTER,GUBUN,SCORE,EXAM_DATE) values ('STU040','SUB0030','2018','1','2',85.17,to_date('18/06/25','RR/MM/DD'));
Insert into JDBCTEST.SCORES_TBL (STU_ID,SUB_ID,DO_YEAR,SEMESTER,GUBUN,SCORE,EXAM_DATE) values ('STU040','SUB0031','2018','1','2',90,to_date('18/06/26','RR/MM/DD'));
Insert into JDBCTEST.SCORES_TBL (STU_ID,SUB_ID,DO_YEAR,SEMESTER,GUBUN,SCORE,EXAM_DATE) values ('STU040','SUB0032','2018','1','2',87.11,to_date('18/06/28','RR/MM/DD'));
Insert into JDBCTEST.SCORES_TBL (STU_ID,SUB_ID,DO_YEAR,SEMESTER,GUBUN,SCORE,EXAM_DATE) values ('STU040','SUB0061','2018','1','2',99,to_date('18/06/28','RR/MM/DD'));
Insert into JDBCTEST.SCORES_TBL (STU_ID,SUB_ID,DO_YEAR,SEMESTER,GUBUN,SCORE,EXAM_DATE) values ('STU048','SUB0077','2018','1','1',55.44,to_date('18/04/19','RR/MM/DD'));
Insert into JDBCTEST.SCORES_TBL (STU_ID,SUB_ID,DO_YEAR,SEMESTER,GUBUN,SCORE,EXAM_DATE) values ('STU048','SUB0029','2018','1','1',57,to_date('18/04/20','RR/MM/DD'));
Insert into JDBCTEST.SCORES_TBL (STU_ID,SUB_ID,DO_YEAR,SEMESTER,GUBUN,SCORE,EXAM_DATE) values ('STU048','SUB0030','2018','1','1',88,to_date('18/04/23','RR/MM/DD'));
Insert into JDBCTEST.SCORES_TBL (STU_ID,SUB_ID,DO_YEAR,SEMESTER,GUBUN,SCORE,EXAM_DATE) values ('STU048','SUB0039','2018','1','1',38.25,to_date('18/04/20','RR/MM/DD'));
Insert into JDBCTEST.SCORES_TBL (STU_ID,SUB_ID,DO_YEAR,SEMESTER,GUBUN,SCORE,EXAM_DATE) values ('STU048','SUB0032','2018','1','1',47.02,to_date('18/04/25','RR/MM/DD'));
Insert into JDBCTEST.SCORES_TBL (STU_ID,SUB_ID,DO_YEAR,SEMESTER,GUBUN,SCORE,EXAM_DATE) values ('STU048','SUB0077','2018','1','2',78,to_date('18/06/27','RR/MM/DD'));
Insert into JDBCTEST.SCORES_TBL (STU_ID,SUB_ID,DO_YEAR,SEMESTER,GUBUN,SCORE,EXAM_DATE) values ('STU048','SUB0029','2018','1','2',90,to_date('18/06/29','RR/MM/DD'));
Insert into JDBCTEST.SCORES_TBL (STU_ID,SUB_ID,DO_YEAR,SEMESTER,GUBUN,SCORE,EXAM_DATE) values ('STU048','SUB0030','2018','1','2',77.25,to_date('18/06/25','RR/MM/DD'));
Insert into JDBCTEST.SCORES_TBL (STU_ID,SUB_ID,DO_YEAR,SEMESTER,GUBUN,SCORE,EXAM_DATE) values ('STU048','SUB0039','2018','1','2',15.15,to_date('18/06/25','RR/MM/DD'));
Insert into JDBCTEST.SCORES_TBL (STU_ID,SUB_ID,DO_YEAR,SEMESTER,GUBUN,SCORE,EXAM_DATE) values ('STU048','SUB0032','2018','1','2',80,to_date('18/06/28','RR/MM/DD'));
Insert into JDBCTEST.SCORES_TBL (STU_ID,SUB_ID,DO_YEAR,SEMESTER,GUBUN,SCORE,EXAM_DATE) values ('STU052','SUB0028','2018','1','1',71,to_date('18/04/19','RR/MM/DD'));
Insert into JDBCTEST.SCORES_TBL (STU_ID,SUB_ID,DO_YEAR,SEMESTER,GUBUN,SCORE,EXAM_DATE) values ('STU052','SUB0029','2018','1','1',83,to_date('18/04/20','RR/MM/DD'));
Insert into JDBCTEST.SCORES_TBL (STU_ID,SUB_ID,DO_YEAR,SEMESTER,GUBUN,SCORE,EXAM_DATE) values ('STU052','SUB0030','2018','1','1',68.25,to_date('18/04/23','RR/MM/DD'));
Insert into JDBCTEST.SCORES_TBL (STU_ID,SUB_ID,DO_YEAR,SEMESTER,GUBUN,SCORE,EXAM_DATE) values ('STU052','SUB0041','2018','1','1',74,to_date('18/04/24','RR/MM/DD'));
Insert into JDBCTEST.SCORES_TBL (STU_ID,SUB_ID,DO_YEAR,SEMESTER,GUBUN,SCORE,EXAM_DATE) values ('STU052','SUB0042','2018','1','1',77.25,to_date('18/04/20','RR/MM/DD'));
Insert into JDBCTEST.SCORES_TBL (STU_ID,SUB_ID,DO_YEAR,SEMESTER,GUBUN,SCORE,EXAM_DATE) values ('STU052','SUB0043','2018','1','1',88.11,to_date('18/04/17','RR/MM/DD'));
Insert into JDBCTEST.SCORES_TBL (STU_ID,SUB_ID,DO_YEAR,SEMESTER,GUBUN,SCORE,EXAM_DATE) values ('STU052','SUB0028','2018','1','2',75.87,to_date('18/06/27','RR/MM/DD'));
Insert into JDBCTEST.SCORES_TBL (STU_ID,SUB_ID,DO_YEAR,SEMESTER,GUBUN,SCORE,EXAM_DATE) values ('STU052','SUB0029','2018','1','2',98,to_date('18/06/29','RR/MM/DD'));
Insert into JDBCTEST.SCORES_TBL (STU_ID,SUB_ID,DO_YEAR,SEMESTER,GUBUN,SCORE,EXAM_DATE) values ('STU052','SUB0030','2018','1','2',92,to_date('18/06/25','RR/MM/DD'));
Insert into JDBCTEST.SCORES_TBL (STU_ID,SUB_ID,DO_YEAR,SEMESTER,GUBUN,SCORE,EXAM_DATE) values ('STU052','SUB0041','2018','1','2',91.22,to_date('18/06/26','RR/MM/DD'));
Insert into JDBCTEST.SCORES_TBL (STU_ID,SUB_ID,DO_YEAR,SEMESTER,GUBUN,SCORE,EXAM_DATE) values ('STU052','SUB0042','2018','1','2',80.77,to_date('18/06/29','RR/MM/DD'));
Insert into JDBCTEST.SCORES_TBL (STU_ID,SUB_ID,DO_YEAR,SEMESTER,GUBUN,SCORE,EXAM_DATE) values ('STU052','SUB0043','2018','1','2',77.02,to_date('18/06/28','RR/MM/DD'));
Insert into JDBCTEST.SCORES_TBL (STU_ID,SUB_ID,DO_YEAR,SEMESTER,GUBUN,SCORE,EXAM_DATE) values ('STU060','SUB0028','2018','1','1',97.77,to_date('18/04/19','RR/MM/DD'));
Insert into JDBCTEST.SCORES_TBL (STU_ID,SUB_ID,DO_YEAR,SEMESTER,GUBUN,SCORE,EXAM_DATE) values ('STU060','SUB0029','2018','1','1',88.64,to_date('18/04/20','RR/MM/DD'));
Insert into JDBCTEST.SCORES_TBL (STU_ID,SUB_ID,DO_YEAR,SEMESTER,GUBUN,SCORE,EXAM_DATE) values ('STU060','SUB0030','2018','1','1',89.39,to_date('18/04/23','RR/MM/DD'));
Insert into JDBCTEST.SCORES_TBL (STU_ID,SUB_ID,DO_YEAR,SEMESTER,GUBUN,SCORE,EXAM_DATE) values ('STU060','SUB0032','2018','1','1',88.17,to_date('18/04/25','RR/MM/DD'));
Insert into JDBCTEST.SCORES_TBL (STU_ID,SUB_ID,DO_YEAR,SEMESTER,GUBUN,SCORE,EXAM_DATE) values ('STU060','SUB0028','2018','1','2',90.11,to_date('18/06/27','RR/MM/DD'));
Insert into JDBCTEST.SCORES_TBL (STU_ID,SUB_ID,DO_YEAR,SEMESTER,GUBUN,SCORE,EXAM_DATE) values ('STU060','SUB0029','2018','1','2',92.25,to_date('18/06/29','RR/MM/DD'));
Insert into JDBCTEST.SCORES_TBL (STU_ID,SUB_ID,DO_YEAR,SEMESTER,GUBUN,SCORE,EXAM_DATE) values ('STU060','SUB0030','2018','1','2',88.15,to_date('18/06/25','RR/MM/DD'));
Insert into JDBCTEST.SCORES_TBL (STU_ID,SUB_ID,DO_YEAR,SEMESTER,GUBUN,SCORE,EXAM_DATE) values ('STU060','SUB0032','2018','1','2',88.15,to_date('18/06/28','RR/MM/DD'));
Insert into JDBCTEST.SCORES_TBL (STU_ID,SUB_ID,DO_YEAR,SEMESTER,GUBUN,SCORE,EXAM_DATE) values ('STU010','SUB0028','2018','1','1',90.25,to_date('18/04/19','RR/MM/DD'));
Insert into JDBCTEST.SCORES_TBL (STU_ID,SUB_ID,DO_YEAR,SEMESTER,GUBUN,SCORE,EXAM_DATE) values ('STU010','SUB0029','2018','1','1',91.22,to_date('18/04/20','RR/MM/DD'));
Insert into JDBCTEST.SCORES_TBL (STU_ID,SUB_ID,DO_YEAR,SEMESTER,GUBUN,SCORE,EXAM_DATE) values ('STU010','SUB0030','2018','1','1',97.25,to_date('18/04/23','RR/MM/DD'));
Insert into JDBCTEST.SCORES_TBL (STU_ID,SUB_ID,DO_YEAR,SEMESTER,GUBUN,SCORE,EXAM_DATE) values ('STU010','SUB0031','2018','1','1',90,to_date('18/04/25','RR/MM/DD'));
Insert into JDBCTEST.SCORES_TBL (STU_ID,SUB_ID,DO_YEAR,SEMESTER,GUBUN,SCORE,EXAM_DATE) values ('STU010','SUB0027','2018','1','1',87.22,to_date('18/04/20','RR/MM/DD'));
Insert into JDBCTEST.SCORES_TBL (STU_ID,SUB_ID,DO_YEAR,SEMESTER,GUBUN,SCORE,EXAM_DATE) values ('STU010','SUB0032','2018','1','1',88.88,to_date('18/04/25','RR/MM/DD'));
Insert into JDBCTEST.SCORES_TBL (STU_ID,SUB_ID,DO_YEAR,SEMESTER,GUBUN,SCORE,EXAM_DATE) values ('STU010','SUB0040','2018','1','1',87,to_date('18/04/23','RR/MM/DD'));
Insert into JDBCTEST.SCORES_TBL (STU_ID,SUB_ID,DO_YEAR,SEMESTER,GUBUN,SCORE,EXAM_DATE) values ('STU010','SUB0028','2018','1','2',85.25,to_date('18/06/27','RR/MM/DD'));
Insert into JDBCTEST.SCORES_TBL (STU_ID,SUB_ID,DO_YEAR,SEMESTER,GUBUN,SCORE,EXAM_DATE) values ('STU010','SUB0029','2018','1','2',87,to_date('18/06/29','RR/MM/DD'));
Insert into JDBCTEST.SCORES_TBL (STU_ID,SUB_ID,DO_YEAR,SEMESTER,GUBUN,SCORE,EXAM_DATE) values ('STU010','SUB0030','2018','1','2',88,to_date('18/06/25','RR/MM/DD'));
Insert into JDBCTEST.SCORES_TBL (STU_ID,SUB_ID,DO_YEAR,SEMESTER,GUBUN,SCORE,EXAM_DATE) values ('STU010','SUB0031','2018','1','2',79.25,to_date('18/06/26','RR/MM/DD'));
Insert into JDBCTEST.SCORES_TBL (STU_ID,SUB_ID,DO_YEAR,SEMESTER,GUBUN,SCORE,EXAM_DATE) values ('STU010','SUB0027','2018','1','2',95.15,to_date('18/06/29','RR/MM/DD'));
Insert into JDBCTEST.SCORES_TBL (STU_ID,SUB_ID,DO_YEAR,SEMESTER,GUBUN,SCORE,EXAM_DATE) values ('STU010','SUB0032','2018','1','2',90.15,to_date('18/06/28','RR/MM/DD'));
Insert into JDBCTEST.SCORES_TBL (STU_ID,SUB_ID,DO_YEAR,SEMESTER,GUBUN,SCORE,EXAM_DATE) values ('STU010','SUB0040','2018','1','2',93.77,to_date('18/06/29','RR/MM/DD'));
Insert into JDBCTEST.SCORES_TBL (STU_ID,SUB_ID,DO_YEAR,SEMESTER,GUBUN,SCORE,EXAM_DATE) values ('STU077','SUB0037','2018','1','1',64.15,to_date('18/04/19','RR/MM/DD'));
Insert into JDBCTEST.SCORES_TBL (STU_ID,SUB_ID,DO_YEAR,SEMESTER,GUBUN,SCORE,EXAM_DATE) values ('STU077','SUB0038','2018','1','1',69,to_date('18/04/19','RR/MM/DD'));
Insert into JDBCTEST.SCORES_TBL (STU_ID,SUB_ID,DO_YEAR,SEMESTER,GUBUN,SCORE,EXAM_DATE) values ('STU077','SUB0039','2018','1','1',80,to_date('18/04/20','RR/MM/DD'));
Insert into JDBCTEST.SCORES_TBL (STU_ID,SUB_ID,DO_YEAR,SEMESTER,GUBUN,SCORE,EXAM_DATE) values ('STU077','SUB0040','2018','1','1',77.25,to_date('18/04/23','RR/MM/DD'));
Insert into JDBCTEST.SCORES_TBL (STU_ID,SUB_ID,DO_YEAR,SEMESTER,GUBUN,SCORE,EXAM_DATE) values ('STU077','SUB0027','2018','1','1',80.15,to_date('18/04/20','RR/MM/DD'));
Insert into JDBCTEST.SCORES_TBL (STU_ID,SUB_ID,DO_YEAR,SEMESTER,GUBUN,SCORE,EXAM_DATE) values ('STU077','SUB0037','2018','1','2',90.55,to_date('18/06/27','RR/MM/DD'));
Insert into JDBCTEST.SCORES_TBL (STU_ID,SUB_ID,DO_YEAR,SEMESTER,GUBUN,SCORE,EXAM_DATE) values ('STU077','SUB0038','2018','1','2',90.17,to_date('18/06/27','RR/MM/DD'));
Insert into JDBCTEST.SCORES_TBL (STU_ID,SUB_ID,DO_YEAR,SEMESTER,GUBUN,SCORE,EXAM_DATE) values ('STU077','SUB0039','2018','1','2',90,to_date('18/06/25','RR/MM/DD'));
Insert into JDBCTEST.SCORES_TBL (STU_ID,SUB_ID,DO_YEAR,SEMESTER,GUBUN,SCORE,EXAM_DATE) values ('STU077','SUB0040','2018','1','2',87,to_date('18/06/29','RR/MM/DD'));
Insert into JDBCTEST.SCORES_TBL (STU_ID,SUB_ID,DO_YEAR,SEMESTER,GUBUN,SCORE,EXAM_DATE) values ('STU077','SUB0027','2018','1','2',90,to_date('18/06/29','RR/MM/DD'));
Insert into JDBCTEST.SCORES_TBL (STU_ID,SUB_ID,DO_YEAR,SEMESTER,GUBUN,SCORE,EXAM_DATE) values ('STU078','SUB0037','2018','1','1',77,to_date('18/04/19','RR/MM/DD'));
Insert into JDBCTEST.SCORES_TBL (STU_ID,SUB_ID,DO_YEAR,SEMESTER,GUBUN,SCORE,EXAM_DATE) values ('STU078','SUB0038','2018','1','1',85.9,to_date('18/04/19','RR/MM/DD'));
Insert into JDBCTEST.SCORES_TBL (STU_ID,SUB_ID,DO_YEAR,SEMESTER,GUBUN,SCORE,EXAM_DATE) values ('STU078','SUB0054','2018','1','1',82.05,to_date('18/04/19','RR/MM/DD'));
Insert into JDBCTEST.SCORES_TBL (STU_ID,SUB_ID,DO_YEAR,SEMESTER,GUBUN,SCORE,EXAM_DATE) values ('STU078','SUB0040','2018','1','1',77.7,to_date('18/04/23','RR/MM/DD'));
Insert into JDBCTEST.SCORES_TBL (STU_ID,SUB_ID,DO_YEAR,SEMESTER,GUBUN,SCORE,EXAM_DATE) values ('STU078','SUB0037','2018','1','2',85.1,to_date('18/06/27','RR/MM/DD'));
Insert into JDBCTEST.SCORES_TBL (STU_ID,SUB_ID,DO_YEAR,SEMESTER,GUBUN,SCORE,EXAM_DATE) values ('STU078','SUB0038','2018','1','2',92.34,to_date('18/06/27','RR/MM/DD'));
Insert into JDBCTEST.SCORES_TBL (STU_ID,SUB_ID,DO_YEAR,SEMESTER,GUBUN,SCORE,EXAM_DATE) values ('STU078','SUB0054','2018','1','2',60,to_date('18/06/27','RR/MM/DD'));
Insert into JDBCTEST.SCORES_TBL (STU_ID,SUB_ID,DO_YEAR,SEMESTER,GUBUN,SCORE,EXAM_DATE) values ('STU078','SUB0040','2018','1','2',40,to_date('18/06/29','RR/MM/DD'));
Insert into JDBCTEST.SCORES_TBL (STU_ID,SUB_ID,DO_YEAR,SEMESTER,GUBUN,SCORE,EXAM_DATE) values ('STU088','SUB0037','2018','1','1',85.9,to_date('18/04/19','RR/MM/DD'));
Insert into JDBCTEST.SCORES_TBL (STU_ID,SUB_ID,DO_YEAR,SEMESTER,GUBUN,SCORE,EXAM_DATE) values ('STU088','SUB0008','2018','1','1',85.9,to_date('18/04/20','RR/MM/DD'));
Insert into JDBCTEST.SCORES_TBL (STU_ID,SUB_ID,DO_YEAR,SEMESTER,GUBUN,SCORE,EXAM_DATE) values ('STU088','SUB0039','2018','1','1',85.9,to_date('18/04/20','RR/MM/DD'));
Insert into JDBCTEST.SCORES_TBL (STU_ID,SUB_ID,DO_YEAR,SEMESTER,GUBUN,SCORE,EXAM_DATE) values ('STU088','SUB0040','2018','1','1',85.9,to_date('18/04/23','RR/MM/DD'));
Insert into JDBCTEST.SCORES_TBL (STU_ID,SUB_ID,DO_YEAR,SEMESTER,GUBUN,SCORE,EXAM_DATE) values ('STU088','SUB0063','2018','1','1',85.9,to_date('18/04/29','RR/MM/DD'));
Insert into JDBCTEST.SCORES_TBL (STU_ID,SUB_ID,DO_YEAR,SEMESTER,GUBUN,SCORE,EXAM_DATE) values ('STU088','SUB0027','2018','1','1',85.9,to_date('18/04/20','RR/MM/DD'));
Insert into JDBCTEST.SCORES_TBL (STU_ID,SUB_ID,DO_YEAR,SEMESTER,GUBUN,SCORE,EXAM_DATE) values ('STU088','SUB0037','2018','1','2',85.1,to_date('18/06/27','RR/MM/DD'));
Insert into JDBCTEST.SCORES_TBL (STU_ID,SUB_ID,DO_YEAR,SEMESTER,GUBUN,SCORE,EXAM_DATE) values ('STU088','SUB0008','2018','1','2',85.1,to_date('18/06/26','RR/MM/DD'));
Insert into JDBCTEST.SCORES_TBL (STU_ID,SUB_ID,DO_YEAR,SEMESTER,GUBUN,SCORE,EXAM_DATE) values ('STU088','SUB0039','2018','1','2',85.1,to_date('18/06/25','RR/MM/DD'));
Insert into JDBCTEST.SCORES_TBL (STU_ID,SUB_ID,DO_YEAR,SEMESTER,GUBUN,SCORE,EXAM_DATE) values ('STU088','SUB0040','2018','1','2',85.1,to_date('18/06/29','RR/MM/DD'));
Insert into JDBCTEST.SCORES_TBL (STU_ID,SUB_ID,DO_YEAR,SEMESTER,GUBUN,SCORE,EXAM_DATE) values ('STU088','SUB0063','2018','1','2',85.1,to_date('18/06/29','RR/MM/DD'));
Insert into JDBCTEST.SCORES_TBL (STU_ID,SUB_ID,DO_YEAR,SEMESTER,GUBUN,SCORE,EXAM_DATE) values ('STU088','SUB0027','2018','1','2',85.1,to_date('18/06/29','RR/MM/DD'));
Insert into JDBCTEST.SCORES_TBL (STU_ID,SUB_ID,DO_YEAR,SEMESTER,GUBUN,SCORE,EXAM_DATE) values ('STU004','SUB0037','2018','1','1',64.15,to_date('18/04/19','RR/MM/DD'));
Insert into JDBCTEST.SCORES_TBL (STU_ID,SUB_ID,DO_YEAR,SEMESTER,GUBUN,SCORE,EXAM_DATE) values ('STU004','SUB0038','2018','1','1',71,to_date('18/04/19','RR/MM/DD'));
Insert into JDBCTEST.SCORES_TBL (STU_ID,SUB_ID,DO_YEAR,SEMESTER,GUBUN,SCORE,EXAM_DATE) values ('STU004','SUB0039','2018','1','1',70,to_date('18/04/20','RR/MM/DD'));
Insert into JDBCTEST.SCORES_TBL (STU_ID,SUB_ID,DO_YEAR,SEMESTER,GUBUN,SCORE,EXAM_DATE) values ('STU004','SUB0008','2018','1','1',38.22,to_date('18/04/20','RR/MM/DD'));
Insert into JDBCTEST.SCORES_TBL (STU_ID,SUB_ID,DO_YEAR,SEMESTER,GUBUN,SCORE,EXAM_DATE) values ('STU004','SUB0009','2018','1','1',45.15,to_date('18/04/20','RR/MM/DD'));
Insert into JDBCTEST.SCORES_TBL (STU_ID,SUB_ID,DO_YEAR,SEMESTER,GUBUN,SCORE,EXAM_DATE) values ('STU004','SUB0037','2018','1','2',78.25,to_date('18/06/27','RR/MM/DD'));
Insert into JDBCTEST.SCORES_TBL (STU_ID,SUB_ID,DO_YEAR,SEMESTER,GUBUN,SCORE,EXAM_DATE) values ('STU004','SUB0038','2018','1','2',60.55,to_date('18/06/27','RR/MM/DD'));
Insert into JDBCTEST.SCORES_TBL (STU_ID,SUB_ID,DO_YEAR,SEMESTER,GUBUN,SCORE,EXAM_DATE) values ('STU004','SUB0039','2018','1','2',68.12,to_date('18/06/25','RR/MM/DD'));
Insert into JDBCTEST.SCORES_TBL (STU_ID,SUB_ID,DO_YEAR,SEMESTER,GUBUN,SCORE,EXAM_DATE) values ('STU004','SUB0008','2018','1','2',70.15,to_date('18/06/26','RR/MM/DD'));
Insert into JDBCTEST.SCORES_TBL (STU_ID,SUB_ID,DO_YEAR,SEMESTER,GUBUN,SCORE,EXAM_DATE) values ('STU004','SUB0009','2018','1','2',65.25,to_date('18/06/28','RR/MM/DD'));
Insert into JDBCTEST.SCORES_TBL (STU_ID,SUB_ID,DO_YEAR,SEMESTER,GUBUN,SCORE,EXAM_DATE) values ('STU015','SUB0037','2018','1','1',85,to_date('18/04/19','RR/MM/DD'));
Insert into JDBCTEST.SCORES_TBL (STU_ID,SUB_ID,DO_YEAR,SEMESTER,GUBUN,SCORE,EXAM_DATE) values ('STU015','SUB0038','2018','1','1',83,to_date('18/04/19','RR/MM/DD'));
Insert into JDBCTEST.SCORES_TBL (STU_ID,SUB_ID,DO_YEAR,SEMESTER,GUBUN,SCORE,EXAM_DATE) values ('STU015','SUB0074','2018','1','1',78.87,to_date('18/04/24','RR/MM/DD'));
Insert into JDBCTEST.SCORES_TBL (STU_ID,SUB_ID,DO_YEAR,SEMESTER,GUBUN,SCORE,EXAM_DATE) values ('STU015','SUB0040','2018','1','1',81.11,to_date('18/04/23','RR/MM/DD'));
Insert into JDBCTEST.SCORES_TBL (STU_ID,SUB_ID,DO_YEAR,SEMESTER,GUBUN,SCORE,EXAM_DATE) values ('STU015','SUB0044','2018','1','1',77,to_date('18/04/19','RR/MM/DD'));
Insert into JDBCTEST.SCORES_TBL (STU_ID,SUB_ID,DO_YEAR,SEMESTER,GUBUN,SCORE,EXAM_DATE) values ('STU015','SUB0037','2018','1','2',85,to_date('18/06/27','RR/MM/DD'));
Insert into JDBCTEST.SCORES_TBL (STU_ID,SUB_ID,DO_YEAR,SEMESTER,GUBUN,SCORE,EXAM_DATE) values ('STU015','SUB0038','2018','1','2',77.25,to_date('18/06/27','RR/MM/DD'));
Insert into JDBCTEST.SCORES_TBL (STU_ID,SUB_ID,DO_YEAR,SEMESTER,GUBUN,SCORE,EXAM_DATE) values ('STU015','SUB0074','2018','1','2',78,to_date('18/06/25','RR/MM/DD'));
Insert into JDBCTEST.SCORES_TBL (STU_ID,SUB_ID,DO_YEAR,SEMESTER,GUBUN,SCORE,EXAM_DATE) values ('STU015','SUB0040','2018','1','2',85.55,to_date('18/06/29','RR/MM/DD'));
Insert into JDBCTEST.SCORES_TBL (STU_ID,SUB_ID,DO_YEAR,SEMESTER,GUBUN,SCORE,EXAM_DATE) values ('STU015','SUB0044','2018','1','2',77,to_date('18/06/25','RR/MM/DD'));
Insert into JDBCTEST.SCORES_TBL (STU_ID,SUB_ID,DO_YEAR,SEMESTER,GUBUN,SCORE,EXAM_DATE) values ('STU049','SUB0041','2018','1','1',77.88,to_date('18/04/24','RR/MM/DD'));
Insert into JDBCTEST.SCORES_TBL (STU_ID,SUB_ID,DO_YEAR,SEMESTER,GUBUN,SCORE,EXAM_DATE) values ('STU049','SUB0042','2018','1','1',81,to_date('18/04/20','RR/MM/DD'));
Insert into JDBCTEST.SCORES_TBL (STU_ID,SUB_ID,DO_YEAR,SEMESTER,GUBUN,SCORE,EXAM_DATE) values ('STU049','SUB0043','2018','1','1',79.98,to_date('18/04/17','RR/MM/DD'));
Insert into JDBCTEST.SCORES_TBL (STU_ID,SUB_ID,DO_YEAR,SEMESTER,GUBUN,SCORE,EXAM_DATE) values ('STU049','SUB0044','2018','1','1',85.17,to_date('18/04/19','RR/MM/DD'));
Insert into JDBCTEST.SCORES_TBL (STU_ID,SUB_ID,DO_YEAR,SEMESTER,GUBUN,SCORE,EXAM_DATE) values ('STU049','SUB0045','2018','1','1',90.17,to_date('18/04/20','RR/MM/DD'));
Insert into JDBCTEST.SCORES_TBL (STU_ID,SUB_ID,DO_YEAR,SEMESTER,GUBUN,SCORE,EXAM_DATE) values ('STU049','SUB0046','2018','1','1',88.39,to_date('18/04/23','RR/MM/DD'));
Insert into JDBCTEST.SCORES_TBL (STU_ID,SUB_ID,DO_YEAR,SEMESTER,GUBUN,SCORE,EXAM_DATE) values ('STU049','SUB0054','2018','1','1',87.18,to_date('18/04/19','RR/MM/DD'));
Insert into JDBCTEST.SCORES_TBL (STU_ID,SUB_ID,DO_YEAR,SEMESTER,GUBUN,SCORE,EXAM_DATE) values ('STU049','SUB0055','2018','1','1',78,to_date('18/04/22','RR/MM/DD'));
Insert into JDBCTEST.SCORES_TBL (STU_ID,SUB_ID,DO_YEAR,SEMESTER,GUBUN,SCORE,EXAM_DATE) values ('STU049','SUB0041','2018','1','2',88.17,to_date('18/06/26','RR/MM/DD'));
Insert into JDBCTEST.SCORES_TBL (STU_ID,SUB_ID,DO_YEAR,SEMESTER,GUBUN,SCORE,EXAM_DATE) values ('STU049','SUB0042','2018','1','2',97.15,to_date('18/06/29','RR/MM/DD'));
Insert into JDBCTEST.SCORES_TBL (STU_ID,SUB_ID,DO_YEAR,SEMESTER,GUBUN,SCORE,EXAM_DATE) values ('STU049','SUB0043','2018','1','2',98,to_date('18/06/28','RR/MM/DD'));
Insert into JDBCTEST.SCORES_TBL (STU_ID,SUB_ID,DO_YEAR,SEMESTER,GUBUN,SCORE,EXAM_DATE) values ('STU049','SUB0044','2018','1','2',78.11,to_date('18/06/25','RR/MM/DD'));
Insert into JDBCTEST.SCORES_TBL (STU_ID,SUB_ID,DO_YEAR,SEMESTER,GUBUN,SCORE,EXAM_DATE) values ('STU049','SUB0045','2018','1','2',90,to_date('18/06/29','RR/MM/DD'));
Insert into JDBCTEST.SCORES_TBL (STU_ID,SUB_ID,DO_YEAR,SEMESTER,GUBUN,SCORE,EXAM_DATE) values ('STU049','SUB0046','2018','1','2',87,to_date('18/06/27','RR/MM/DD'));
Insert into JDBCTEST.SCORES_TBL (STU_ID,SUB_ID,DO_YEAR,SEMESTER,GUBUN,SCORE,EXAM_DATE) values ('STU049','SUB0054','2018','1','2',79.97,to_date('18/06/27','RR/MM/DD'));
Insert into JDBCTEST.SCORES_TBL (STU_ID,SUB_ID,DO_YEAR,SEMESTER,GUBUN,SCORE,EXAM_DATE) values ('STU049','SUB0055','2018','1','2',81,to_date('18/06/26','RR/MM/DD'));
Insert into JDBCTEST.SCORES_TBL (STU_ID,SUB_ID,DO_YEAR,SEMESTER,GUBUN,SCORE,EXAM_DATE) values ('STU050','SUB0042','2018','1','1',87.97,to_date('18/04/20','RR/MM/DD'));
Insert into JDBCTEST.SCORES_TBL (STU_ID,SUB_ID,DO_YEAR,SEMESTER,GUBUN,SCORE,EXAM_DATE) values ('STU050','SUB0043','2018','1','1',81,to_date('18/04/17','RR/MM/DD'));
Insert into JDBCTEST.SCORES_TBL (STU_ID,SUB_ID,DO_YEAR,SEMESTER,GUBUN,SCORE,EXAM_DATE) values ('STU050','SUB0044','2018','1','1',74.55,to_date('18/04/19','RR/MM/DD'));
Insert into JDBCTEST.SCORES_TBL (STU_ID,SUB_ID,DO_YEAR,SEMESTER,GUBUN,SCORE,EXAM_DATE) values ('STU050','SUB0072','2018','1','1',61,to_date('18/04/19','RR/MM/DD'));
Insert into JDBCTEST.SCORES_TBL (STU_ID,SUB_ID,DO_YEAR,SEMESTER,GUBUN,SCORE,EXAM_DATE) values ('STU050','SUB0071','2018','1','1',58.77,to_date('18/04/24','RR/MM/DD'));
Insert into JDBCTEST.SCORES_TBL (STU_ID,SUB_ID,DO_YEAR,SEMESTER,GUBUN,SCORE,EXAM_DATE) values ('STU050','SUB0054','2018','1','1',55.14,to_date('18/04/19','RR/MM/DD'));
Insert into JDBCTEST.SCORES_TBL (STU_ID,SUB_ID,DO_YEAR,SEMESTER,GUBUN,SCORE,EXAM_DATE) values ('STU050','SUB0055','2018','1','1',88.15,to_date('18/04/22','RR/MM/DD'));
Insert into JDBCTEST.SCORES_TBL (STU_ID,SUB_ID,DO_YEAR,SEMESTER,GUBUN,SCORE,EXAM_DATE) values ('STU050','SUB0042','2018','1','2',70,to_date('18/06/29','RR/MM/DD'));
Insert into JDBCTEST.SCORES_TBL (STU_ID,SUB_ID,DO_YEAR,SEMESTER,GUBUN,SCORE,EXAM_DATE) values ('STU050','SUB0043','2018','1','2',35.88,to_date('18/06/28','RR/MM/DD'));
Insert into JDBCTEST.SCORES_TBL (STU_ID,SUB_ID,DO_YEAR,SEMESTER,GUBUN,SCORE,EXAM_DATE) values ('STU050','SUB0044','2018','1','2',78.22,to_date('18/06/25','RR/MM/DD'));
Insert into JDBCTEST.SCORES_TBL (STU_ID,SUB_ID,DO_YEAR,SEMESTER,GUBUN,SCORE,EXAM_DATE) values ('STU050','SUB0072','2018','1','2',68.15,to_date('18/06/26','RR/MM/DD'));
Insert into JDBCTEST.SCORES_TBL (STU_ID,SUB_ID,DO_YEAR,SEMESTER,GUBUN,SCORE,EXAM_DATE) values ('STU050','SUB0071','2018','1','2',81.22,to_date('18/06/25','RR/MM/DD'));
Insert into JDBCTEST.SCORES_TBL (STU_ID,SUB_ID,DO_YEAR,SEMESTER,GUBUN,SCORE,EXAM_DATE) values ('STU050','SUB0054','2018','1','2',78,to_date('18/06/27','RR/MM/DD'));
Insert into JDBCTEST.SCORES_TBL (STU_ID,SUB_ID,DO_YEAR,SEMESTER,GUBUN,SCORE,EXAM_DATE) values ('STU050','SUB0055','2018','1','2',55.44,to_date('18/06/26','RR/MM/DD'));
Insert into JDBCTEST.SCORES_TBL (STU_ID,SUB_ID,DO_YEAR,SEMESTER,GUBUN,SCORE,EXAM_DATE) values ('STU056','SUB0042','2018','1','1',78.2,to_date('18/04/20','RR/MM/DD'));
Insert into JDBCTEST.SCORES_TBL (STU_ID,SUB_ID,DO_YEAR,SEMESTER,GUBUN,SCORE,EXAM_DATE) values ('STU056','SUB0043','2018','1','1',90,to_date('18/04/17','RR/MM/DD'));
Insert into JDBCTEST.SCORES_TBL (STU_ID,SUB_ID,DO_YEAR,SEMESTER,GUBUN,SCORE,EXAM_DATE) values ('STU056','SUB0044','2018','1','1',88,to_date('18/04/19','RR/MM/DD'));
Insert into JDBCTEST.SCORES_TBL (STU_ID,SUB_ID,DO_YEAR,SEMESTER,GUBUN,SCORE,EXAM_DATE) values ('STU056','SUB0072','2018','1','1',83.09,to_date('18/04/19','RR/MM/DD'));
Insert into JDBCTEST.SCORES_TBL (STU_ID,SUB_ID,DO_YEAR,SEMESTER,GUBUN,SCORE,EXAM_DATE) values ('STU056','SUB0041','2018','1','1',77,to_date('18/04/24','RR/MM/DD'));
Insert into JDBCTEST.SCORES_TBL (STU_ID,SUB_ID,DO_YEAR,SEMESTER,GUBUN,SCORE,EXAM_DATE) values ('STU056','SUB0084','2018','1','1',90.12,to_date('18/04/24','RR/MM/DD'));
Insert into JDBCTEST.SCORES_TBL (STU_ID,SUB_ID,DO_YEAR,SEMESTER,GUBUN,SCORE,EXAM_DATE) values ('STU056','SUB0085','2018','1','1',87,to_date('18/04/22','RR/MM/DD'));
Insert into JDBCTEST.SCORES_TBL (STU_ID,SUB_ID,DO_YEAR,SEMESTER,GUBUN,SCORE,EXAM_DATE) values ('STU056','SUB0042','2018','1','2',90.58,to_date('18/06/29','RR/MM/DD'));
Insert into JDBCTEST.SCORES_TBL (STU_ID,SUB_ID,DO_YEAR,SEMESTER,GUBUN,SCORE,EXAM_DATE) values ('STU056','SUB0043','2018','1','2',92.15,to_date('18/06/28','RR/MM/DD'));
Insert into JDBCTEST.SCORES_TBL (STU_ID,SUB_ID,DO_YEAR,SEMESTER,GUBUN,SCORE,EXAM_DATE) values ('STU056','SUB0044','2018','1','2',87.22,to_date('18/06/25','RR/MM/DD'));
Insert into JDBCTEST.SCORES_TBL (STU_ID,SUB_ID,DO_YEAR,SEMESTER,GUBUN,SCORE,EXAM_DATE) values ('STU056','SUB0072','2018','1','2',97.25,to_date('18/06/26','RR/MM/DD'));
Insert into JDBCTEST.SCORES_TBL (STU_ID,SUB_ID,DO_YEAR,SEMESTER,GUBUN,SCORE,EXAM_DATE) values ('STU056','SUB0041','2018','1','2',46.88,to_date('18/06/26','RR/MM/DD'));
Insert into JDBCTEST.SCORES_TBL (STU_ID,SUB_ID,DO_YEAR,SEMESTER,GUBUN,SCORE,EXAM_DATE) values ('STU056','SUB0084','2018','1','2',90,to_date('18/06/26','RR/MM/DD'));
Insert into JDBCTEST.SCORES_TBL (STU_ID,SUB_ID,DO_YEAR,SEMESTER,GUBUN,SCORE,EXAM_DATE) values ('STU056','SUB0085','2018','1','2',87.25,to_date('18/06/26','RR/MM/DD'));
Insert into JDBCTEST.SCORES_TBL (STU_ID,SUB_ID,DO_YEAR,SEMESTER,GUBUN,SCORE,EXAM_DATE) values ('STU075','SUB0041','2018','1','1',97,to_date('18/04/24','RR/MM/DD'));
Insert into JDBCTEST.SCORES_TBL (STU_ID,SUB_ID,DO_YEAR,SEMESTER,GUBUN,SCORE,EXAM_DATE) values ('STU075','SUB0042','2018','1','1',88.55,to_date('18/04/20','RR/MM/DD'));
Insert into JDBCTEST.SCORES_TBL (STU_ID,SUB_ID,DO_YEAR,SEMESTER,GUBUN,SCORE,EXAM_DATE) values ('STU075','SUB0043','2018','1','1',67.88,to_date('18/04/17','RR/MM/DD'));
Insert into JDBCTEST.SCORES_TBL (STU_ID,SUB_ID,DO_YEAR,SEMESTER,GUBUN,SCORE,EXAM_DATE) values ('STU075','SUB0044','2018','1','1',87.11,to_date('18/04/19','RR/MM/DD'));
Insert into JDBCTEST.SCORES_TBL (STU_ID,SUB_ID,DO_YEAR,SEMESTER,GUBUN,SCORE,EXAM_DATE) values ('STU075','SUB0045','2018','1','1',78,to_date('18/04/20','RR/MM/DD'));
Insert into JDBCTEST.SCORES_TBL (STU_ID,SUB_ID,DO_YEAR,SEMESTER,GUBUN,SCORE,EXAM_DATE) values ('STU075','SUB0048','2018','1','1',81.25,to_date('18/04/19','RR/MM/DD'));
Insert into JDBCTEST.SCORES_TBL (STU_ID,SUB_ID,DO_YEAR,SEMESTER,GUBUN,SCORE,EXAM_DATE) values ('STU075','SUB0049','2018','1','1',88.55,to_date('18/04/18','RR/MM/DD'));
Insert into JDBCTEST.SCORES_TBL (STU_ID,SUB_ID,DO_YEAR,SEMESTER,GUBUN,SCORE,EXAM_DATE) values ('STU075','SUB0050','2018','1','1',94,to_date('18/04/23','RR/MM/DD'));
Insert into JDBCTEST.SCORES_TBL (STU_ID,SUB_ID,DO_YEAR,SEMESTER,GUBUN,SCORE,EXAM_DATE) values ('STU075','SUB0041','2018','1','2',84.77,to_date('18/06/26','RR/MM/DD'));
Insert into JDBCTEST.SCORES_TBL (STU_ID,SUB_ID,DO_YEAR,SEMESTER,GUBUN,SCORE,EXAM_DATE) values ('STU075','SUB0042','2018','1','2',88.44,to_date('18/06/29','RR/MM/DD'));
Insert into JDBCTEST.SCORES_TBL (STU_ID,SUB_ID,DO_YEAR,SEMESTER,GUBUN,SCORE,EXAM_DATE) values ('STU075','SUB0043','2018','1','2',89.12,to_date('18/06/28','RR/MM/DD'));
Insert into JDBCTEST.SCORES_TBL (STU_ID,SUB_ID,DO_YEAR,SEMESTER,GUBUN,SCORE,EXAM_DATE) values ('STU075','SUB0044','2018','1','2',94.88,to_date('18/06/25','RR/MM/DD'));
Insert into JDBCTEST.SCORES_TBL (STU_ID,SUB_ID,DO_YEAR,SEMESTER,GUBUN,SCORE,EXAM_DATE) values ('STU075','SUB0045','2018','1','2',97.55,to_date('18/06/29','RR/MM/DD'));
Insert into JDBCTEST.SCORES_TBL (STU_ID,SUB_ID,DO_YEAR,SEMESTER,GUBUN,SCORE,EXAM_DATE) values ('STU075','SUB0048','2018','1','2',90.25,to_date('18/06/25','RR/MM/DD'));
Insert into JDBCTEST.SCORES_TBL (STU_ID,SUB_ID,DO_YEAR,SEMESTER,GUBUN,SCORE,EXAM_DATE) values ('STU075','SUB0049','2018','1','2',77.55,to_date('18/06/29','RR/MM/DD'));
Insert into JDBCTEST.SCORES_TBL (STU_ID,SUB_ID,DO_YEAR,SEMESTER,GUBUN,SCORE,EXAM_DATE) values ('STU075','SUB0050','2018','1','2',89.33,to_date('18/06/25','RR/MM/DD'));
Insert into JDBCTEST.SCORES_TBL (STU_ID,SUB_ID,DO_YEAR,SEMESTER,GUBUN,SCORE,EXAM_DATE) values ('STU082','SUB0041','2018','1','1',88,to_date('18/04/24','RR/MM/DD'));
Insert into JDBCTEST.SCORES_TBL (STU_ID,SUB_ID,DO_YEAR,SEMESTER,GUBUN,SCORE,EXAM_DATE) values ('STU082','SUB0042','2018','1','1',81.25,to_date('18/04/20','RR/MM/DD'));
Insert into JDBCTEST.SCORES_TBL (STU_ID,SUB_ID,DO_YEAR,SEMESTER,GUBUN,SCORE,EXAM_DATE) values ('STU082','SUB0043','2018','1','1',87.91,to_date('18/04/17','RR/MM/DD'));
Insert into JDBCTEST.SCORES_TBL (STU_ID,SUB_ID,DO_YEAR,SEMESTER,GUBUN,SCORE,EXAM_DATE) values ('STU082','SUB0044','2018','1','1',80.19,to_date('18/04/19','RR/MM/DD'));
Insert into JDBCTEST.SCORES_TBL (STU_ID,SUB_ID,DO_YEAR,SEMESTER,GUBUN,SCORE,EXAM_DATE) values ('STU082','SUB0045','2018','1','1',78.25,to_date('18/04/20','RR/MM/DD'));
Insert into JDBCTEST.SCORES_TBL (STU_ID,SUB_ID,DO_YEAR,SEMESTER,GUBUN,SCORE,EXAM_DATE) values ('STU082','SUB0041','2018','1','2',90.88,to_date('18/06/26','RR/MM/DD'));
Insert into JDBCTEST.SCORES_TBL (STU_ID,SUB_ID,DO_YEAR,SEMESTER,GUBUN,SCORE,EXAM_DATE) values ('STU082','SUB0042','2018','1','2',87.15,to_date('18/06/29','RR/MM/DD'));
Insert into JDBCTEST.SCORES_TBL (STU_ID,SUB_ID,DO_YEAR,SEMESTER,GUBUN,SCORE,EXAM_DATE) values ('STU082','SUB0043','2018','1','2',61.44,to_date('18/06/28','RR/MM/DD'));
Insert into JDBCTEST.SCORES_TBL (STU_ID,SUB_ID,DO_YEAR,SEMESTER,GUBUN,SCORE,EXAM_DATE) values ('STU082','SUB0044','2018','1','2',55.87,to_date('18/06/25','RR/MM/DD'));
Insert into JDBCTEST.SCORES_TBL (STU_ID,SUB_ID,DO_YEAR,SEMESTER,GUBUN,SCORE,EXAM_DATE) values ('STU082','SUB0045','2018','1','2',79.22,to_date('18/06/29','RR/MM/DD'));
Insert into JDBCTEST.SCORES_TBL (STU_ID,SUB_ID,DO_YEAR,SEMESTER,GUBUN,SCORE,EXAM_DATE) values ('STU083','SUB0041','2018','1','1',74.25,to_date('18/04/24','RR/MM/DD'));
Insert into JDBCTEST.SCORES_TBL (STU_ID,SUB_ID,DO_YEAR,SEMESTER,GUBUN,SCORE,EXAM_DATE) values ('STU083','SUB0042','2018','1','1',77.15,to_date('18/04/20','RR/MM/DD'));
Insert into JDBCTEST.SCORES_TBL (STU_ID,SUB_ID,DO_YEAR,SEMESTER,GUBUN,SCORE,EXAM_DATE) values ('STU083','SUB0043','2018','1','1',78.55,to_date('18/04/17','RR/MM/DD'));
Insert into JDBCTEST.SCORES_TBL (STU_ID,SUB_ID,DO_YEAR,SEMESTER,GUBUN,SCORE,EXAM_DATE) values ('STU083','SUB0014','2018','1','1',45.15,to_date('18/04/23','RR/MM/DD'));
Insert into JDBCTEST.SCORES_TBL (STU_ID,SUB_ID,DO_YEAR,SEMESTER,GUBUN,SCORE,EXAM_DATE) values ('STU083','SUB0015','2018','1','1',68,to_date('18/04/20','RR/MM/DD'));
Insert into JDBCTEST.SCORES_TBL (STU_ID,SUB_ID,DO_YEAR,SEMESTER,GUBUN,SCORE,EXAM_DATE) values ('STU083','SUB0041','2018','1','2',80.25,to_date('18/06/26','RR/MM/DD'));
Insert into JDBCTEST.SCORES_TBL (STU_ID,SUB_ID,DO_YEAR,SEMESTER,GUBUN,SCORE,EXAM_DATE) values ('STU083','SUB0042','2018','1','2',87.17,to_date('18/06/29','RR/MM/DD'));
Insert into JDBCTEST.SCORES_TBL (STU_ID,SUB_ID,DO_YEAR,SEMESTER,GUBUN,SCORE,EXAM_DATE) values ('STU083','SUB0043','2018','1','2',65.45,to_date('18/06/28','RR/MM/DD'));
Insert into JDBCTEST.SCORES_TBL (STU_ID,SUB_ID,DO_YEAR,SEMESTER,GUBUN,SCORE,EXAM_DATE) values ('STU083','SUB0014','2018','1','2',88.15,to_date('18/06/26','RR/MM/DD'));
Insert into JDBCTEST.SCORES_TBL (STU_ID,SUB_ID,DO_YEAR,SEMESTER,GUBUN,SCORE,EXAM_DATE) values ('STU083','SUB0015','2018','1','2',81,to_date('18/06/28','RR/MM/DD'));
Insert into JDBCTEST.SCORES_TBL (STU_ID,SUB_ID,DO_YEAR,SEMESTER,GUBUN,SCORE,EXAM_DATE) values ('STU090','SUB0046','2018','1','1',81,to_date('18/04/23','RR/MM/DD'));
Insert into JDBCTEST.SCORES_TBL (STU_ID,SUB_ID,DO_YEAR,SEMESTER,GUBUN,SCORE,EXAM_DATE) values ('STU090','SUB0045','2018','1','1',87,to_date('18/04/20','RR/MM/DD'));
Insert into JDBCTEST.SCORES_TBL (STU_ID,SUB_ID,DO_YEAR,SEMESTER,GUBUN,SCORE,EXAM_DATE) values ('STU090','SUB0043','2018','1','1',63.25,to_date('18/04/17','RR/MM/DD'));
Insert into JDBCTEST.SCORES_TBL (STU_ID,SUB_ID,DO_YEAR,SEMESTER,GUBUN,SCORE,EXAM_DATE) values ('STU090','SUB0044','2018','1','1',68.8,to_date('18/04/19','RR/MM/DD'));
Insert into JDBCTEST.SCORES_TBL (STU_ID,SUB_ID,DO_YEAR,SEMESTER,GUBUN,SCORE,EXAM_DATE) values ('STU090','SUB0046','2018','1','2',55.44,to_date('18/06/27','RR/MM/DD'));
Insert into JDBCTEST.SCORES_TBL (STU_ID,SUB_ID,DO_YEAR,SEMESTER,GUBUN,SCORE,EXAM_DATE) values ('STU090','SUB0045','2018','1','2',52.25,to_date('18/06/29','RR/MM/DD'));
Insert into JDBCTEST.SCORES_TBL (STU_ID,SUB_ID,DO_YEAR,SEMESTER,GUBUN,SCORE,EXAM_DATE) values ('STU090','SUB0043','2018','1','2',61.25,to_date('18/06/28','RR/MM/DD'));
Insert into JDBCTEST.SCORES_TBL (STU_ID,SUB_ID,DO_YEAR,SEMESTER,GUBUN,SCORE,EXAM_DATE) values ('STU090','SUB0044','2018','1','2',80.55,to_date('18/06/25','RR/MM/DD'));
Insert into JDBCTEST.SCORES_TBL (STU_ID,SUB_ID,DO_YEAR,SEMESTER,GUBUN,SCORE,EXAM_DATE) values ('STU003','SUB0041','2018','1','1',74.47,to_date('18/04/24','RR/MM/DD'));
Insert into JDBCTEST.SCORES_TBL (STU_ID,SUB_ID,DO_YEAR,SEMESTER,GUBUN,SCORE,EXAM_DATE) values ('STU003','SUB0042','2018','1','1',81.58,to_date('18/04/20','RR/MM/DD'));
Insert into JDBCTEST.SCORES_TBL (STU_ID,SUB_ID,DO_YEAR,SEMESTER,GUBUN,SCORE,EXAM_DATE) values ('STU003','SUB0043','2018','1','1',67.97,to_date('18/04/17','RR/MM/DD'));
Insert into JDBCTEST.SCORES_TBL (STU_ID,SUB_ID,DO_YEAR,SEMESTER,GUBUN,SCORE,EXAM_DATE) values ('STU003','SUB0005','2018','1','1',88.49,to_date('18/04/22','RR/MM/DD'));
Insert into JDBCTEST.SCORES_TBL (STU_ID,SUB_ID,DO_YEAR,SEMESTER,GUBUN,SCORE,EXAM_DATE) values ('STU003','SUB0006','2018','1','1',70.17,to_date('18/04/23','RR/MM/DD'));
Insert into JDBCTEST.SCORES_TBL (STU_ID,SUB_ID,DO_YEAR,SEMESTER,GUBUN,SCORE,EXAM_DATE) values ('STU003','SUB0001','2018','1','1',89.47,to_date('18/04/20','RR/MM/DD'));
Insert into JDBCTEST.SCORES_TBL (STU_ID,SUB_ID,DO_YEAR,SEMESTER,GUBUN,SCORE,EXAM_DATE) values ('STU003','SUB0041','2018','1','2',60.58,to_date('18/06/26','RR/MM/DD'));
Insert into JDBCTEST.SCORES_TBL (STU_ID,SUB_ID,DO_YEAR,SEMESTER,GUBUN,SCORE,EXAM_DATE) values ('STU003','SUB0042','2018','1','2',81.17,to_date('18/06/29','RR/MM/DD'));
Insert into JDBCTEST.SCORES_TBL (STU_ID,SUB_ID,DO_YEAR,SEMESTER,GUBUN,SCORE,EXAM_DATE) values ('STU003','SUB0043','2018','1','2',89.55,to_date('18/06/28','RR/MM/DD'));
Insert into JDBCTEST.SCORES_TBL (STU_ID,SUB_ID,DO_YEAR,SEMESTER,GUBUN,SCORE,EXAM_DATE) values ('STU003','SUB0005','2018','1','2',90,to_date('18/06/28','RR/MM/DD'));
Insert into JDBCTEST.SCORES_TBL (STU_ID,SUB_ID,DO_YEAR,SEMESTER,GUBUN,SCORE,EXAM_DATE) values ('STU003','SUB0006','2018','1','2',77.17,to_date('18/06/27','RR/MM/DD'));
Insert into JDBCTEST.SCORES_TBL (STU_ID,SUB_ID,DO_YEAR,SEMESTER,GUBUN,SCORE,EXAM_DATE) values ('STU003','SUB0001','2018','1','2',64.04,to_date('18/06/25','RR/MM/DD'));
Insert into JDBCTEST.SCORES_TBL (STU_ID,SUB_ID,DO_YEAR,SEMESTER,GUBUN,SCORE,EXAM_DATE) values ('STU027','SUB0046','2018','1','1',90.17,to_date('18/04/23','RR/MM/DD'));
Insert into JDBCTEST.SCORES_TBL (STU_ID,SUB_ID,DO_YEAR,SEMESTER,GUBUN,SCORE,EXAM_DATE) values ('STU027','SUB0047','2018','1','1',78.25,to_date('18/04/28','RR/MM/DD'));
Insert into JDBCTEST.SCORES_TBL (STU_ID,SUB_ID,DO_YEAR,SEMESTER,GUBUN,SCORE,EXAM_DATE) values ('STU027','SUB0048','2018','1','1',74.15,to_date('18/04/19','RR/MM/DD'));
Insert into JDBCTEST.SCORES_TBL (STU_ID,SUB_ID,DO_YEAR,SEMESTER,GUBUN,SCORE,EXAM_DATE) values ('STU027','SUB0049','2018','1','1',90.25,to_date('18/04/18','RR/MM/DD'));
Insert into JDBCTEST.SCORES_TBL (STU_ID,SUB_ID,DO_YEAR,SEMESTER,GUBUN,SCORE,EXAM_DATE) values ('STU027','SUB0050','2018','1','1',87.17,to_date('18/04/23','RR/MM/DD'));
Insert into JDBCTEST.SCORES_TBL (STU_ID,SUB_ID,DO_YEAR,SEMESTER,GUBUN,SCORE,EXAM_DATE) values ('STU027','SUB0051','2018','1','1',82.25,to_date('18/04/20','RR/MM/DD'));
Insert into JDBCTEST.SCORES_TBL (STU_ID,SUB_ID,DO_YEAR,SEMESTER,GUBUN,SCORE,EXAM_DATE) values ('STU027','SUB0085','2018','1','1',80.17,to_date('18/04/22','RR/MM/DD'));
Insert into JDBCTEST.SCORES_TBL (STU_ID,SUB_ID,DO_YEAR,SEMESTER,GUBUN,SCORE,EXAM_DATE) values ('STU027','SUB0046','2018','1','2',90.25,to_date('18/06/27','RR/MM/DD'));
Insert into JDBCTEST.SCORES_TBL (STU_ID,SUB_ID,DO_YEAR,SEMESTER,GUBUN,SCORE,EXAM_DATE) values ('STU027','SUB0047','2018','1','2',77.18,to_date('18/06/26','RR/MM/DD'));
Insert into JDBCTEST.SCORES_TBL (STU_ID,SUB_ID,DO_YEAR,SEMESTER,GUBUN,SCORE,EXAM_DATE) values ('STU027','SUB0048','2018','1','2',64.55,to_date('18/06/25','RR/MM/DD'));
Insert into JDBCTEST.SCORES_TBL (STU_ID,SUB_ID,DO_YEAR,SEMESTER,GUBUN,SCORE,EXAM_DATE) values ('STU027','SUB0049','2018','1','2',98,to_date('18/06/29','RR/MM/DD'));
Insert into JDBCTEST.SCORES_TBL (STU_ID,SUB_ID,DO_YEAR,SEMESTER,GUBUN,SCORE,EXAM_DATE) values ('STU027','SUB0050','2018','1','2',67.74,to_date('18/06/25','RR/MM/DD'));
Insert into JDBCTEST.SCORES_TBL (STU_ID,SUB_ID,DO_YEAR,SEMESTER,GUBUN,SCORE,EXAM_DATE) values ('STU027','SUB0051','2018','1','2',91,to_date('18/06/25','RR/MM/DD'));
Insert into JDBCTEST.SCORES_TBL (STU_ID,SUB_ID,DO_YEAR,SEMESTER,GUBUN,SCORE,EXAM_DATE) values ('STU027','SUB0085','2018','1','2',79.25,to_date('18/06/26','RR/MM/DD'));
Insert into JDBCTEST.SCORES_TBL (STU_ID,SUB_ID,DO_YEAR,SEMESTER,GUBUN,SCORE,EXAM_DATE) values ('STU029','SUB0005','2018','1','1',55,to_date('18/04/22','RR/MM/DD'));
Insert into JDBCTEST.SCORES_TBL (STU_ID,SUB_ID,DO_YEAR,SEMESTER,GUBUN,SCORE,EXAM_DATE) values ('STU029','SUB0047','2018','1','1',90.15,to_date('18/04/28','RR/MM/DD'));
Insert into JDBCTEST.SCORES_TBL (STU_ID,SUB_ID,DO_YEAR,SEMESTER,GUBUN,SCORE,EXAM_DATE) values ('STU029','SUB0048','2018','1','1',65.25,to_date('18/04/19','RR/MM/DD'));
Insert into JDBCTEST.SCORES_TBL (STU_ID,SUB_ID,DO_YEAR,SEMESTER,GUBUN,SCORE,EXAM_DATE) values ('STU029','SUB0049','2018','1','1',78.17,to_date('18/04/18','RR/MM/DD'));
Insert into JDBCTEST.SCORES_TBL (STU_ID,SUB_ID,DO_YEAR,SEMESTER,GUBUN,SCORE,EXAM_DATE) values ('STU029','SUB0050','2018','1','1',80.11,to_date('18/04/23','RR/MM/DD'));
Insert into JDBCTEST.SCORES_TBL (STU_ID,SUB_ID,DO_YEAR,SEMESTER,GUBUN,SCORE,EXAM_DATE) values ('STU029','SUB0006','2018','1','1',82.25,to_date('18/04/23','RR/MM/DD'));
Insert into JDBCTEST.SCORES_TBL (STU_ID,SUB_ID,DO_YEAR,SEMESTER,GUBUN,SCORE,EXAM_DATE) values ('STU029','SUB0007','2018','1','1',77.15,to_date('18/04/22','RR/MM/DD'));
Insert into JDBCTEST.SCORES_TBL (STU_ID,SUB_ID,DO_YEAR,SEMESTER,GUBUN,SCORE,EXAM_DATE) values ('STU029','SUB0005','2018','1','2',96.11,to_date('18/06/28','RR/MM/DD'));
Insert into JDBCTEST.SCORES_TBL (STU_ID,SUB_ID,DO_YEAR,SEMESTER,GUBUN,SCORE,EXAM_DATE) values ('STU029','SUB0047','2018','1','2',55.44,to_date('18/06/26','RR/MM/DD'));
Insert into JDBCTEST.SCORES_TBL (STU_ID,SUB_ID,DO_YEAR,SEMESTER,GUBUN,SCORE,EXAM_DATE) values ('STU029','SUB0048','2018','1','2',80.25,to_date('18/06/25','RR/MM/DD'));
Insert into JDBCTEST.SCORES_TBL (STU_ID,SUB_ID,DO_YEAR,SEMESTER,GUBUN,SCORE,EXAM_DATE) values ('STU029','SUB0049','2018','1','2',73.28,to_date('18/06/29','RR/MM/DD'));
Insert into JDBCTEST.SCORES_TBL (STU_ID,SUB_ID,DO_YEAR,SEMESTER,GUBUN,SCORE,EXAM_DATE) values ('STU029','SUB0050','2018','1','2',79.11,to_date('18/06/25','RR/MM/DD'));
Insert into JDBCTEST.SCORES_TBL (STU_ID,SUB_ID,DO_YEAR,SEMESTER,GUBUN,SCORE,EXAM_DATE) values ('STU029','SUB0006','2018','1','2',87,to_date('18/06/27','RR/MM/DD'));
Insert into JDBCTEST.SCORES_TBL (STU_ID,SUB_ID,DO_YEAR,SEMESTER,GUBUN,SCORE,EXAM_DATE) values ('STU029','SUB0007','2018','1','2',90,to_date('18/06/25','RR/MM/DD'));
Insert into JDBCTEST.SCORES_TBL (STU_ID,SUB_ID,DO_YEAR,SEMESTER,GUBUN,SCORE,EXAM_DATE) values ('STU030','SUB0051','2018','1','1',81,to_date('18/04/20','RR/MM/DD'));
Insert into JDBCTEST.SCORES_TBL (STU_ID,SUB_ID,DO_YEAR,SEMESTER,GUBUN,SCORE,EXAM_DATE) values ('STU030','SUB0047','2018','1','1',83.17,to_date('18/04/28','RR/MM/DD'));
Insert into JDBCTEST.SCORES_TBL (STU_ID,SUB_ID,DO_YEAR,SEMESTER,GUBUN,SCORE,EXAM_DATE) values ('STU030','SUB0048','2018','1','1',78,to_date('18/04/19','RR/MM/DD'));
Insert into JDBCTEST.SCORES_TBL (STU_ID,SUB_ID,DO_YEAR,SEMESTER,GUBUN,SCORE,EXAM_DATE) values ('STU030','SUB0049','2018','1','1',88.17,to_date('18/04/18','RR/MM/DD'));
Insert into JDBCTEST.SCORES_TBL (STU_ID,SUB_ID,DO_YEAR,SEMESTER,GUBUN,SCORE,EXAM_DATE) values ('STU030','SUB0051','2018','1','2',79.25,to_date('18/06/25','RR/MM/DD'));
Insert into JDBCTEST.SCORES_TBL (STU_ID,SUB_ID,DO_YEAR,SEMESTER,GUBUN,SCORE,EXAM_DATE) values ('STU030','SUB0047','2018','1','2',71,to_date('18/06/26','RR/MM/DD'));
Insert into JDBCTEST.SCORES_TBL (STU_ID,SUB_ID,DO_YEAR,SEMESTER,GUBUN,SCORE,EXAM_DATE) values ('STU030','SUB0048','2018','1','2',78.97,to_date('18/06/25','RR/MM/DD'));
Insert into JDBCTEST.SCORES_TBL (STU_ID,SUB_ID,DO_YEAR,SEMESTER,GUBUN,SCORE,EXAM_DATE) values ('STU030','SUB0049','2018','1','2',85,to_date('18/06/29','RR/MM/DD'));
Insert into JDBCTEST.SCORES_TBL (STU_ID,SUB_ID,DO_YEAR,SEMESTER,GUBUN,SCORE,EXAM_DATE) values ('STU033','SUB0002','2018','1','1',61.2,to_date('18/04/19','RR/MM/DD'));
Insert into JDBCTEST.SCORES_TBL (STU_ID,SUB_ID,DO_YEAR,SEMESTER,GUBUN,SCORE,EXAM_DATE) values ('STU033','SUB0049','2018','1','1',72.2,to_date('18/04/18','RR/MM/DD'));
Insert into JDBCTEST.SCORES_TBL (STU_ID,SUB_ID,DO_YEAR,SEMESTER,GUBUN,SCORE,EXAM_DATE) values ('STU033','SUB0050','2018','1','1',79.5,to_date('18/04/23','RR/MM/DD'));
Insert into JDBCTEST.SCORES_TBL (STU_ID,SUB_ID,DO_YEAR,SEMESTER,GUBUN,SCORE,EXAM_DATE) values ('STU033','SUB0003','2018','1','1',81.11,to_date('18/04/20','RR/MM/DD'));
Insert into JDBCTEST.SCORES_TBL (STU_ID,SUB_ID,DO_YEAR,SEMESTER,GUBUN,SCORE,EXAM_DATE) values ('STU033','SUB0051','2018','1','1',64.5,to_date('18/04/20','RR/MM/DD'));
Insert into JDBCTEST.SCORES_TBL (STU_ID,SUB_ID,DO_YEAR,SEMESTER,GUBUN,SCORE,EXAM_DATE) values ('STU033','SUB0002','2018','1','2',77.17,to_date('18/06/26','RR/MM/DD'));
Insert into JDBCTEST.SCORES_TBL (STU_ID,SUB_ID,DO_YEAR,SEMESTER,GUBUN,SCORE,EXAM_DATE) values ('STU033','SUB0049','2018','1','2',88.5,to_date('18/06/29','RR/MM/DD'));
Insert into JDBCTEST.SCORES_TBL (STU_ID,SUB_ID,DO_YEAR,SEMESTER,GUBUN,SCORE,EXAM_DATE) values ('STU033','SUB0050','2018','1','2',91.15,to_date('18/06/25','RR/MM/DD'));
Insert into JDBCTEST.SCORES_TBL (STU_ID,SUB_ID,DO_YEAR,SEMESTER,GUBUN,SCORE,EXAM_DATE) values ('STU033','SUB0003','2018','1','2',85.1,to_date('18/06/27','RR/MM/DD'));
Insert into JDBCTEST.SCORES_TBL (STU_ID,SUB_ID,DO_YEAR,SEMESTER,GUBUN,SCORE,EXAM_DATE) values ('STU033','SUB0051','2018','1','2',90,to_date('18/06/25','RR/MM/DD'));
Insert into JDBCTEST.SCORES_TBL (STU_ID,SUB_ID,DO_YEAR,SEMESTER,GUBUN,SCORE,EXAM_DATE) values ('STU036','SUB0031','2018','1','1',78,to_date('18/04/25','RR/MM/DD'));
Insert into JDBCTEST.SCORES_TBL (STU_ID,SUB_ID,DO_YEAR,SEMESTER,GUBUN,SCORE,EXAM_DATE) values ('STU036','SUB0047','2018','1','1',88.05,to_date('18/04/28','RR/MM/DD'));
Insert into JDBCTEST.SCORES_TBL (STU_ID,SUB_ID,DO_YEAR,SEMESTER,GUBUN,SCORE,EXAM_DATE) values ('STU036','SUB0048','2018','1','1',91,to_date('18/04/19','RR/MM/DD'));
Insert into JDBCTEST.SCORES_TBL (STU_ID,SUB_ID,DO_YEAR,SEMESTER,GUBUN,SCORE,EXAM_DATE) values ('STU036','SUB0049','2018','1','1',85.94,to_date('18/04/18','RR/MM/DD'));
Insert into JDBCTEST.SCORES_TBL (STU_ID,SUB_ID,DO_YEAR,SEMESTER,GUBUN,SCORE,EXAM_DATE) values ('STU036','SUB0050','2018','1','1',61,to_date('18/04/23','RR/MM/DD'));
Insert into JDBCTEST.SCORES_TBL (STU_ID,SUB_ID,DO_YEAR,SEMESTER,GUBUN,SCORE,EXAM_DATE) values ('STU036','SUB0051','2018','1','1',92.55,to_date('18/04/20','RR/MM/DD'));
Insert into JDBCTEST.SCORES_TBL (STU_ID,SUB_ID,DO_YEAR,SEMESTER,GUBUN,SCORE,EXAM_DATE) values ('STU036','SUB0046','2018','1','1',60.78,to_date('18/04/23','RR/MM/DD'));
Insert into JDBCTEST.SCORES_TBL (STU_ID,SUB_ID,DO_YEAR,SEMESTER,GUBUN,SCORE,EXAM_DATE) values ('STU036','SUB0031','2018','1','2',55.25,to_date('18/06/26','RR/MM/DD'));
Insert into JDBCTEST.SCORES_TBL (STU_ID,SUB_ID,DO_YEAR,SEMESTER,GUBUN,SCORE,EXAM_DATE) values ('STU036','SUB0047','2018','1','2',56.22,to_date('18/06/26','RR/MM/DD'));
Insert into JDBCTEST.SCORES_TBL (STU_ID,SUB_ID,DO_YEAR,SEMESTER,GUBUN,SCORE,EXAM_DATE) values ('STU036','SUB0048','2018','1','2',90.44,to_date('18/06/25','RR/MM/DD'));
Insert into JDBCTEST.SCORES_TBL (STU_ID,SUB_ID,DO_YEAR,SEMESTER,GUBUN,SCORE,EXAM_DATE) values ('STU036','SUB0049','2018','1','2',22.17,to_date('18/06/29','RR/MM/DD'));
Insert into JDBCTEST.SCORES_TBL (STU_ID,SUB_ID,DO_YEAR,SEMESTER,GUBUN,SCORE,EXAM_DATE) values ('STU036','SUB0050','2018','1','2',38.22,to_date('18/06/25','RR/MM/DD'));
Insert into JDBCTEST.SCORES_TBL (STU_ID,SUB_ID,DO_YEAR,SEMESTER,GUBUN,SCORE,EXAM_DATE) values ('STU036','SUB0051','2018','1','2',90,to_date('18/06/25','RR/MM/DD'));
Insert into JDBCTEST.SCORES_TBL (STU_ID,SUB_ID,DO_YEAR,SEMESTER,GUBUN,SCORE,EXAM_DATE) values ('STU036','SUB0046','2018','1','2',39.44,to_date('18/06/27','RR/MM/DD'));
Insert into JDBCTEST.SCORES_TBL (STU_ID,SUB_ID,DO_YEAR,SEMESTER,GUBUN,SCORE,EXAM_DATE) values ('STU036','SUB0029','2018','1','1',78,to_date('18/04/20','RR/MM/DD'));
Insert into JDBCTEST.SCORES_TBL (STU_ID,SUB_ID,DO_YEAR,SEMESTER,GUBUN,SCORE,EXAM_DATE) values ('STU036','SUB0034','2018','1','1',93,to_date('18/04/23','RR/MM/DD'));
Insert into JDBCTEST.SCORES_TBL (STU_ID,SUB_ID,DO_YEAR,SEMESTER,GUBUN,SCORE,EXAM_DATE) values ('STU036','SUB0029','2018','1','2',85.17,to_date('18/06/29','RR/MM/DD'));
Insert into JDBCTEST.SCORES_TBL (STU_ID,SUB_ID,DO_YEAR,SEMESTER,GUBUN,SCORE,EXAM_DATE) values ('STU036','SUB0034','2018','1','2',88.11,to_date('18/06/25','RR/MM/DD'));
Insert into JDBCTEST.SCORES_TBL (STU_ID,SUB_ID,DO_YEAR,SEMESTER,GUBUN,SCORE,EXAM_DATE) values ('STU035','SUB0051','2018','1','1',88.25,to_date('18/04/20','RR/MM/DD'));
Insert into JDBCTEST.SCORES_TBL (STU_ID,SUB_ID,DO_YEAR,SEMESTER,GUBUN,SCORE,EXAM_DATE) values ('STU035','SUB0052','2018','1','1',69.22,to_date('18/04/17','RR/MM/DD'));
Insert into JDBCTEST.SCORES_TBL (STU_ID,SUB_ID,DO_YEAR,SEMESTER,GUBUN,SCORE,EXAM_DATE) values ('STU035','SUB0053','2018','1','1',79.11,to_date('18/04/23','RR/MM/DD'));
Insert into JDBCTEST.SCORES_TBL (STU_ID,SUB_ID,DO_YEAR,SEMESTER,GUBUN,SCORE,EXAM_DATE) values ('STU035','SUB0054','2018','1','1',83.25,to_date('18/04/19','RR/MM/DD'));
Insert into JDBCTEST.SCORES_TBL (STU_ID,SUB_ID,DO_YEAR,SEMESTER,GUBUN,SCORE,EXAM_DATE) values ('STU035','SUB0055','2018','1','1',91.88,to_date('18/04/22','RR/MM/DD'));
Insert into JDBCTEST.SCORES_TBL (STU_ID,SUB_ID,DO_YEAR,SEMESTER,GUBUN,SCORE,EXAM_DATE) values ('STU035','SUB0056','2018','1','1',78.25,to_date('18/04/29','RR/MM/DD'));
Insert into JDBCTEST.SCORES_TBL (STU_ID,SUB_ID,DO_YEAR,SEMESTER,GUBUN,SCORE,EXAM_DATE) values ('STU035','SUB0057','2018','1','1',48.77,to_date('18/04/30','RR/MM/DD'));
Insert into JDBCTEST.SCORES_TBL (STU_ID,SUB_ID,DO_YEAR,SEMESTER,GUBUN,SCORE,EXAM_DATE) values ('STU035','SUB0051','2018','1','2',82,to_date('18/06/25','RR/MM/DD'));
Insert into JDBCTEST.SCORES_TBL (STU_ID,SUB_ID,DO_YEAR,SEMESTER,GUBUN,SCORE,EXAM_DATE) values ('STU035','SUB0052','2018','1','2',79.2,to_date('18/06/25','RR/MM/DD'));
Insert into JDBCTEST.SCORES_TBL (STU_ID,SUB_ID,DO_YEAR,SEMESTER,GUBUN,SCORE,EXAM_DATE) values ('STU035','SUB0053','2018','1','2',69.14,to_date('18/06/28','RR/MM/DD'));
Insert into JDBCTEST.SCORES_TBL (STU_ID,SUB_ID,DO_YEAR,SEMESTER,GUBUN,SCORE,EXAM_DATE) values ('STU035','SUB0054','2018','1','2',85.25,to_date('18/06/27','RR/MM/DD'));
Insert into JDBCTEST.SCORES_TBL (STU_ID,SUB_ID,DO_YEAR,SEMESTER,GUBUN,SCORE,EXAM_DATE) values ('STU035','SUB0055','2018','1','2',90.87,to_date('18/06/26','RR/MM/DD'));
Insert into JDBCTEST.SCORES_TBL (STU_ID,SUB_ID,DO_YEAR,SEMESTER,GUBUN,SCORE,EXAM_DATE) values ('STU035','SUB0056','2018','1','2',55.48,to_date('18/06/26','RR/MM/DD'));
Insert into JDBCTEST.SCORES_TBL (STU_ID,SUB_ID,DO_YEAR,SEMESTER,GUBUN,SCORE,EXAM_DATE) values ('STU035','SUB0057','2018','1','2',90.11,to_date('18/06/29','RR/MM/DD'));
Insert into JDBCTEST.SCORES_TBL (STU_ID,SUB_ID,DO_YEAR,SEMESTER,GUBUN,SCORE,EXAM_DATE) values ('STU051','SUB0051','2018','1','1',74.55,to_date('18/04/20','RR/MM/DD'));
Insert into JDBCTEST.SCORES_TBL (STU_ID,SUB_ID,DO_YEAR,SEMESTER,GUBUN,SCORE,EXAM_DATE) values ('STU051','SUB0052','2018','1','1',91,to_date('18/04/17','RR/MM/DD'));
Insert into JDBCTEST.SCORES_TBL (STU_ID,SUB_ID,DO_YEAR,SEMESTER,GUBUN,SCORE,EXAM_DATE) values ('STU051','SUB0053','2018','1','1',78.22,to_date('18/04/23','RR/MM/DD'));
Insert into JDBCTEST.SCORES_TBL (STU_ID,SUB_ID,DO_YEAR,SEMESTER,GUBUN,SCORE,EXAM_DATE) values ('STU051','SUB0054','2018','1','1',88.25,to_date('18/04/19','RR/MM/DD'));
Insert into JDBCTEST.SCORES_TBL (STU_ID,SUB_ID,DO_YEAR,SEMESTER,GUBUN,SCORE,EXAM_DATE) values ('STU051','SUB0055','2018','1','1',55.88,to_date('18/04/22','RR/MM/DD'));
Insert into JDBCTEST.SCORES_TBL (STU_ID,SUB_ID,DO_YEAR,SEMESTER,GUBUN,SCORE,EXAM_DATE) values ('STU051','SUB0056','2018','1','1',69.25,to_date('18/04/29','RR/MM/DD'));
Insert into JDBCTEST.SCORES_TBL (STU_ID,SUB_ID,DO_YEAR,SEMESTER,GUBUN,SCORE,EXAM_DATE) values ('STU051','SUB0057','2018','1','1',60.88,to_date('18/04/30','RR/MM/DD'));
Insert into JDBCTEST.SCORES_TBL (STU_ID,SUB_ID,DO_YEAR,SEMESTER,GUBUN,SCORE,EXAM_DATE) values ('STU051','SUB0051','2018','1','2',88.14,to_date('18/06/25','RR/MM/DD'));
Insert into JDBCTEST.SCORES_TBL (STU_ID,SUB_ID,DO_YEAR,SEMESTER,GUBUN,SCORE,EXAM_DATE) values ('STU051','SUB0052','2018','1','2',77.25,to_date('18/06/25','RR/MM/DD'));
Insert into JDBCTEST.SCORES_TBL (STU_ID,SUB_ID,DO_YEAR,SEMESTER,GUBUN,SCORE,EXAM_DATE) values ('STU051','SUB0053','2018','1','2',81.22,to_date('18/06/28','RR/MM/DD'));
Insert into JDBCTEST.SCORES_TBL (STU_ID,SUB_ID,DO_YEAR,SEMESTER,GUBUN,SCORE,EXAM_DATE) values ('STU051','SUB0054','2018','1','2',78,to_date('18/06/27','RR/MM/DD'));
Insert into JDBCTEST.SCORES_TBL (STU_ID,SUB_ID,DO_YEAR,SEMESTER,GUBUN,SCORE,EXAM_DATE) values ('STU051','SUB0055','2018','1','2',69.25,to_date('18/06/26','RR/MM/DD'));
Insert into JDBCTEST.SCORES_TBL (STU_ID,SUB_ID,DO_YEAR,SEMESTER,GUBUN,SCORE,EXAM_DATE) values ('STU051','SUB0056','2018','1','2',60.25,to_date('18/06/26','RR/MM/DD'));
Insert into JDBCTEST.SCORES_TBL (STU_ID,SUB_ID,DO_YEAR,SEMESTER,GUBUN,SCORE,EXAM_DATE) values ('STU051','SUB0057','2018','1','2',77.88,to_date('18/06/29','RR/MM/DD'));
Insert into JDBCTEST.SCORES_TBL (STU_ID,SUB_ID,DO_YEAR,SEMESTER,GUBUN,SCORE,EXAM_DATE) values ('STU068','SUB0052','2018','1','1',77,to_date('18/04/17','RR/MM/DD'));
Insert into JDBCTEST.SCORES_TBL (STU_ID,SUB_ID,DO_YEAR,SEMESTER,GUBUN,SCORE,EXAM_DATE) values ('STU068','SUB0053','2018','1','1',82,to_date('18/04/23','RR/MM/DD'));
Insert into JDBCTEST.SCORES_TBL (STU_ID,SUB_ID,DO_YEAR,SEMESTER,GUBUN,SCORE,EXAM_DATE) values ('STU068','SUB0051','2018','1','1',78.25,to_date('18/04/20','RR/MM/DD'));
Insert into JDBCTEST.SCORES_TBL (STU_ID,SUB_ID,DO_YEAR,SEMESTER,GUBUN,SCORE,EXAM_DATE) values ('STU068','SUB0055','2018','1','1',81.77,to_date('18/04/22','RR/MM/DD'));
Insert into JDBCTEST.SCORES_TBL (STU_ID,SUB_ID,DO_YEAR,SEMESTER,GUBUN,SCORE,EXAM_DATE) values ('STU068','SUB0056','2018','1','1',82.91,to_date('18/04/29','RR/MM/DD'));
Insert into JDBCTEST.SCORES_TBL (STU_ID,SUB_ID,DO_YEAR,SEMESTER,GUBUN,SCORE,EXAM_DATE) values ('STU068','SUB0057','2018','1','1',79.25,to_date('18/04/30','RR/MM/DD'));
Insert into JDBCTEST.SCORES_TBL (STU_ID,SUB_ID,DO_YEAR,SEMESTER,GUBUN,SCORE,EXAM_DATE) values ('STU068','SUB0052','2018','1','2',80.55,to_date('18/06/25','RR/MM/DD'));
Insert into JDBCTEST.SCORES_TBL (STU_ID,SUB_ID,DO_YEAR,SEMESTER,GUBUN,SCORE,EXAM_DATE) values ('STU068','SUB0053','2018','1','2',85.77,to_date('18/06/28','RR/MM/DD'));
Insert into JDBCTEST.SCORES_TBL (STU_ID,SUB_ID,DO_YEAR,SEMESTER,GUBUN,SCORE,EXAM_DATE) values ('STU068','SUB0051','2018','1','2',90.17,to_date('18/06/25','RR/MM/DD'));
Insert into JDBCTEST.SCORES_TBL (STU_ID,SUB_ID,DO_YEAR,SEMESTER,GUBUN,SCORE,EXAM_DATE) values ('STU068','SUB0055','2018','1','2',77.25,to_date('18/06/26','RR/MM/DD'));
Insert into JDBCTEST.SCORES_TBL (STU_ID,SUB_ID,DO_YEAR,SEMESTER,GUBUN,SCORE,EXAM_DATE) values ('STU068','SUB0056','2018','1','2',67,to_date('18/06/26','RR/MM/DD'));
Insert into JDBCTEST.SCORES_TBL (STU_ID,SUB_ID,DO_YEAR,SEMESTER,GUBUN,SCORE,EXAM_DATE) values ('STU068','SUB0057','2018','1','2',69.1,to_date('18/06/29','RR/MM/DD'));
Insert into JDBCTEST.SCORES_TBL (STU_ID,SUB_ID,DO_YEAR,SEMESTER,GUBUN,SCORE,EXAM_DATE) values ('STU069','SUB0051','2018','1','1',90.11,to_date('18/04/20','RR/MM/DD'));
Insert into JDBCTEST.SCORES_TBL (STU_ID,SUB_ID,DO_YEAR,SEMESTER,GUBUN,SCORE,EXAM_DATE) values ('STU069','SUB0053','2018','1','1',99.44,to_date('18/04/23','RR/MM/DD'));
Insert into JDBCTEST.SCORES_TBL (STU_ID,SUB_ID,DO_YEAR,SEMESTER,GUBUN,SCORE,EXAM_DATE) values ('STU069','SUB0056','2018','1','1',97.55,to_date('18/04/29','RR/MM/DD'));
Insert into JDBCTEST.SCORES_TBL (STU_ID,SUB_ID,DO_YEAR,SEMESTER,GUBUN,SCORE,EXAM_DATE) values ('STU069','SUB0057','2018','1','1',58.15,to_date('18/04/30','RR/MM/DD'));
Insert into JDBCTEST.SCORES_TBL (STU_ID,SUB_ID,DO_YEAR,SEMESTER,GUBUN,SCORE,EXAM_DATE) values ('STU069','SUB0051','2018','1','2',93.55,to_date('18/06/25','RR/MM/DD'));
Insert into JDBCTEST.SCORES_TBL (STU_ID,SUB_ID,DO_YEAR,SEMESTER,GUBUN,SCORE,EXAM_DATE) values ('STU069','SUB0053','2018','1','2',94.77,to_date('18/06/28','RR/MM/DD'));
Insert into JDBCTEST.SCORES_TBL (STU_ID,SUB_ID,DO_YEAR,SEMESTER,GUBUN,SCORE,EXAM_DATE) values ('STU069','SUB0056','2018','1','2',87.77,to_date('18/06/26','RR/MM/DD'));
Insert into JDBCTEST.SCORES_TBL (STU_ID,SUB_ID,DO_YEAR,SEMESTER,GUBUN,SCORE,EXAM_DATE) values ('STU069','SUB0057','2018','1','2',55.11,to_date('18/06/29','RR/MM/DD'));
Insert into JDBCTEST.SCORES_TBL (STU_ID,SUB_ID,DO_YEAR,SEMESTER,GUBUN,SCORE,EXAM_DATE) values ('STU084','SUB0052','2018','1','1',58.11,to_date('18/04/17','RR/MM/DD'));
Insert into JDBCTEST.SCORES_TBL (STU_ID,SUB_ID,DO_YEAR,SEMESTER,GUBUN,SCORE,EXAM_DATE) values ('STU084','SUB0051','2018','1','1',69.55,to_date('18/04/20','RR/MM/DD'));
Insert into JDBCTEST.SCORES_TBL (STU_ID,SUB_ID,DO_YEAR,SEMESTER,GUBUN,SCORE,EXAM_DATE) values ('STU084','SUB0053','2018','1','1',85,to_date('18/04/23','RR/MM/DD'));
Insert into JDBCTEST.SCORES_TBL (STU_ID,SUB_ID,DO_YEAR,SEMESTER,GUBUN,SCORE,EXAM_DATE) values ('STU084','SUB0054','2018','1','1',77.25,to_date('18/04/19','RR/MM/DD'));
Insert into JDBCTEST.SCORES_TBL (STU_ID,SUB_ID,DO_YEAR,SEMESTER,GUBUN,SCORE,EXAM_DATE) values ('STU084','SUB0056','2018','1','1',80.11,to_date('18/04/29','RR/MM/DD'));
Insert into JDBCTEST.SCORES_TBL (STU_ID,SUB_ID,DO_YEAR,SEMESTER,GUBUN,SCORE,EXAM_DATE) values ('STU084','SUB0052','2018','1','2',85.11,to_date('18/06/25','RR/MM/DD'));
Insert into JDBCTEST.SCORES_TBL (STU_ID,SUB_ID,DO_YEAR,SEMESTER,GUBUN,SCORE,EXAM_DATE) values ('STU084','SUB0051','2018','1','2',87.25,to_date('18/06/25','RR/MM/DD'));
Insert into JDBCTEST.SCORES_TBL (STU_ID,SUB_ID,DO_YEAR,SEMESTER,GUBUN,SCORE,EXAM_DATE) values ('STU084','SUB0053','2018','1','2',90.11,to_date('18/06/28','RR/MM/DD'));
Insert into JDBCTEST.SCORES_TBL (STU_ID,SUB_ID,DO_YEAR,SEMESTER,GUBUN,SCORE,EXAM_DATE) values ('STU084','SUB0054','2018','1','2',77.22,to_date('18/06/27','RR/MM/DD'));
Insert into JDBCTEST.SCORES_TBL (STU_ID,SUB_ID,DO_YEAR,SEMESTER,GUBUN,SCORE,EXAM_DATE) values ('STU084','SUB0056','2018','1','2',70.55,to_date('18/06/26','RR/MM/DD'));
Insert into JDBCTEST.SCORES_TBL (STU_ID,SUB_ID,DO_YEAR,SEMESTER,GUBUN,SCORE,EXAM_DATE) values ('STU085','SUB0051','2018','1','1',77.85,to_date('18/04/20','RR/MM/DD'));
Insert into JDBCTEST.SCORES_TBL (STU_ID,SUB_ID,DO_YEAR,SEMESTER,GUBUN,SCORE,EXAM_DATE) values ('STU085','SUB0052','2018','1','1',79,to_date('18/04/17','RR/MM/DD'));
Insert into JDBCTEST.SCORES_TBL (STU_ID,SUB_ID,DO_YEAR,SEMESTER,GUBUN,SCORE,EXAM_DATE) values ('STU085','SUB0053','2018','1','1',58.14,to_date('18/04/23','RR/MM/DD'));
Insert into JDBCTEST.SCORES_TBL (STU_ID,SUB_ID,DO_YEAR,SEMESTER,GUBUN,SCORE,EXAM_DATE) values ('STU085','SUB0054','2018','1','1',90,to_date('18/04/19','RR/MM/DD'));
Insert into JDBCTEST.SCORES_TBL (STU_ID,SUB_ID,DO_YEAR,SEMESTER,GUBUN,SCORE,EXAM_DATE) values ('STU085','SUB0055','2018','1','1',78.12,to_date('18/04/22','RR/MM/DD'));
Insert into JDBCTEST.SCORES_TBL (STU_ID,SUB_ID,DO_YEAR,SEMESTER,GUBUN,SCORE,EXAM_DATE) values ('STU085','SUB0056','2018','1','1',82,to_date('18/04/29','RR/MM/DD'));
Insert into JDBCTEST.SCORES_TBL (STU_ID,SUB_ID,DO_YEAR,SEMESTER,GUBUN,SCORE,EXAM_DATE) values ('STU085','SUB0057','2018','1','1',87.02,to_date('18/04/30','RR/MM/DD'));
Insert into JDBCTEST.SCORES_TBL (STU_ID,SUB_ID,DO_YEAR,SEMESTER,GUBUN,SCORE,EXAM_DATE) values ('STU085','SUB0051','2018','1','2',88,to_date('18/06/25','RR/MM/DD'));
Insert into JDBCTEST.SCORES_TBL (STU_ID,SUB_ID,DO_YEAR,SEMESTER,GUBUN,SCORE,EXAM_DATE) values ('STU085','SUB0052','2018','1','2',77.58,to_date('18/06/25','RR/MM/DD'));
Insert into JDBCTEST.SCORES_TBL (STU_ID,SUB_ID,DO_YEAR,SEMESTER,GUBUN,SCORE,EXAM_DATE) values ('STU085','SUB0053','2018','1','2',78,to_date('18/06/28','RR/MM/DD'));
Insert into JDBCTEST.SCORES_TBL (STU_ID,SUB_ID,DO_YEAR,SEMESTER,GUBUN,SCORE,EXAM_DATE) values ('STU085','SUB0054','2018','1','2',91.25,to_date('18/06/27','RR/MM/DD'));
Insert into JDBCTEST.SCORES_TBL (STU_ID,SUB_ID,DO_YEAR,SEMESTER,GUBUN,SCORE,EXAM_DATE) values ('STU085','SUB0055','2018','1','2',88,to_date('18/06/26','RR/MM/DD'));
Insert into JDBCTEST.SCORES_TBL (STU_ID,SUB_ID,DO_YEAR,SEMESTER,GUBUN,SCORE,EXAM_DATE) values ('STU085','SUB0056','2018','1','2',78,to_date('18/06/26','RR/MM/DD'));
Insert into JDBCTEST.SCORES_TBL (STU_ID,SUB_ID,DO_YEAR,SEMESTER,GUBUN,SCORE,EXAM_DATE) values ('STU085','SUB0057','2018','1','2',80.24,to_date('18/06/29','RR/MM/DD'));
Insert into JDBCTEST.SCORES_TBL (STU_ID,SUB_ID,DO_YEAR,SEMESTER,GUBUN,SCORE,EXAM_DATE) values ('STU005','SUB0052','2018','1','1',81,to_date('18/04/17','RR/MM/DD'));
Insert into JDBCTEST.SCORES_TBL (STU_ID,SUB_ID,DO_YEAR,SEMESTER,GUBUN,SCORE,EXAM_DATE) values ('STU005','SUB0053','2018','1','1',78.55,to_date('18/04/23','RR/MM/DD'));
Insert into JDBCTEST.SCORES_TBL (STU_ID,SUB_ID,DO_YEAR,SEMESTER,GUBUN,SCORE,EXAM_DATE) values ('STU005','SUB0054','2018','1','1',82.44,to_date('18/04/19','RR/MM/DD'));
Insert into JDBCTEST.SCORES_TBL (STU_ID,SUB_ID,DO_YEAR,SEMESTER,GUBUN,SCORE,EXAM_DATE) values ('STU005','SUB0055','2018','1','1',81.05,to_date('18/04/22','RR/MM/DD'));
Insert into JDBCTEST.SCORES_TBL (STU_ID,SUB_ID,DO_YEAR,SEMESTER,GUBUN,SCORE,EXAM_DATE) values ('STU005','SUB0052','2018','1','2',80.77,to_date('18/06/25','RR/MM/DD'));
Insert into JDBCTEST.SCORES_TBL (STU_ID,SUB_ID,DO_YEAR,SEMESTER,GUBUN,SCORE,EXAM_DATE) values ('STU005','SUB0053','2018','1','2',82.25,to_date('18/06/28','RR/MM/DD'));
Insert into JDBCTEST.SCORES_TBL (STU_ID,SUB_ID,DO_YEAR,SEMESTER,GUBUN,SCORE,EXAM_DATE) values ('STU005','SUB0054','2018','1','2',90,to_date('18/06/27','RR/MM/DD'));
Insert into JDBCTEST.SCORES_TBL (STU_ID,SUB_ID,DO_YEAR,SEMESTER,GUBUN,SCORE,EXAM_DATE) values ('STU005','SUB0055','2018','1','2',85.44,to_date('18/06/26','RR/MM/DD'));
Insert into JDBCTEST.SCORES_TBL (STU_ID,SUB_ID,DO_YEAR,SEMESTER,GUBUN,SCORE,EXAM_DATE) values ('STU005','SUB0052','2018','1','1',77,to_date('18/04/17','RR/MM/DD'));
Insert into JDBCTEST.SCORES_TBL (STU_ID,SUB_ID,DO_YEAR,SEMESTER,GUBUN,SCORE,EXAM_DATE) values ('STU005','SUB0053','2018','1','1',81.11,to_date('18/04/23','RR/MM/DD'));
Insert into JDBCTEST.SCORES_TBL (STU_ID,SUB_ID,DO_YEAR,SEMESTER,GUBUN,SCORE,EXAM_DATE) values ('STU005','SUB0054','2018','1','1',87,to_date('18/04/19','RR/MM/DD'));
Insert into JDBCTEST.SCORES_TBL (STU_ID,SUB_ID,DO_YEAR,SEMESTER,GUBUN,SCORE,EXAM_DATE) values ('STU005','SUB0055','2018','1','1',78.25,to_date('18/04/22','RR/MM/DD'));
Insert into JDBCTEST.SCORES_TBL (STU_ID,SUB_ID,DO_YEAR,SEMESTER,GUBUN,SCORE,EXAM_DATE) values ('STU005','SUB0052','2018','1','2',90,to_date('18/06/25','RR/MM/DD'));
Insert into JDBCTEST.SCORES_TBL (STU_ID,SUB_ID,DO_YEAR,SEMESTER,GUBUN,SCORE,EXAM_DATE) values ('STU005','SUB0053','2018','1','2',78.15,to_date('18/06/28','RR/MM/DD'));
Insert into JDBCTEST.SCORES_TBL (STU_ID,SUB_ID,DO_YEAR,SEMESTER,GUBUN,SCORE,EXAM_DATE) values ('STU005','SUB0054','2018','1','2',89,to_date('18/06/27','RR/MM/DD'));
Insert into JDBCTEST.SCORES_TBL (STU_ID,SUB_ID,DO_YEAR,SEMESTER,GUBUN,SCORE,EXAM_DATE) values ('STU005','SUB0055','2018','1','2',66.44,to_date('18/06/26','RR/MM/DD'));
Insert into JDBCTEST.SCORES_TBL (STU_ID,SUB_ID,DO_YEAR,SEMESTER,GUBUN,SCORE,EXAM_DATE) values ('STU001','SUB0060','2018','1','1',69,to_date('18/04/22','RR/MM/DD'));
Insert into JDBCTEST.SCORES_TBL (STU_ID,SUB_ID,DO_YEAR,SEMESTER,GUBUN,SCORE,EXAM_DATE) values ('STU001','SUB0061','2018','1','1',71.25,to_date('18/04/20','RR/MM/DD'));
Insert into JDBCTEST.SCORES_TBL (STU_ID,SUB_ID,DO_YEAR,SEMESTER,GUBUN,SCORE,EXAM_DATE) values ('STU001','SUB0062','2018','1','1',74,to_date('18/04/30','RR/MM/DD'));
Insert into JDBCTEST.SCORES_TBL (STU_ID,SUB_ID,DO_YEAR,SEMESTER,GUBUN,SCORE,EXAM_DATE) values ('STU001','SUB0064','2018','1','1',81,to_date('18/04/28','RR/MM/DD'));
Insert into JDBCTEST.SCORES_TBL (STU_ID,SUB_ID,DO_YEAR,SEMESTER,GUBUN,SCORE,EXAM_DATE) values ('STU001','SUB0065','2018','1','1',80.25,to_date('18/04/17','RR/MM/DD'));
Insert into JDBCTEST.SCORES_TBL (STU_ID,SUB_ID,DO_YEAR,SEMESTER,GUBUN,SCORE,EXAM_DATE) values ('STU001','SUB0066','2018','1','1',96,to_date('18/04/22','RR/MM/DD'));
Insert into JDBCTEST.SCORES_TBL (STU_ID,SUB_ID,DO_YEAR,SEMESTER,GUBUN,SCORE,EXAM_DATE) values ('STU001','SUB0060','2018','1','2',78.39,to_date('18/06/29','RR/MM/DD'));
Insert into JDBCTEST.SCORES_TBL (STU_ID,SUB_ID,DO_YEAR,SEMESTER,GUBUN,SCORE,EXAM_DATE) values ('STU001','SUB0061','2018','1','2',80.25,to_date('18/06/28','RR/MM/DD'));
Insert into JDBCTEST.SCORES_TBL (STU_ID,SUB_ID,DO_YEAR,SEMESTER,GUBUN,SCORE,EXAM_DATE) values ('STU001','SUB0062','2018','1','2',85.44,to_date('18/06/25','RR/MM/DD'));
Insert into JDBCTEST.SCORES_TBL (STU_ID,SUB_ID,DO_YEAR,SEMESTER,GUBUN,SCORE,EXAM_DATE) values ('STU001','SUB0064','2018','1','2',90.25,to_date('18/06/26','RR/MM/DD'));
Insert into JDBCTEST.SCORES_TBL (STU_ID,SUB_ID,DO_YEAR,SEMESTER,GUBUN,SCORE,EXAM_DATE) values ('STU001','SUB0065','2018','1','2',81.33,to_date('18/06/25','RR/MM/DD'));
Insert into JDBCTEST.SCORES_TBL (STU_ID,SUB_ID,DO_YEAR,SEMESTER,GUBUN,SCORE,EXAM_DATE) values ('STU001','SUB0066','2018','1','2',60.22,to_date('18/06/29','RR/MM/DD'));
Insert into JDBCTEST.SCORES_TBL (STU_ID,SUB_ID,DO_YEAR,SEMESTER,GUBUN,SCORE,EXAM_DATE) values ('STU006','SUB0060','2018','1','1',58.41,to_date('18/04/22','RR/MM/DD'));
Insert into JDBCTEST.SCORES_TBL (STU_ID,SUB_ID,DO_YEAR,SEMESTER,GUBUN,SCORE,EXAM_DATE) values ('STU006','SUB0061','2018','1','1',69.15,to_date('18/04/20','RR/MM/DD'));
Insert into JDBCTEST.SCORES_TBL (STU_ID,SUB_ID,DO_YEAR,SEMESTER,GUBUN,SCORE,EXAM_DATE) values ('STU006','SUB0062','2018','1','1',77,to_date('18/04/30','RR/MM/DD'));
Insert into JDBCTEST.SCORES_TBL (STU_ID,SUB_ID,DO_YEAR,SEMESTER,GUBUN,SCORE,EXAM_DATE) values ('STU006','SUB0071','2018','1','1',78.25,to_date('18/04/24','RR/MM/DD'));
Insert into JDBCTEST.SCORES_TBL (STU_ID,SUB_ID,DO_YEAR,SEMESTER,GUBUN,SCORE,EXAM_DATE) values ('STU006','SUB0072','2018','1','1',80,to_date('18/04/19','RR/MM/DD'));
Insert into JDBCTEST.SCORES_TBL (STU_ID,SUB_ID,DO_YEAR,SEMESTER,GUBUN,SCORE,EXAM_DATE) values ('STU006','SUB0060','2018','1','2',55.44,to_date('18/06/29','RR/MM/DD'));
Insert into JDBCTEST.SCORES_TBL (STU_ID,SUB_ID,DO_YEAR,SEMESTER,GUBUN,SCORE,EXAM_DATE) values ('STU006','SUB0061','2018','1','2',87.25,to_date('18/06/28','RR/MM/DD'));
Insert into JDBCTEST.SCORES_TBL (STU_ID,SUB_ID,DO_YEAR,SEMESTER,GUBUN,SCORE,EXAM_DATE) values ('STU006','SUB0062','2018','1','2',69.25,to_date('18/06/25','RR/MM/DD'));
Insert into JDBCTEST.SCORES_TBL (STU_ID,SUB_ID,DO_YEAR,SEMESTER,GUBUN,SCORE,EXAM_DATE) values ('STU006','SUB0071','2018','1','2',80.11,to_date('18/06/25','RR/MM/DD'));
Insert into JDBCTEST.SCORES_TBL (STU_ID,SUB_ID,DO_YEAR,SEMESTER,GUBUN,SCORE,EXAM_DATE) values ('STU006','SUB0072','2018','1','2',79.15,to_date('18/06/26','RR/MM/DD'));
Insert into JDBCTEST.SCORES_TBL (STU_ID,SUB_ID,DO_YEAR,SEMESTER,GUBUN,SCORE,EXAM_DATE) values ('STU007','SUB0060','2018','1','1',80,to_date('18/04/22','RR/MM/DD'));
Insert into JDBCTEST.SCORES_TBL (STU_ID,SUB_ID,DO_YEAR,SEMESTER,GUBUN,SCORE,EXAM_DATE) values ('STU007','SUB0061','2018','1','1',66,to_date('18/04/20','RR/MM/DD'));
Insert into JDBCTEST.SCORES_TBL (STU_ID,SUB_ID,DO_YEAR,SEMESTER,GUBUN,SCORE,EXAM_DATE) values ('STU007','SUB0062','2018','1','1',79.12,to_date('18/04/30','RR/MM/DD'));
Insert into JDBCTEST.SCORES_TBL (STU_ID,SUB_ID,DO_YEAR,SEMESTER,GUBUN,SCORE,EXAM_DATE) values ('STU007','SUB0064','2018','1','1',78.15,to_date('18/04/28','RR/MM/DD'));
Insert into JDBCTEST.SCORES_TBL (STU_ID,SUB_ID,DO_YEAR,SEMESTER,GUBUN,SCORE,EXAM_DATE) values ('STU007','SUB0065','2018','1','1',67,to_date('18/04/17','RR/MM/DD'));
Insert into JDBCTEST.SCORES_TBL (STU_ID,SUB_ID,DO_YEAR,SEMESTER,GUBUN,SCORE,EXAM_DATE) values ('STU007','SUB0071','2018','1','1',80.12,to_date('18/04/24','RR/MM/DD'));
Insert into JDBCTEST.SCORES_TBL (STU_ID,SUB_ID,DO_YEAR,SEMESTER,GUBUN,SCORE,EXAM_DATE) values ('STU007','SUB0072','2018','1','1',69,to_date('18/04/19','RR/MM/DD'));
Insert into JDBCTEST.SCORES_TBL (STU_ID,SUB_ID,DO_YEAR,SEMESTER,GUBUN,SCORE,EXAM_DATE) values ('STU007','SUB0073','2018','1','1',80.11,to_date('18/04/23','RR/MM/DD'));
Insert into JDBCTEST.SCORES_TBL (STU_ID,SUB_ID,DO_YEAR,SEMESTER,GUBUN,SCORE,EXAM_DATE) values ('STU007','SUB0060','2018','1','2',78,to_date('18/06/29','RR/MM/DD'));
Insert into JDBCTEST.SCORES_TBL (STU_ID,SUB_ID,DO_YEAR,SEMESTER,GUBUN,SCORE,EXAM_DATE) values ('STU007','SUB0061','2018','1','2',81.12,to_date('18/06/28','RR/MM/DD'));
Insert into JDBCTEST.SCORES_TBL (STU_ID,SUB_ID,DO_YEAR,SEMESTER,GUBUN,SCORE,EXAM_DATE) values ('STU007','SUB0062','2018','1','2',68.17,to_date('18/06/25','RR/MM/DD'));
Insert into JDBCTEST.SCORES_TBL (STU_ID,SUB_ID,DO_YEAR,SEMESTER,GUBUN,SCORE,EXAM_DATE) values ('STU007','SUB0064','2018','1','2',78,to_date('18/06/26','RR/MM/DD'));
Insert into JDBCTEST.SCORES_TBL (STU_ID,SUB_ID,DO_YEAR,SEMESTER,GUBUN,SCORE,EXAM_DATE) values ('STU007','SUB0065','2018','1','2',90.12,to_date('18/06/25','RR/MM/DD'));
Insert into JDBCTEST.SCORES_TBL (STU_ID,SUB_ID,DO_YEAR,SEMESTER,GUBUN,SCORE,EXAM_DATE) values ('STU007','SUB0071','2018','1','2',82,to_date('18/06/25','RR/MM/DD'));
Insert into JDBCTEST.SCORES_TBL (STU_ID,SUB_ID,DO_YEAR,SEMESTER,GUBUN,SCORE,EXAM_DATE) values ('STU007','SUB0072','2018','1','2',77.88,to_date('18/06/26','RR/MM/DD'));
Insert into JDBCTEST.SCORES_TBL (STU_ID,SUB_ID,DO_YEAR,SEMESTER,GUBUN,SCORE,EXAM_DATE) values ('STU007','SUB0073','2018','1','2',67,to_date('18/06/29','RR/MM/DD'));
Insert into JDBCTEST.SCORES_TBL (STU_ID,SUB_ID,DO_YEAR,SEMESTER,GUBUN,SCORE,EXAM_DATE) values ('STU041','SUB0063','2018','1','1',78,to_date('18/04/29','RR/MM/DD'));
Insert into JDBCTEST.SCORES_TBL (STU_ID,SUB_ID,DO_YEAR,SEMESTER,GUBUN,SCORE,EXAM_DATE) values ('STU041','SUB0064','2018','1','1',69.58,to_date('18/04/28','RR/MM/DD'));
Insert into JDBCTEST.SCORES_TBL (STU_ID,SUB_ID,DO_YEAR,SEMESTER,GUBUN,SCORE,EXAM_DATE) values ('STU041','SUB0065','2018','1','1',71.04,to_date('18/04/17','RR/MM/DD'));
Insert into JDBCTEST.SCORES_TBL (STU_ID,SUB_ID,DO_YEAR,SEMESTER,GUBUN,SCORE,EXAM_DATE) values ('STU041','SUB0066','2018','1','1',78.25,to_date('18/04/22','RR/MM/DD'));
Insert into JDBCTEST.SCORES_TBL (STU_ID,SUB_ID,DO_YEAR,SEMESTER,GUBUN,SCORE,EXAM_DATE) values ('STU041','SUB0078','2018','1','1',88.11,to_date('18/04/18','RR/MM/DD'));
Insert into JDBCTEST.SCORES_TBL (STU_ID,SUB_ID,DO_YEAR,SEMESTER,GUBUN,SCORE,EXAM_DATE) values ('STU041','SUB0063','2018','1','2',45.88,to_date('18/06/29','RR/MM/DD'));
Insert into JDBCTEST.SCORES_TBL (STU_ID,SUB_ID,DO_YEAR,SEMESTER,GUBUN,SCORE,EXAM_DATE) values ('STU041','SUB0064','2018','1','2',61.25,to_date('18/06/26','RR/MM/DD'));
Insert into JDBCTEST.SCORES_TBL (STU_ID,SUB_ID,DO_YEAR,SEMESTER,GUBUN,SCORE,EXAM_DATE) values ('STU041','SUB0065','2018','1','2',37.27,to_date('18/06/25','RR/MM/DD'));
Insert into JDBCTEST.SCORES_TBL (STU_ID,SUB_ID,DO_YEAR,SEMESTER,GUBUN,SCORE,EXAM_DATE) values ('STU041','SUB0066','2018','1','2',70.25,to_date('18/06/29','RR/MM/DD'));
Insert into JDBCTEST.SCORES_TBL (STU_ID,SUB_ID,DO_YEAR,SEMESTER,GUBUN,SCORE,EXAM_DATE) values ('STU041','SUB0078','2018','1','2',90.14,to_date('18/06/26','RR/MM/DD'));
Insert into JDBCTEST.SCORES_TBL (STU_ID,SUB_ID,DO_YEAR,SEMESTER,GUBUN,SCORE,EXAM_DATE) values ('STU007','SUB0063','2018','1','1',85,to_date('18/04/29','RR/MM/DD'));
Insert into JDBCTEST.SCORES_TBL (STU_ID,SUB_ID,DO_YEAR,SEMESTER,GUBUN,SCORE,EXAM_DATE) values ('STU007','SUB0066','2018','1','1',68.44,to_date('18/04/22','RR/MM/DD'));
Insert into JDBCTEST.SCORES_TBL (STU_ID,SUB_ID,DO_YEAR,SEMESTER,GUBUN,SCORE,EXAM_DATE) values ('STU007','SUB0037','2018','1','1',77,to_date('18/04/19','RR/MM/DD'));
Insert into JDBCTEST.SCORES_TBL (STU_ID,SUB_ID,DO_YEAR,SEMESTER,GUBUN,SCORE,EXAM_DATE) values ('STU007','SUB0038','2018','1','1',80.15,to_date('18/04/19','RR/MM/DD'));
Insert into JDBCTEST.SCORES_TBL (STU_ID,SUB_ID,DO_YEAR,SEMESTER,GUBUN,SCORE,EXAM_DATE) values ('STU007','SUB0039','2018','1','1',79.55,to_date('18/04/20','RR/MM/DD'));
Insert into JDBCTEST.SCORES_TBL (STU_ID,SUB_ID,DO_YEAR,SEMESTER,GUBUN,SCORE,EXAM_DATE) values ('STU007','SUB0040','2018','1','1',77.44,to_date('18/04/23','RR/MM/DD'));
Insert into JDBCTEST.SCORES_TBL (STU_ID,SUB_ID,DO_YEAR,SEMESTER,GUBUN,SCORE,EXAM_DATE) values ('STU007','SUB0063','2018','1','2',82,to_date('18/06/29','RR/MM/DD'));
Insert into JDBCTEST.SCORES_TBL (STU_ID,SUB_ID,DO_YEAR,SEMESTER,GUBUN,SCORE,EXAM_DATE) values ('STU007','SUB0066','2018','1','2',63.58,to_date('18/06/29','RR/MM/DD'));
Insert into JDBCTEST.SCORES_TBL (STU_ID,SUB_ID,DO_YEAR,SEMESTER,GUBUN,SCORE,EXAM_DATE) values ('STU007','SUB0037','2018','1','2',68.74,to_date('18/06/27','RR/MM/DD'));
Insert into JDBCTEST.SCORES_TBL (STU_ID,SUB_ID,DO_YEAR,SEMESTER,GUBUN,SCORE,EXAM_DATE) values ('STU007','SUB0038','2018','1','2',90,to_date('18/06/27','RR/MM/DD'));
Insert into JDBCTEST.SCORES_TBL (STU_ID,SUB_ID,DO_YEAR,SEMESTER,GUBUN,SCORE,EXAM_DATE) values ('STU007','SUB0039','2018','1','2',88.14,to_date('18/06/25','RR/MM/DD'));
Insert into JDBCTEST.SCORES_TBL (STU_ID,SUB_ID,DO_YEAR,SEMESTER,GUBUN,SCORE,EXAM_DATE) values ('STU007','SUB0040','2018','1','2',69,to_date('18/06/29','RR/MM/DD'));
Insert into JDBCTEST.SCORES_TBL (STU_ID,SUB_ID,DO_YEAR,SEMESTER,GUBUN,SCORE,EXAM_DATE) values ('STU057','SUB0067','2018','1','1',87,to_date('18/04/24','RR/MM/DD'));
Insert into JDBCTEST.SCORES_TBL (STU_ID,SUB_ID,DO_YEAR,SEMESTER,GUBUN,SCORE,EXAM_DATE) values ('STU057','SUB0068','2018','1','1',45,to_date('18/04/25','RR/MM/DD'));
Insert into JDBCTEST.SCORES_TBL (STU_ID,SUB_ID,DO_YEAR,SEMESTER,GUBUN,SCORE,EXAM_DATE) values ('STU057','SUB0069','2018','1','1',80.25,to_date('18/04/24','RR/MM/DD'));
Insert into JDBCTEST.SCORES_TBL (STU_ID,SUB_ID,DO_YEAR,SEMESTER,GUBUN,SCORE,EXAM_DATE) values ('STU057','SUB0070','2018','1','1',78.77,to_date('18/04/25','RR/MM/DD'));
Insert into JDBCTEST.SCORES_TBL (STU_ID,SUB_ID,DO_YEAR,SEMESTER,GUBUN,SCORE,EXAM_DATE) values ('STU057','SUB0071','2018','1','1',69.45,to_date('18/04/24','RR/MM/DD'));
Insert into JDBCTEST.SCORES_TBL (STU_ID,SUB_ID,DO_YEAR,SEMESTER,GUBUN,SCORE,EXAM_DATE) values ('STU057','SUB0072','2018','1','1',70.15,to_date('18/04/19','RR/MM/DD'));
Insert into JDBCTEST.SCORES_TBL (STU_ID,SUB_ID,DO_YEAR,SEMESTER,GUBUN,SCORE,EXAM_DATE) values ('STU057','SUB0073','2018','1','1',85,to_date('18/04/23','RR/MM/DD'));
Insert into JDBCTEST.SCORES_TBL (STU_ID,SUB_ID,DO_YEAR,SEMESTER,GUBUN,SCORE,EXAM_DATE) values ('STU057','SUB0015','2018','1','1',79.12,to_date('18/04/24','RR/MM/DD'));
Insert into JDBCTEST.SCORES_TBL (STU_ID,SUB_ID,DO_YEAR,SEMESTER,GUBUN,SCORE,EXAM_DATE) values ('STU057','SUB0067','2018','1','2',78.54,to_date('18/06/26','RR/MM/DD'));
Insert into JDBCTEST.SCORES_TBL (STU_ID,SUB_ID,DO_YEAR,SEMESTER,GUBUN,SCORE,EXAM_DATE) values ('STU057','SUB0068','2018','1','2',55.47,to_date('18/06/25','RR/MM/DD'));
Insert into JDBCTEST.SCORES_TBL (STU_ID,SUB_ID,DO_YEAR,SEMESTER,GUBUN,SCORE,EXAM_DATE) values ('STU057','SUB0069','2018','1','2',80.14,to_date('18/06/29','RR/MM/DD'));
Insert into JDBCTEST.SCORES_TBL (STU_ID,SUB_ID,DO_YEAR,SEMESTER,GUBUN,SCORE,EXAM_DATE) values ('STU057','SUB0070','2018','1','2',79.22,to_date('18/06/27','RR/MM/DD'));
Insert into JDBCTEST.SCORES_TBL (STU_ID,SUB_ID,DO_YEAR,SEMESTER,GUBUN,SCORE,EXAM_DATE) values ('STU057','SUB0071','2018','1','2',81.44,to_date('18/06/25','RR/MM/DD'));
Insert into JDBCTEST.SCORES_TBL (STU_ID,SUB_ID,DO_YEAR,SEMESTER,GUBUN,SCORE,EXAM_DATE) values ('STU057','SUB0072','2018','1','2',68.27,to_date('18/06/26','RR/MM/DD'));
Insert into JDBCTEST.SCORES_TBL (STU_ID,SUB_ID,DO_YEAR,SEMESTER,GUBUN,SCORE,EXAM_DATE) values ('STU057','SUB0073','2018','1','2',66,to_date('18/06/29','RR/MM/DD'));
Insert into JDBCTEST.SCORES_TBL (STU_ID,SUB_ID,DO_YEAR,SEMESTER,GUBUN,SCORE,EXAM_DATE) values ('STU057','SUB0015','2018','1','2',77.02,to_date('18/06/25','RR/MM/DD'));
Insert into JDBCTEST.SCORES_TBL (STU_ID,SUB_ID,DO_YEAR,SEMESTER,GUBUN,SCORE,EXAM_DATE) values ('STU009','SUB0060','2018','1','1',68,to_date('18/04/22','RR/MM/DD'));
Insert into JDBCTEST.SCORES_TBL (STU_ID,SUB_ID,DO_YEAR,SEMESTER,GUBUN,SCORE,EXAM_DATE) values ('STU009','SUB0061','2018','1','1',78,to_date('18/04/20','RR/MM/DD'));
Insert into JDBCTEST.SCORES_TBL (STU_ID,SUB_ID,DO_YEAR,SEMESTER,GUBUN,SCORE,EXAM_DATE) values ('STU009','SUB0063','2018','1','1',85,to_date('18/04/29','RR/MM/DD'));
Insert into JDBCTEST.SCORES_TBL (STU_ID,SUB_ID,DO_YEAR,SEMESTER,GUBUN,SCORE,EXAM_DATE) values ('STU009','SUB0070','2018','1','1',48.17,to_date('18/04/25','RR/MM/DD'));
Insert into JDBCTEST.SCORES_TBL (STU_ID,SUB_ID,DO_YEAR,SEMESTER,GUBUN,SCORE,EXAM_DATE) values ('STU009','SUB0071','2018','1','1',90.14,to_date('18/04/24','RR/MM/DD'));
Insert into JDBCTEST.SCORES_TBL (STU_ID,SUB_ID,DO_YEAR,SEMESTER,GUBUN,SCORE,EXAM_DATE) values ('STU009','SUB0072','2018','1','1',88.22,to_date('18/04/19','RR/MM/DD'));
Insert into JDBCTEST.SCORES_TBL (STU_ID,SUB_ID,DO_YEAR,SEMESTER,GUBUN,SCORE,EXAM_DATE) values ('STU009','SUB0073','2018','1','1',81.17,to_date('18/04/23','RR/MM/DD'));
Insert into JDBCTEST.SCORES_TBL (STU_ID,SUB_ID,DO_YEAR,SEMESTER,GUBUN,SCORE,EXAM_DATE) values ('STU009','SUB0062','2018','1','1',90.25,to_date('18/04/30','RR/MM/DD'));
Insert into JDBCTEST.SCORES_TBL (STU_ID,SUB_ID,DO_YEAR,SEMESTER,GUBUN,SCORE,EXAM_DATE) values ('STU009','SUB0060','2018','1','2',74.28,to_date('18/06/29','RR/MM/DD'));
Insert into JDBCTEST.SCORES_TBL (STU_ID,SUB_ID,DO_YEAR,SEMESTER,GUBUN,SCORE,EXAM_DATE) values ('STU009','SUB0061','2018','1','2',90.14,to_date('18/06/28','RR/MM/DD'));
Insert into JDBCTEST.SCORES_TBL (STU_ID,SUB_ID,DO_YEAR,SEMESTER,GUBUN,SCORE,EXAM_DATE) values ('STU009','SUB0063','2018','1','2',48.78,to_date('18/06/29','RR/MM/DD'));
Insert into JDBCTEST.SCORES_TBL (STU_ID,SUB_ID,DO_YEAR,SEMESTER,GUBUN,SCORE,EXAM_DATE) values ('STU009','SUB0070','2018','1','2',50,to_date('18/06/27','RR/MM/DD'));
Insert into JDBCTEST.SCORES_TBL (STU_ID,SUB_ID,DO_YEAR,SEMESTER,GUBUN,SCORE,EXAM_DATE) values ('STU009','SUB0071','2018','1','2',43.28,to_date('18/06/25','RR/MM/DD'));
Insert into JDBCTEST.SCORES_TBL (STU_ID,SUB_ID,DO_YEAR,SEMESTER,GUBUN,SCORE,EXAM_DATE) values ('STU009','SUB0072','2018','1','2',81.27,to_date('18/06/26','RR/MM/DD'));
Insert into JDBCTEST.SCORES_TBL (STU_ID,SUB_ID,DO_YEAR,SEMESTER,GUBUN,SCORE,EXAM_DATE) values ('STU009','SUB0073','2018','1','2',80.11,to_date('18/06/29','RR/MM/DD'));
Insert into JDBCTEST.SCORES_TBL (STU_ID,SUB_ID,DO_YEAR,SEMESTER,GUBUN,SCORE,EXAM_DATE) values ('STU009','SUB0062','2018','1','2',90.14,to_date('18/06/25','RR/MM/DD'));
Insert into JDBCTEST.SCORES_TBL (STU_ID,SUB_ID,DO_YEAR,SEMESTER,GUBUN,SCORE,EXAM_DATE) values ('STU012','SUB0074','2018','1','1',77.25,to_date('18/04/24','RR/MM/DD'));
Insert into JDBCTEST.SCORES_TBL (STU_ID,SUB_ID,DO_YEAR,SEMESTER,GUBUN,SCORE,EXAM_DATE) values ('STU012','SUB0075','2018','1','1',81,to_date('18/04/23','RR/MM/DD'));
Insert into JDBCTEST.SCORES_TBL (STU_ID,SUB_ID,DO_YEAR,SEMESTER,GUBUN,SCORE,EXAM_DATE) values ('STU012','SUB0086','2018','1','1',89.22,to_date('18/04/17','RR/MM/DD'));
Insert into JDBCTEST.SCORES_TBL (STU_ID,SUB_ID,DO_YEAR,SEMESTER,GUBUN,SCORE,EXAM_DATE) values ('STU012','SUB0087','2018','1','1',78.25,to_date('18/04/25','RR/MM/DD'));
Insert into JDBCTEST.SCORES_TBL (STU_ID,SUB_ID,DO_YEAR,SEMESTER,GUBUN,SCORE,EXAM_DATE) values ('STU012','SUB0074','2018','1','2',94.11,to_date('18/06/25','RR/MM/DD'));
Insert into JDBCTEST.SCORES_TBL (STU_ID,SUB_ID,DO_YEAR,SEMESTER,GUBUN,SCORE,EXAM_DATE) values ('STU012','SUB0075','2018','1','2',88.12,to_date('18/06/29','RR/MM/DD'));
Insert into JDBCTEST.SCORES_TBL (STU_ID,SUB_ID,DO_YEAR,SEMESTER,GUBUN,SCORE,EXAM_DATE) values ('STU012','SUB0086','2018','1','2',90.25,to_date('18/06/25','RR/MM/DD'));
Insert into JDBCTEST.SCORES_TBL (STU_ID,SUB_ID,DO_YEAR,SEMESTER,GUBUN,SCORE,EXAM_DATE) values ('STU012','SUB0087','2018','1','2',78.25,to_date('18/06/25','RR/MM/DD'));
Insert into JDBCTEST.SCORES_TBL (STU_ID,SUB_ID,DO_YEAR,SEMESTER,GUBUN,SCORE,EXAM_DATE) values ('STU016','SUB0021','2018','1','1',39,to_date('18/04/24','RR/MM/DD'));
Insert into JDBCTEST.SCORES_TBL (STU_ID,SUB_ID,DO_YEAR,SEMESTER,GUBUN,SCORE,EXAM_DATE) values ('STU016','SUB0038','2018','1','1',93.12,to_date('18/04/19','RR/MM/DD'));
Insert into JDBCTEST.SCORES_TBL (STU_ID,SUB_ID,DO_YEAR,SEMESTER,GUBUN,SCORE,EXAM_DATE) values ('STU016','SUB0025','2018','1','1',92,to_date('18/04/23','RR/MM/DD'));
Insert into JDBCTEST.SCORES_TBL (STU_ID,SUB_ID,DO_YEAR,SEMESTER,GUBUN,SCORE,EXAM_DATE) values ('STU016','SUB0020','2018','1','1',90.25,to_date('18/04/23','RR/MM/DD'));
Insert into JDBCTEST.SCORES_TBL (STU_ID,SUB_ID,DO_YEAR,SEMESTER,GUBUN,SCORE,EXAM_DATE) values ('STU016','SUB0021','2018','1','2',70.55,to_date('18/06/27','RR/MM/DD'));
Insert into JDBCTEST.SCORES_TBL (STU_ID,SUB_ID,DO_YEAR,SEMESTER,GUBUN,SCORE,EXAM_DATE) values ('STU016','SUB0038','2018','1','2',89.44,to_date('18/06/27','RR/MM/DD'));
Insert into JDBCTEST.SCORES_TBL (STU_ID,SUB_ID,DO_YEAR,SEMESTER,GUBUN,SCORE,EXAM_DATE) values ('STU016','SUB0025','2018','1','2',91.44,to_date('18/06/28','RR/MM/DD'));
Insert into JDBCTEST.SCORES_TBL (STU_ID,SUB_ID,DO_YEAR,SEMESTER,GUBUN,SCORE,EXAM_DATE) values ('STU016','SUB0020','2018','1','2',90.58,to_date('18/06/29','RR/MM/DD'));
Insert into JDBCTEST.SCORES_TBL (STU_ID,SUB_ID,DO_YEAR,SEMESTER,GUBUN,SCORE,EXAM_DATE) values ('STU031','SUB0076','2018','1','1',55.8,to_date('18/04/20','RR/MM/DD'));
Insert into JDBCTEST.SCORES_TBL (STU_ID,SUB_ID,DO_YEAR,SEMESTER,GUBUN,SCORE,EXAM_DATE) values ('STU031','SUB0077','2018','1','1',63.14,to_date('18/04/19','RR/MM/DD'));
Insert into JDBCTEST.SCORES_TBL (STU_ID,SUB_ID,DO_YEAR,SEMESTER,GUBUN,SCORE,EXAM_DATE) values ('STU031','SUB0078','2018','1','1',77.02,to_date('18/04/18','RR/MM/DD'));
Insert into JDBCTEST.SCORES_TBL (STU_ID,SUB_ID,DO_YEAR,SEMESTER,GUBUN,SCORE,EXAM_DATE) values ('STU031','SUB0076','2018','1','2',85.02,to_date('18/06/28','RR/MM/DD'));
Insert into JDBCTEST.SCORES_TBL (STU_ID,SUB_ID,DO_YEAR,SEMESTER,GUBUN,SCORE,EXAM_DATE) values ('STU031','SUB0077','2018','1','2',88,to_date('18/06/27','RR/MM/DD'));
Insert into JDBCTEST.SCORES_TBL (STU_ID,SUB_ID,DO_YEAR,SEMESTER,GUBUN,SCORE,EXAM_DATE) values ('STU031','SUB0078','2018','1','2',91.14,to_date('18/06/26','RR/MM/DD'));
Insert into JDBCTEST.SCORES_TBL (STU_ID,SUB_ID,DO_YEAR,SEMESTER,GUBUN,SCORE,EXAM_DATE) values ('STU057','SUB0076','2018','1','1',70.12,to_date('18/04/20','RR/MM/DD'));
Insert into JDBCTEST.SCORES_TBL (STU_ID,SUB_ID,DO_YEAR,SEMESTER,GUBUN,SCORE,EXAM_DATE) values ('STU057','SUB0077','2018','1','1',69.2,to_date('18/04/19','RR/MM/DD'));
Insert into JDBCTEST.SCORES_TBL (STU_ID,SUB_ID,DO_YEAR,SEMESTER,GUBUN,SCORE,EXAM_DATE) values ('STU057','SUB0078','2018','1','1',80.11,to_date('18/04/18','RR/MM/DD'));
Insert into JDBCTEST.SCORES_TBL (STU_ID,SUB_ID,DO_YEAR,SEMESTER,GUBUN,SCORE,EXAM_DATE) values ('STU057','SUB0081','2018','1','1',78,to_date('18/04/20','RR/MM/DD'));
Insert into JDBCTEST.SCORES_TBL (STU_ID,SUB_ID,DO_YEAR,SEMESTER,GUBUN,SCORE,EXAM_DATE) values ('STU057','SUB0082','2018','1','1',85,to_date('18/04/19','RR/MM/DD'));
Insert into JDBCTEST.SCORES_TBL (STU_ID,SUB_ID,DO_YEAR,SEMESTER,GUBUN,SCORE,EXAM_DATE) values ('STU057','SUB0058','2018','1','1',69.17,to_date('18/04/17','RR/MM/DD'));
Insert into JDBCTEST.SCORES_TBL (STU_ID,SUB_ID,DO_YEAR,SEMESTER,GUBUN,SCORE,EXAM_DATE) values ('STU057','SUB0059','2018','1','1',70.15,to_date('18/04/18','RR/MM/DD'));
Insert into JDBCTEST.SCORES_TBL (STU_ID,SUB_ID,DO_YEAR,SEMESTER,GUBUN,SCORE,EXAM_DATE) values ('STU057','SUB0025','2018','1','1',60.55,to_date('18/04/23','RR/MM/DD'));
Insert into JDBCTEST.SCORES_TBL (STU_ID,SUB_ID,DO_YEAR,SEMESTER,GUBUN,SCORE,EXAM_DATE) values ('STU057','SUB0076','2018','1','2',78,to_date('18/06/28','RR/MM/DD'));
Insert into JDBCTEST.SCORES_TBL (STU_ID,SUB_ID,DO_YEAR,SEMESTER,GUBUN,SCORE,EXAM_DATE) values ('STU057','SUB0077','2018','1','2',82.11,to_date('18/06/27','RR/MM/DD'));
Insert into JDBCTEST.SCORES_TBL (STU_ID,SUB_ID,DO_YEAR,SEMESTER,GUBUN,SCORE,EXAM_DATE) values ('STU057','SUB0078','2018','1','2',64.15,to_date('18/06/26','RR/MM/DD'));
Insert into JDBCTEST.SCORES_TBL (STU_ID,SUB_ID,DO_YEAR,SEMESTER,GUBUN,SCORE,EXAM_DATE) values ('STU057','SUB0081','2018','1','2',80,to_date('18/06/25','RR/MM/DD'));
Insert into JDBCTEST.SCORES_TBL (STU_ID,SUB_ID,DO_YEAR,SEMESTER,GUBUN,SCORE,EXAM_DATE) values ('STU057','SUB0082','2018','1','2',79.14,to_date('18/06/29','RR/MM/DD'));
Insert into JDBCTEST.SCORES_TBL (STU_ID,SUB_ID,DO_YEAR,SEMESTER,GUBUN,SCORE,EXAM_DATE) values ('STU057','SUB0058','2018','1','2',98,to_date('18/06/28','RR/MM/DD'));
Insert into JDBCTEST.SCORES_TBL (STU_ID,SUB_ID,DO_YEAR,SEMESTER,GUBUN,SCORE,EXAM_DATE) values ('STU057','SUB0059','2018','1','2',67.29,to_date('18/06/25','RR/MM/DD'));
Insert into JDBCTEST.SCORES_TBL (STU_ID,SUB_ID,DO_YEAR,SEMESTER,GUBUN,SCORE,EXAM_DATE) values ('STU057','SUB0025','2018','1','2',78.17,to_date('18/06/28','RR/MM/DD'));
Insert into JDBCTEST.SCORES_TBL (STU_ID,SUB_ID,DO_YEAR,SEMESTER,GUBUN,SCORE,EXAM_DATE) values ('STU074','SUB0081','2018','1','1',65.88,to_date('18/04/20','RR/MM/DD'));
Insert into JDBCTEST.SCORES_TBL (STU_ID,SUB_ID,DO_YEAR,SEMESTER,GUBUN,SCORE,EXAM_DATE) values ('STU074','SUB0082','2018','1','1',70.15,to_date('18/04/19','RR/MM/DD'));
Insert into JDBCTEST.SCORES_TBL (STU_ID,SUB_ID,DO_YEAR,SEMESTER,GUBUN,SCORE,EXAM_DATE) values ('STU074','SUB0083','2018','1','1',77.55,to_date('18/04/23','RR/MM/DD'));
Insert into JDBCTEST.SCORES_TBL (STU_ID,SUB_ID,DO_YEAR,SEMESTER,GUBUN,SCORE,EXAM_DATE) values ('STU074','SUB0041','2018','1','1',88.17,to_date('18/04/24','RR/MM/DD'));
Insert into JDBCTEST.SCORES_TBL (STU_ID,SUB_ID,DO_YEAR,SEMESTER,GUBUN,SCORE,EXAM_DATE) values ('STU074','SUB0081','2018','1','2',90,to_date('18/06/25','RR/MM/DD'));
Insert into JDBCTEST.SCORES_TBL (STU_ID,SUB_ID,DO_YEAR,SEMESTER,GUBUN,SCORE,EXAM_DATE) values ('STU074','SUB0082','2018','1','2',87.15,to_date('18/06/29','RR/MM/DD'));
Insert into JDBCTEST.SCORES_TBL (STU_ID,SUB_ID,DO_YEAR,SEMESTER,GUBUN,SCORE,EXAM_DATE) values ('STU074','SUB0083','2018','1','2',77.58,to_date('18/06/28','RR/MM/DD'));
Insert into JDBCTEST.SCORES_TBL (STU_ID,SUB_ID,DO_YEAR,SEMESTER,GUBUN,SCORE,EXAM_DATE) values ('STU074','SUB0041','2018','1','2',80.11,to_date('18/06/26','RR/MM/DD'));
Insert into JDBCTEST.SCORES_TBL (STU_ID,SUB_ID,DO_YEAR,SEMESTER,GUBUN,SCORE,EXAM_DATE) values ('STU087','SUB0081','2018','1','1',70.55,to_date('18/04/20','RR/MM/DD'));
Insert into JDBCTEST.SCORES_TBL (STU_ID,SUB_ID,DO_YEAR,SEMESTER,GUBUN,SCORE,EXAM_DATE) values ('STU087','SUB0082','2018','1','1',78,to_date('18/04/19','RR/MM/DD'));
Insert into JDBCTEST.SCORES_TBL (STU_ID,SUB_ID,DO_YEAR,SEMESTER,GUBUN,SCORE,EXAM_DATE) values ('STU087','SUB0083','2018','1','1',71.55,to_date('18/04/23','RR/MM/DD'));
Insert into JDBCTEST.SCORES_TBL (STU_ID,SUB_ID,DO_YEAR,SEMESTER,GUBUN,SCORE,EXAM_DATE) values ('STU087','SUB0069','2018','1','1',84,to_date('18/04/24','RR/MM/DD'));
Insert into JDBCTEST.SCORES_TBL (STU_ID,SUB_ID,DO_YEAR,SEMESTER,GUBUN,SCORE,EXAM_DATE) values ('STU087','SUB0070','2018','1','1',80,to_date('18/04/25','RR/MM/DD'));
Insert into JDBCTEST.SCORES_TBL (STU_ID,SUB_ID,DO_YEAR,SEMESTER,GUBUN,SCORE,EXAM_DATE) values ('STU087','SUB0071','2018','1','1',78.18,to_date('18/04/24','RR/MM/DD'));
Insert into JDBCTEST.SCORES_TBL (STU_ID,SUB_ID,DO_YEAR,SEMESTER,GUBUN,SCORE,EXAM_DATE) values ('STU087','SUB0072','2018','1','1',69.55,to_date('18/04/19','RR/MM/DD'));
Insert into JDBCTEST.SCORES_TBL (STU_ID,SUB_ID,DO_YEAR,SEMESTER,GUBUN,SCORE,EXAM_DATE) values ('STU087','SUB0073','2018','1','1',71.24,to_date('18/04/23','RR/MM/DD'));
Insert into JDBCTEST.SCORES_TBL (STU_ID,SUB_ID,DO_YEAR,SEMESTER,GUBUN,SCORE,EXAM_DATE) values ('STU087','SUB0081','2018','1','2',85,to_date('18/06/25','RR/MM/DD'));
Insert into JDBCTEST.SCORES_TBL (STU_ID,SUB_ID,DO_YEAR,SEMESTER,GUBUN,SCORE,EXAM_DATE) values ('STU087','SUB0082','2018','1','2',78.15,to_date('18/06/29','RR/MM/DD'));
Insert into JDBCTEST.SCORES_TBL (STU_ID,SUB_ID,DO_YEAR,SEMESTER,GUBUN,SCORE,EXAM_DATE) values ('STU087','SUB0083','2018','1','2',69.25,to_date('18/06/28','RR/MM/DD'));
Insert into JDBCTEST.SCORES_TBL (STU_ID,SUB_ID,DO_YEAR,SEMESTER,GUBUN,SCORE,EXAM_DATE) values ('STU087','SUB0069','2018','1','2',71.25,to_date('18/06/29','RR/MM/DD'));
Insert into JDBCTEST.SCORES_TBL (STU_ID,SUB_ID,DO_YEAR,SEMESTER,GUBUN,SCORE,EXAM_DATE) values ('STU087','SUB0070','2018','1','2',83.17,to_date('18/06/27','RR/MM/DD'));
Insert into JDBCTEST.SCORES_TBL (STU_ID,SUB_ID,DO_YEAR,SEMESTER,GUBUN,SCORE,EXAM_DATE) values ('STU087','SUB0071','2018','1','2',90,to_date('18/06/25','RR/MM/DD'));
Insert into JDBCTEST.SCORES_TBL (STU_ID,SUB_ID,DO_YEAR,SEMESTER,GUBUN,SCORE,EXAM_DATE) values ('STU087','SUB0072','2018','1','2',77.55,to_date('18/06/26','RR/MM/DD'));
Insert into JDBCTEST.SCORES_TBL (STU_ID,SUB_ID,DO_YEAR,SEMESTER,GUBUN,SCORE,EXAM_DATE) values ('STU087','SUB0073','2018','1','2',77.22,to_date('18/06/29','RR/MM/DD'));
Insert into JDBCTEST.SCORES_TBL (STU_ID,SUB_ID,DO_YEAR,SEMESTER,GUBUN,SCORE,EXAM_DATE) values ('STU089','SUB0081','2018','1','1',60.55,to_date('18/04/20','RR/MM/DD'));
Insert into JDBCTEST.SCORES_TBL (STU_ID,SUB_ID,DO_YEAR,SEMESTER,GUBUN,SCORE,EXAM_DATE) values ('STU089','SUB0082','2018','1','1',75.11,to_date('18/04/19','RR/MM/DD'));
Insert into JDBCTEST.SCORES_TBL (STU_ID,SUB_ID,DO_YEAR,SEMESTER,GUBUN,SCORE,EXAM_DATE) values ('STU089','SUB0083','2018','1','1',80,to_date('18/04/23','RR/MM/DD'));
Insert into JDBCTEST.SCORES_TBL (STU_ID,SUB_ID,DO_YEAR,SEMESTER,GUBUN,SCORE,EXAM_DATE) values ('STU089','SUB0081','2018','1','2',88,to_date('18/06/25','RR/MM/DD'));
Insert into JDBCTEST.SCORES_TBL (STU_ID,SUB_ID,DO_YEAR,SEMESTER,GUBUN,SCORE,EXAM_DATE) values ('STU089','SUB0082','2018','1','2',81.25,to_date('18/06/29','RR/MM/DD'));
Insert into JDBCTEST.SCORES_TBL (STU_ID,SUB_ID,DO_YEAR,SEMESTER,GUBUN,SCORE,EXAM_DATE) values ('STU089','SUB0083','2018','1','2',78.22,to_date('18/06/28','RR/MM/DD'));
Insert into JDBCTEST.SCORES_TBL (STU_ID,SUB_ID,DO_YEAR,SEMESTER,GUBUN,SCORE,EXAM_DATE) values ('STU014','SUB0042','2018','1','1',85.22,to_date('18/04/20','RR/MM/DD'));
Insert into JDBCTEST.SCORES_TBL (STU_ID,SUB_ID,DO_YEAR,SEMESTER,GUBUN,SCORE,EXAM_DATE) values ('STU014','SUB0043','2018','1','1',83,to_date('18/04/17','RR/MM/DD'));
Insert into JDBCTEST.SCORES_TBL (STU_ID,SUB_ID,DO_YEAR,SEMESTER,GUBUN,SCORE,EXAM_DATE) values ('STU014','SUB0044','2018','1','1',80.17,to_date('18/04/19','RR/MM/DD'));
Insert into JDBCTEST.SCORES_TBL (STU_ID,SUB_ID,DO_YEAR,SEMESTER,GUBUN,SCORE,EXAM_DATE) values ('STU014','SUB0045','2018','1','1',80.28,to_date('18/04/20','RR/MM/DD'));
Insert into JDBCTEST.SCORES_TBL (STU_ID,SUB_ID,DO_YEAR,SEMESTER,GUBUN,SCORE,EXAM_DATE) values ('STU014','SUB0082','2018','1','1',80.25,to_date('18/04/19','RR/MM/DD'));
Insert into JDBCTEST.SCORES_TBL (STU_ID,SUB_ID,DO_YEAR,SEMESTER,GUBUN,SCORE,EXAM_DATE) values ('STU014','SUB0081','2018','1','1',90,to_date('18/04/20','RR/MM/DD'));
Insert into JDBCTEST.SCORES_TBL (STU_ID,SUB_ID,DO_YEAR,SEMESTER,GUBUN,SCORE,EXAM_DATE) values ('STU014','SUB0042','2018','1','2',58.25,to_date('18/06/29','RR/MM/DD'));
Insert into JDBCTEST.SCORES_TBL (STU_ID,SUB_ID,DO_YEAR,SEMESTER,GUBUN,SCORE,EXAM_DATE) values ('STU014','SUB0043','2018','1','2',87,to_date('18/06/28','RR/MM/DD'));
Insert into JDBCTEST.SCORES_TBL (STU_ID,SUB_ID,DO_YEAR,SEMESTER,GUBUN,SCORE,EXAM_DATE) values ('STU014','SUB0044','2018','1','2',69.02,to_date('18/06/25','RR/MM/DD'));
Insert into JDBCTEST.SCORES_TBL (STU_ID,SUB_ID,DO_YEAR,SEMESTER,GUBUN,SCORE,EXAM_DATE) values ('STU014','SUB0045','2018','1','2',70,to_date('18/06/29','RR/MM/DD'));
Insert into JDBCTEST.SCORES_TBL (STU_ID,SUB_ID,DO_YEAR,SEMESTER,GUBUN,SCORE,EXAM_DATE) values ('STU014','SUB0082','2018','1','2',70,to_date('18/06/29','RR/MM/DD'));
Insert into JDBCTEST.SCORES_TBL (STU_ID,SUB_ID,DO_YEAR,SEMESTER,GUBUN,SCORE,EXAM_DATE) values ('STU014','SUB0081','2018','1','2',85.2,to_date('18/06/25','RR/MM/DD'));
Insert into JDBCTEST.SCORES_TBL (STU_ID,SUB_ID,DO_YEAR,SEMESTER,GUBUN,SCORE,EXAM_DATE) values ('STU020','SUB0084','2018','1','1',80.77,to_date('18/04/24','RR/MM/DD'));
Insert into JDBCTEST.SCORES_TBL (STU_ID,SUB_ID,DO_YEAR,SEMESTER,GUBUN,SCORE,EXAM_DATE) values ('STU020','SUB0085','2018','1','1',77.69,to_date('18/04/27','RR/MM/DD'));
Insert into JDBCTEST.SCORES_TBL (STU_ID,SUB_ID,DO_YEAR,SEMESTER,GUBUN,SCORE,EXAM_DATE) values ('STU020','SUB0044','2018','1','1',88.17,to_date('18/04/19','RR/MM/DD'));
Insert into JDBCTEST.SCORES_TBL (STU_ID,SUB_ID,DO_YEAR,SEMESTER,GUBUN,SCORE,EXAM_DATE) values ('STU020','SUB0084','2018','1','2',69.41,to_date('18/06/26','RR/MM/DD'));
Insert into JDBCTEST.SCORES_TBL (STU_ID,SUB_ID,DO_YEAR,SEMESTER,GUBUN,SCORE,EXAM_DATE) values ('STU020','SUB0085','2018','1','2',70.58,to_date('18/06/27','RR/MM/DD'));
Insert into JDBCTEST.SCORES_TBL (STU_ID,SUB_ID,DO_YEAR,SEMESTER,GUBUN,SCORE,EXAM_DATE) values ('STU020','SUB0044','2018','1','2',80,to_date('18/06/25','RR/MM/DD'));
Insert into JDBCTEST.SCORES_TBL (STU_ID,SUB_ID,DO_YEAR,SEMESTER,GUBUN,SCORE,EXAM_DATE) values ('STU022','SUB0084','2018','1','1',58.11,to_date('18/04/24','RR/MM/DD'));
Insert into JDBCTEST.SCORES_TBL (STU_ID,SUB_ID,DO_YEAR,SEMESTER,GUBUN,SCORE,EXAM_DATE) values ('STU022','SUB0085','2018','1','1',79.2,to_date('18/04/27','RR/MM/DD'));
Insert into JDBCTEST.SCORES_TBL (STU_ID,SUB_ID,DO_YEAR,SEMESTER,GUBUN,SCORE,EXAM_DATE) values ('STU022','SUB0074','2018','1','1',90.17,to_date('18/04/24','RR/MM/DD'));
Insert into JDBCTEST.SCORES_TBL (STU_ID,SUB_ID,DO_YEAR,SEMESTER,GUBUN,SCORE,EXAM_DATE) values ('STU022','SUB0075','2018','1','1',85.41,to_date('18/04/23','RR/MM/DD'));
Insert into JDBCTEST.SCORES_TBL (STU_ID,SUB_ID,DO_YEAR,SEMESTER,GUBUN,SCORE,EXAM_DATE) values ('STU022','SUB0084','2018','1','2',60,to_date('18/06/26','RR/MM/DD'));
Insert into JDBCTEST.SCORES_TBL (STU_ID,SUB_ID,DO_YEAR,SEMESTER,GUBUN,SCORE,EXAM_DATE) values ('STU022','SUB0085','2018','1','2',51.44,to_date('18/06/27','RR/MM/DD'));
Insert into JDBCTEST.SCORES_TBL (STU_ID,SUB_ID,DO_YEAR,SEMESTER,GUBUN,SCORE,EXAM_DATE) values ('STU022','SUB0074','2018','1','2',92.77,to_date('18/06/25','RR/MM/DD'));
Insert into JDBCTEST.SCORES_TBL (STU_ID,SUB_ID,DO_YEAR,SEMESTER,GUBUN,SCORE,EXAM_DATE) values ('STU022','SUB0075','2018','1','2',88.47,to_date('18/06/29','RR/MM/DD'));
Insert into JDBCTEST.SCORES_TBL (STU_ID,SUB_ID,DO_YEAR,SEMESTER,GUBUN,SCORE,EXAM_DATE) values ('STU044','SUB0085','2018','1','1',77.88,to_date('18/04/27','RR/MM/DD'));
Insert into JDBCTEST.SCORES_TBL (STU_ID,SUB_ID,DO_YEAR,SEMESTER,GUBUN,SCORE,EXAM_DATE) values ('STU044','SUB0064','2018','1','1',90.11,to_date('18/04/28','RR/MM/DD'));
Insert into JDBCTEST.SCORES_TBL (STU_ID,SUB_ID,DO_YEAR,SEMESTER,GUBUN,SCORE,EXAM_DATE) values ('STU044','SUB0070','2018','1','1',48.88,to_date('18/04/25','RR/MM/DD'));
Insert into JDBCTEST.SCORES_TBL (STU_ID,SUB_ID,DO_YEAR,SEMESTER,GUBUN,SCORE,EXAM_DATE) values ('STU044','SUB0077','2018','1','1',68.41,to_date('18/04/19','RR/MM/DD'));
Insert into JDBCTEST.SCORES_TBL (STU_ID,SUB_ID,DO_YEAR,SEMESTER,GUBUN,SCORE,EXAM_DATE) values ('STU044','SUB0085','2018','1','2',88.1,to_date('18/06/27','RR/MM/DD'));
Insert into JDBCTEST.SCORES_TBL (STU_ID,SUB_ID,DO_YEAR,SEMESTER,GUBUN,SCORE,EXAM_DATE) values ('STU044','SUB0064','2018','1','2',91.02,to_date('18/06/26','RR/MM/DD'));
Insert into JDBCTEST.SCORES_TBL (STU_ID,SUB_ID,DO_YEAR,SEMESTER,GUBUN,SCORE,EXAM_DATE) values ('STU044','SUB0070','2018','1','2',77.45,to_date('18/06/27','RR/MM/DD'));
Insert into JDBCTEST.SCORES_TBL (STU_ID,SUB_ID,DO_YEAR,SEMESTER,GUBUN,SCORE,EXAM_DATE) values ('STU044','SUB0077','2018','1','2',79,to_date('18/06/27','RR/MM/DD'));
Insert into JDBCTEST.SCORES_TBL (STU_ID,SUB_ID,DO_YEAR,SEMESTER,GUBUN,SCORE,EXAM_DATE) values ('STU024','SUB0085','2018','1','1',77.52,to_date('18/04/27','RR/MM/DD'));
Insert into JDBCTEST.SCORES_TBL (STU_ID,SUB_ID,DO_YEAR,SEMESTER,GUBUN,SCORE,EXAM_DATE) values ('STU024','SUB0086','2018','1','1',58.17,to_date('18/04/17','RR/MM/DD'));
Insert into JDBCTEST.SCORES_TBL (STU_ID,SUB_ID,DO_YEAR,SEMESTER,GUBUN,SCORE,EXAM_DATE) values ('STU024','SUB0070','2018','1','1',87,to_date('18/04/25','RR/MM/DD'));
Insert into JDBCTEST.SCORES_TBL (STU_ID,SUB_ID,DO_YEAR,SEMESTER,GUBUN,SCORE,EXAM_DATE) values ('STU024','SUB0081','2018','1','1',71,to_date('18/04/20','RR/MM/DD'));
Insert into JDBCTEST.SCORES_TBL (STU_ID,SUB_ID,DO_YEAR,SEMESTER,GUBUN,SCORE,EXAM_DATE) values ('STU024','SUB0085','2018','1','2',87.94,to_date('18/06/27','RR/MM/DD'));
Insert into JDBCTEST.SCORES_TBL (STU_ID,SUB_ID,DO_YEAR,SEMESTER,GUBUN,SCORE,EXAM_DATE) values ('STU024','SUB0086','2018','1','2',77.28,to_date('18/06/25','RR/MM/DD'));
Insert into JDBCTEST.SCORES_TBL (STU_ID,SUB_ID,DO_YEAR,SEMESTER,GUBUN,SCORE,EXAM_DATE) values ('STU024','SUB0070','2018','1','2',79,to_date('18/06/27','RR/MM/DD'));
Insert into JDBCTEST.SCORES_TBL (STU_ID,SUB_ID,DO_YEAR,SEMESTER,GUBUN,SCORE,EXAM_DATE) values ('STU024','SUB0081','2018','1','2',75,to_date('18/06/25','RR/MM/DD'));
Insert into JDBCTEST.SCORES_TBL (STU_ID,SUB_ID,DO_YEAR,SEMESTER,GUBUN,SCORE,EXAM_DATE) values ('STU025','SUB0085','2018','1','1',69.54,to_date('18/04/27','RR/MM/DD'));
Insert into JDBCTEST.SCORES_TBL (STU_ID,SUB_ID,DO_YEAR,SEMESTER,GUBUN,SCORE,EXAM_DATE) values ('STU025','SUB0086','2018','1','1',80,to_date('18/04/17','RR/MM/DD'));
Insert into JDBCTEST.SCORES_TBL (STU_ID,SUB_ID,DO_YEAR,SEMESTER,GUBUN,SCORE,EXAM_DATE) values ('STU025','SUB0070','2018','1','1',70.12,to_date('18/04/25','RR/MM/DD'));
Insert into JDBCTEST.SCORES_TBL (STU_ID,SUB_ID,DO_YEAR,SEMESTER,GUBUN,SCORE,EXAM_DATE) values ('STU025','SUB0081','2018','1','1',67,to_date('18/04/20','RR/MM/DD'));
Insert into JDBCTEST.SCORES_TBL (STU_ID,SUB_ID,DO_YEAR,SEMESTER,GUBUN,SCORE,EXAM_DATE) values ('STU025','SUB0011','2018','1','1',90,to_date('18/04/22','RR/MM/DD'));
Insert into JDBCTEST.SCORES_TBL (STU_ID,SUB_ID,DO_YEAR,SEMESTER,GUBUN,SCORE,EXAM_DATE) values ('STU025','SUB0012','2018','1','1',85.17,to_date('18/04/24','RR/MM/DD'));
Insert into JDBCTEST.SCORES_TBL (STU_ID,SUB_ID,DO_YEAR,SEMESTER,GUBUN,SCORE,EXAM_DATE) values ('STU025','SUB0045','2018','1','1',70,to_date('18/04/20','RR/MM/DD'));
Insert into JDBCTEST.SCORES_TBL (STU_ID,SUB_ID,DO_YEAR,SEMESTER,GUBUN,SCORE,EXAM_DATE) values ('STU025','SUB0048','2018','1','1',80.14,to_date('18/04/19','RR/MM/DD'));
Insert into JDBCTEST.SCORES_TBL (STU_ID,SUB_ID,DO_YEAR,SEMESTER,GUBUN,SCORE,EXAM_DATE) values ('STU025','SUB0085','2018','1','2',93.12,to_date('18/06/27','RR/MM/DD'));
Insert into JDBCTEST.SCORES_TBL (STU_ID,SUB_ID,DO_YEAR,SEMESTER,GUBUN,SCORE,EXAM_DATE) values ('STU025','SUB0086','2018','1','2',80,to_date('18/06/25','RR/MM/DD'));
Insert into JDBCTEST.SCORES_TBL (STU_ID,SUB_ID,DO_YEAR,SEMESTER,GUBUN,SCORE,EXAM_DATE) values ('STU025','SUB0070','2018','1','2',79,to_date('18/06/27','RR/MM/DD'));
Insert into JDBCTEST.SCORES_TBL (STU_ID,SUB_ID,DO_YEAR,SEMESTER,GUBUN,SCORE,EXAM_DATE) values ('STU025','SUB0081','2018','1','2',71.11,to_date('18/06/25','RR/MM/DD'));
Insert into JDBCTEST.SCORES_TBL (STU_ID,SUB_ID,DO_YEAR,SEMESTER,GUBUN,SCORE,EXAM_DATE) values ('STU025','SUB0011','2018','1','2',63.01,to_date('18/06/25','RR/MM/DD'));
Insert into JDBCTEST.SCORES_TBL (STU_ID,SUB_ID,DO_YEAR,SEMESTER,GUBUN,SCORE,EXAM_DATE) values ('STU025','SUB0012','2018','1','2',90.41,to_date('18/06/29','RR/MM/DD'));
Insert into JDBCTEST.SCORES_TBL (STU_ID,SUB_ID,DO_YEAR,SEMESTER,GUBUN,SCORE,EXAM_DATE) values ('STU025','SUB0045','2018','1','2',97.22,to_date('18/06/29','RR/MM/DD'));
Insert into JDBCTEST.SCORES_TBL (STU_ID,SUB_ID,DO_YEAR,SEMESTER,GUBUN,SCORE,EXAM_DATE) values ('STU025','SUB0048','2018','1','2',80.01,to_date('18/06/25','RR/MM/DD'));
Insert into JDBCTEST.SCORES_TBL (STU_ID,SUB_ID,DO_YEAR,SEMESTER,GUBUN,SCORE,EXAM_DATE) values ('STU047','SUB0085','2018','1','1',77.88,to_date('18/04/27','RR/MM/DD'));
Insert into JDBCTEST.SCORES_TBL (STU_ID,SUB_ID,DO_YEAR,SEMESTER,GUBUN,SCORE,EXAM_DATE) values ('STU047','SUB0086','2018','1','1',85.14,to_date('18/04/17','RR/MM/DD'));
Insert into JDBCTEST.SCORES_TBL (STU_ID,SUB_ID,DO_YEAR,SEMESTER,GUBUN,SCORE,EXAM_DATE) values ('STU047','SUB0022','2018','1','1',90.25,to_date('18/04/25','RR/MM/DD'));
Insert into JDBCTEST.SCORES_TBL (STU_ID,SUB_ID,DO_YEAR,SEMESTER,GUBUN,SCORE,EXAM_DATE) values ('STU047','SUB0029','2018','1','1',88.17,to_date('18/04/20','RR/MM/DD'));
Insert into JDBCTEST.SCORES_TBL (STU_ID,SUB_ID,DO_YEAR,SEMESTER,GUBUN,SCORE,EXAM_DATE) values ('STU047','SUB0036','2018','1','1',87,to_date('18/04/25','RR/MM/DD'));
Insert into JDBCTEST.SCORES_TBL (STU_ID,SUB_ID,DO_YEAR,SEMESTER,GUBUN,SCORE,EXAM_DATE) values ('STU047','SUB0085','2018','1','2',69.14,to_date('18/06/27','RR/MM/DD'));
Insert into JDBCTEST.SCORES_TBL (STU_ID,SUB_ID,DO_YEAR,SEMESTER,GUBUN,SCORE,EXAM_DATE) values ('STU047','SUB0086','2018','1','2',78.11,to_date('18/06/25','RR/MM/DD'));
Insert into JDBCTEST.SCORES_TBL (STU_ID,SUB_ID,DO_YEAR,SEMESTER,GUBUN,SCORE,EXAM_DATE) values ('STU047','SUB0022','2018','1','2',88,to_date('18/06/25','RR/MM/DD'));
Insert into JDBCTEST.SCORES_TBL (STU_ID,SUB_ID,DO_YEAR,SEMESTER,GUBUN,SCORE,EXAM_DATE) values ('STU047','SUB0029','2018','1','2',90.14,to_date('18/06/29','RR/MM/DD'));
Insert into JDBCTEST.SCORES_TBL (STU_ID,SUB_ID,DO_YEAR,SEMESTER,GUBUN,SCORE,EXAM_DATE) values ('STU047','SUB0036','2018','1','2',87.17,to_date('18/06/28','RR/MM/DD'));
Insert into JDBCTEST.SCORES_TBL (STU_ID,SUB_ID,DO_YEAR,SEMESTER,GUBUN,SCORE,EXAM_DATE) values ('STU053','SUB0085','2018','1','1',78.2,to_date('18/04/27','RR/MM/DD'));
Insert into JDBCTEST.SCORES_TBL (STU_ID,SUB_ID,DO_YEAR,SEMESTER,GUBUN,SCORE,EXAM_DATE) values ('STU053','SUB0086','2018','1','1',79.39,to_date('18/04/17','RR/MM/DD'));
Insert into JDBCTEST.SCORES_TBL (STU_ID,SUB_ID,DO_YEAR,SEMESTER,GUBUN,SCORE,EXAM_DATE) values ('STU053','SUB0085','2018','1','2',80.1,to_date('18/06/27','RR/MM/DD'));
Insert into JDBCTEST.SCORES_TBL (STU_ID,SUB_ID,DO_YEAR,SEMESTER,GUBUN,SCORE,EXAM_DATE) values ('STU053','SUB0086','2018','1','2',82.22,to_date('18/06/25','RR/MM/DD'));
Insert into JDBCTEST.SCORES_TBL (STU_ID,SUB_ID,DO_YEAR,SEMESTER,GUBUN,SCORE,EXAM_DATE) values ('STU054','SUB0085','2018','1','1',60.28,to_date('18/04/27','RR/MM/DD'));
Insert into JDBCTEST.SCORES_TBL (STU_ID,SUB_ID,DO_YEAR,SEMESTER,GUBUN,SCORE,EXAM_DATE) values ('STU054','SUB0086','2018','1','1',70.14,to_date('18/04/17','RR/MM/DD'));
Insert into JDBCTEST.SCORES_TBL (STU_ID,SUB_ID,DO_YEAR,SEMESTER,GUBUN,SCORE,EXAM_DATE) values ('STU054','SUB0001','2018','1','1',81.25,to_date('18/04/20','RR/MM/DD'));
Insert into JDBCTEST.SCORES_TBL (STU_ID,SUB_ID,DO_YEAR,SEMESTER,GUBUN,SCORE,EXAM_DATE) values ('STU054','SUB0002','2018','1','1',90.14,to_date('18/04/19','RR/MM/DD'));
Insert into JDBCTEST.SCORES_TBL (STU_ID,SUB_ID,DO_YEAR,SEMESTER,GUBUN,SCORE,EXAM_DATE) values ('STU054','SUB0003','2018','1','1',88.77,to_date('18/04/20','RR/MM/DD'));
Insert into JDBCTEST.SCORES_TBL (STU_ID,SUB_ID,DO_YEAR,SEMESTER,GUBUN,SCORE,EXAM_DATE) values ('STU054','SUB0009','2018','1','1',81.25,to_date('18/04/20','RR/MM/DD'));
Insert into JDBCTEST.SCORES_TBL (STU_ID,SUB_ID,DO_YEAR,SEMESTER,GUBUN,SCORE,EXAM_DATE) values ('STU054','SUB0085','2018','1','2',96.11,to_date('18/06/27','RR/MM/DD'));
Insert into JDBCTEST.SCORES_TBL (STU_ID,SUB_ID,DO_YEAR,SEMESTER,GUBUN,SCORE,EXAM_DATE) values ('STU054','SUB0086','2018','1','2',54.25,to_date('18/06/25','RR/MM/DD'));
Insert into JDBCTEST.SCORES_TBL (STU_ID,SUB_ID,DO_YEAR,SEMESTER,GUBUN,SCORE,EXAM_DATE) values ('STU054','SUB0001','2018','1','2',81.24,to_date('18/06/25','RR/MM/DD'));
Insert into JDBCTEST.SCORES_TBL (STU_ID,SUB_ID,DO_YEAR,SEMESTER,GUBUN,SCORE,EXAM_DATE) values ('STU054','SUB0002','2018','1','2',77.87,to_date('18/06/26','RR/MM/DD'));
Insert into JDBCTEST.SCORES_TBL (STU_ID,SUB_ID,DO_YEAR,SEMESTER,GUBUN,SCORE,EXAM_DATE) values ('STU054','SUB0003','2018','1','2',69,to_date('18/06/27','RR/MM/DD'));
Insert into JDBCTEST.SCORES_TBL (STU_ID,SUB_ID,DO_YEAR,SEMESTER,GUBUN,SCORE,EXAM_DATE) values ('STU054','SUB0009','2018','1','2',80.01,to_date('18/06/28','RR/MM/DD'));
Insert into JDBCTEST.SCORES_TBL (STU_ID,SUB_ID,DO_YEAR,SEMESTER,GUBUN,SCORE,EXAM_DATE) values ('STU065','SUB0085','2018','1','1',67,to_date('18/04/27','RR/MM/DD'));
Insert into JDBCTEST.SCORES_TBL (STU_ID,SUB_ID,DO_YEAR,SEMESTER,GUBUN,SCORE,EXAM_DATE) values ('STU065','SUB0086','2018','1','1',80.65,to_date('18/04/17','RR/MM/DD'));
Insert into JDBCTEST.SCORES_TBL (STU_ID,SUB_ID,DO_YEAR,SEMESTER,GUBUN,SCORE,EXAM_DATE) values ('STU065','SUB0033','2018','1','1',80.17,to_date('18/04/20','RR/MM/DD'));
Insert into JDBCTEST.SCORES_TBL (STU_ID,SUB_ID,DO_YEAR,SEMESTER,GUBUN,SCORE,EXAM_DATE) values ('STU065','SUB0034','2018','1','1',77.55,to_date('18/04/23','RR/MM/DD'));
Insert into JDBCTEST.SCORES_TBL (STU_ID,SUB_ID,DO_YEAR,SEMESTER,GUBUN,SCORE,EXAM_DATE) values ('STU065','SUB0085','2018','1','2',69.28,to_date('18/06/27','RR/MM/DD'));
Insert into JDBCTEST.SCORES_TBL (STU_ID,SUB_ID,DO_YEAR,SEMESTER,GUBUN,SCORE,EXAM_DATE) values ('STU065','SUB0086','2018','1','2',80.17,to_date('18/06/25','RR/MM/DD'));
Insert into JDBCTEST.SCORES_TBL (STU_ID,SUB_ID,DO_YEAR,SEMESTER,GUBUN,SCORE,EXAM_DATE) values ('STU065','SUB0033','2018','1','2',88.25,to_date('18/06/26','RR/MM/DD'));
Insert into JDBCTEST.SCORES_TBL (STU_ID,SUB_ID,DO_YEAR,SEMESTER,GUBUN,SCORE,EXAM_DATE) values ('STU065','SUB0034','2018','1','2',90.17,to_date('18/06/25','RR/MM/DD'));
Insert into JDBCTEST.SCORES_TBL (STU_ID,SUB_ID,DO_YEAR,SEMESTER,GUBUN,SCORE,EXAM_DATE) values ('STU067','SUB0085','2018','1','1',78.1,to_date('18/04/27','RR/MM/DD'));
Insert into JDBCTEST.SCORES_TBL (STU_ID,SUB_ID,DO_YEAR,SEMESTER,GUBUN,SCORE,EXAM_DATE) values ('STU067','SUB0086','2018','1','1',88.25,to_date('18/04/17','RR/MM/DD'));
Insert into JDBCTEST.SCORES_TBL (STU_ID,SUB_ID,DO_YEAR,SEMESTER,GUBUN,SCORE,EXAM_DATE) values ('STU067','SUB0055','2018','1','1',69.14,to_date('18/04/22','RR/MM/DD'));
Insert into JDBCTEST.SCORES_TBL (STU_ID,SUB_ID,DO_YEAR,SEMESTER,GUBUN,SCORE,EXAM_DATE) values ('STU067','SUB0057','2018','1','1',81.25,to_date('18/04/30','RR/MM/DD'));
Insert into JDBCTEST.SCORES_TBL (STU_ID,SUB_ID,DO_YEAR,SEMESTER,GUBUN,SCORE,EXAM_DATE) values ('STU067','SUB0085','2018','1','2',55.45,to_date('18/06/27','RR/MM/DD'));
Insert into JDBCTEST.SCORES_TBL (STU_ID,SUB_ID,DO_YEAR,SEMESTER,GUBUN,SCORE,EXAM_DATE) values ('STU067','SUB0086','2018','1','2',61.88,to_date('18/06/25','RR/MM/DD'));
Insert into JDBCTEST.SCORES_TBL (STU_ID,SUB_ID,DO_YEAR,SEMESTER,GUBUN,SCORE,EXAM_DATE) values ('STU067','SUB0055','2018','1','2',90.48,to_date('18/06/26','RR/MM/DD'));
Insert into JDBCTEST.SCORES_TBL (STU_ID,SUB_ID,DO_YEAR,SEMESTER,GUBUN,SCORE,EXAM_DATE) values ('STU067','SUB0056','2018','1','2',94.28,to_date('18/06/26','RR/MM/DD'));
Insert into JDBCTEST.SCORES_TBL (STU_ID,SUB_ID,DO_YEAR,SEMESTER,GUBUN,SCORE,EXAM_DATE) values ('STU067','SUB0057','2018','1','2',80.77,to_date('18/06/29','RR/MM/DD'));
Insert into JDBCTEST.SCORES_TBL (STU_ID,SUB_ID,DO_YEAR,SEMESTER,GUBUN,SCORE,EXAM_DATE) values ('STU070','SUB0085','2018','1','1',79,to_date('18/04/27','RR/MM/DD'));
Insert into JDBCTEST.SCORES_TBL (STU_ID,SUB_ID,DO_YEAR,SEMESTER,GUBUN,SCORE,EXAM_DATE) values ('STU070','SUB0086','2018','1','1',81,to_date('18/04/17','RR/MM/DD'));
Insert into JDBCTEST.SCORES_TBL (STU_ID,SUB_ID,DO_YEAR,SEMESTER,GUBUN,SCORE,EXAM_DATE) values ('STU070','SUB0081','2018','1','1',79.25,to_date('18/04/20','RR/MM/DD'));
Insert into JDBCTEST.SCORES_TBL (STU_ID,SUB_ID,DO_YEAR,SEMESTER,GUBUN,SCORE,EXAM_DATE) values ('STU070','SUB0082','2018','1','1',90,to_date('18/04/19','RR/MM/DD'));
Insert into JDBCTEST.SCORES_TBL (STU_ID,SUB_ID,DO_YEAR,SEMESTER,GUBUN,SCORE,EXAM_DATE) values ('STU070','SUB0083','2018','1','1',69.14,to_date('18/04/23','RR/MM/DD'));
Insert into JDBCTEST.SCORES_TBL (STU_ID,SUB_ID,DO_YEAR,SEMESTER,GUBUN,SCORE,EXAM_DATE) values ('STU070','SUB0022','2018','1','1',68,to_date('18/04/25','RR/MM/DD'));
Insert into JDBCTEST.SCORES_TBL (STU_ID,SUB_ID,DO_YEAR,SEMESTER,GUBUN,SCORE,EXAM_DATE) values ('STU070','SUB0023','2018','1','1',80.11,to_date('18/04/24','RR/MM/DD'));
Insert into JDBCTEST.SCORES_TBL (STU_ID,SUB_ID,DO_YEAR,SEMESTER,GUBUN,SCORE,EXAM_DATE) values ('STU070','SUB0024','2018','1','1',78,to_date('18/04/22','RR/MM/DD'));
Insert into JDBCTEST.SCORES_TBL (STU_ID,SUB_ID,DO_YEAR,SEMESTER,GUBUN,SCORE,EXAM_DATE) values ('STU070','SUB0085','2018','1','2',46.44,to_date('18/06/27','RR/MM/DD'));
Insert into JDBCTEST.SCORES_TBL (STU_ID,SUB_ID,DO_YEAR,SEMESTER,GUBUN,SCORE,EXAM_DATE) values ('STU070','SUB0086','2018','1','2',87.88,to_date('18/06/25','RR/MM/DD'));
Insert into JDBCTEST.SCORES_TBL (STU_ID,SUB_ID,DO_YEAR,SEMESTER,GUBUN,SCORE,EXAM_DATE) values ('STU070','SUB0081','2018','1','2',94.12,to_date('18/06/25','RR/MM/DD'));
Insert into JDBCTEST.SCORES_TBL (STU_ID,SUB_ID,DO_YEAR,SEMESTER,GUBUN,SCORE,EXAM_DATE) values ('STU070','SUB0082','2018','1','2',77.96,to_date('18/06/29','RR/MM/DD'));
Insert into JDBCTEST.SCORES_TBL (STU_ID,SUB_ID,DO_YEAR,SEMESTER,GUBUN,SCORE,EXAM_DATE) values ('STU070','SUB0083','2018','1','2',74.24,to_date('18/06/28','RR/MM/DD'));
Insert into JDBCTEST.SCORES_TBL (STU_ID,SUB_ID,DO_YEAR,SEMESTER,GUBUN,SCORE,EXAM_DATE) values ('STU070','SUB0022','2018','1','2',80.24,to_date('18/06/25','RR/MM/DD'));
Insert into JDBCTEST.SCORES_TBL (STU_ID,SUB_ID,DO_YEAR,SEMESTER,GUBUN,SCORE,EXAM_DATE) values ('STU070','SUB0023','2018','1','2',94,to_date('18/06/29','RR/MM/DD'));
Insert into JDBCTEST.SCORES_TBL (STU_ID,SUB_ID,DO_YEAR,SEMESTER,GUBUN,SCORE,EXAM_DATE) values ('STU070','SUB0024','2018','1','2',77.88,to_date('18/06/26','RR/MM/DD'));
Insert into JDBCTEST.SCORES_TBL (STU_ID,SUB_ID,DO_YEAR,SEMESTER,GUBUN,SCORE,EXAM_DATE) values ('STU076','SUB0085','2018','1','1',80.44,to_date('18/04/27','RR/MM/DD'));
Insert into JDBCTEST.SCORES_TBL (STU_ID,SUB_ID,DO_YEAR,SEMESTER,GUBUN,SCORE,EXAM_DATE) values ('STU076','SUB0086','2018','1','1',90.17,to_date('18/04/17','RR/MM/DD'));
Insert into JDBCTEST.SCORES_TBL (STU_ID,SUB_ID,DO_YEAR,SEMESTER,GUBUN,SCORE,EXAM_DATE) values ('STU076','SUB0065','2018','1','1',89.78,to_date('18/04/17','RR/MM/DD'));
Insert into JDBCTEST.SCORES_TBL (STU_ID,SUB_ID,DO_YEAR,SEMESTER,GUBUN,SCORE,EXAM_DATE) values ('STU076','SUB0085','2018','1','2',64,to_date('18/06/27','RR/MM/DD'));
Insert into JDBCTEST.SCORES_TBL (STU_ID,SUB_ID,DO_YEAR,SEMESTER,GUBUN,SCORE,EXAM_DATE) values ('STU076','SUB0086','2018','1','2',90.25,to_date('18/06/25','RR/MM/DD'));
Insert into JDBCTEST.SCORES_TBL (STU_ID,SUB_ID,DO_YEAR,SEMESTER,GUBUN,SCORE,EXAM_DATE) values ('STU076','SUB0065','2018','1','2',77.17,to_date('18/06/25','RR/MM/DD'));
Insert into JDBCTEST.SCORES_TBL (STU_ID,SUB_ID,DO_YEAR,SEMESTER,GUBUN,SCORE,EXAM_DATE) values ('STU080','SUB0085','2018','1','1',78,to_date('18/04/27','RR/MM/DD'));
Insert into JDBCTEST.SCORES_TBL (STU_ID,SUB_ID,DO_YEAR,SEMESTER,GUBUN,SCORE,EXAM_DATE) values ('STU080','SUB0086','2018','1','1',64.88,to_date('18/04/17','RR/MM/DD'));
Insert into JDBCTEST.SCORES_TBL (STU_ID,SUB_ID,DO_YEAR,SEMESTER,GUBUN,SCORE,EXAM_DATE) values ('STU080','SUB0004','2018','1','1',80.14,to_date('18/04/22','RR/MM/DD'));
Insert into JDBCTEST.SCORES_TBL (STU_ID,SUB_ID,DO_YEAR,SEMESTER,GUBUN,SCORE,EXAM_DATE) values ('STU080','SUB0005','2018','1','1',77,to_date('18/04/22','RR/MM/DD'));
Insert into JDBCTEST.SCORES_TBL (STU_ID,SUB_ID,DO_YEAR,SEMESTER,GUBUN,SCORE,EXAM_DATE) values ('STU080','SUB0006','2018','1','1',81.25,to_date('18/06/28','RR/MM/DD'));
Insert into JDBCTEST.SCORES_TBL (STU_ID,SUB_ID,DO_YEAR,SEMESTER,GUBUN,SCORE,EXAM_DATE) values ('STU080','SUB0051','2018','1','1',90,to_date('18/04/20','RR/MM/DD'));
Insert into JDBCTEST.SCORES_TBL (STU_ID,SUB_ID,DO_YEAR,SEMESTER,GUBUN,SCORE,EXAM_DATE) values ('STU080','SUB0052','2018','1','1',88.17,to_date('18/04/17','RR/MM/DD'));
Insert into JDBCTEST.SCORES_TBL (STU_ID,SUB_ID,DO_YEAR,SEMESTER,GUBUN,SCORE,EXAM_DATE) values ('STU080','SUB0077','2018','1','1',80.44,to_date('18/04/19','RR/MM/DD'));
Insert into JDBCTEST.SCORES_TBL (STU_ID,SUB_ID,DO_YEAR,SEMESTER,GUBUN,SCORE,EXAM_DATE) values ('STU080','SUB0085','2018','1','2',78.25,to_date('18/06/27','RR/MM/DD'));
Insert into JDBCTEST.SCORES_TBL (STU_ID,SUB_ID,DO_YEAR,SEMESTER,GUBUN,SCORE,EXAM_DATE) values ('STU080','SUB0086','2018','1','2',85.01,to_date('18/06/25','RR/MM/DD'));
Insert into JDBCTEST.SCORES_TBL (STU_ID,SUB_ID,DO_YEAR,SEMESTER,GUBUN,SCORE,EXAM_DATE) values ('STU080','SUB0004','2018','1','2',90,to_date('18/06/26','RR/MM/DD'));
Insert into JDBCTEST.SCORES_TBL (STU_ID,SUB_ID,DO_YEAR,SEMESTER,GUBUN,SCORE,EXAM_DATE) values ('STU080','SUB0005','2018','1','2',48,to_date('18/06/28','RR/MM/DD'));
Insert into JDBCTEST.SCORES_TBL (STU_ID,SUB_ID,DO_YEAR,SEMESTER,GUBUN,SCORE,EXAM_DATE) values ('STU080','SUB0006','2018','1','2',79.28,to_date('18/06/27','RR/MM/DD'));
Insert into JDBCTEST.SCORES_TBL (STU_ID,SUB_ID,DO_YEAR,SEMESTER,GUBUN,SCORE,EXAM_DATE) values ('STU080','SUB0051','2018','1','2',60.28,to_date('18/06/25','RR/MM/DD'));
Insert into JDBCTEST.SCORES_TBL (STU_ID,SUB_ID,DO_YEAR,SEMESTER,GUBUN,SCORE,EXAM_DATE) values ('STU080','SUB0052','2018','1','2',90.44,to_date('18/06/25','RR/MM/DD'));
Insert into JDBCTEST.SCORES_TBL (STU_ID,SUB_ID,DO_YEAR,SEMESTER,GUBUN,SCORE,EXAM_DATE) values ('STU080','SUB0077','2018','1','2',98.77,to_date('18/06/27','RR/MM/DD'));
REM INSERTING into JDBCTEST.STUDENTS_TBL
SET DEFINE OFF;
Insert into JDBCTEST.STUDENTS_TBL (STU_ID,STU_NAME,STU_TEL,STU_ADDR_GRP,STU_ADDR,STU_ADDR2,STU_DEPT_GRP,STU_DEPT) values ('STU003','홍길동03','010-5555-4414','GRP001','COM0036','COM0002','GRP002','COM0015');
Insert into JDBCTEST.STUDENTS_TBL (STU_ID,STU_NAME,STU_TEL,STU_ADDR_GRP,STU_ADDR,STU_ADDR2,STU_DEPT_GRP,STU_DEPT) values ('STU004','홍길동04','010-5555-4414','GRP001','COM0044','COM0015','GRP002','COM0014');
Insert into JDBCTEST.STUDENTS_TBL (STU_ID,STU_NAME,STU_TEL,STU_ADDR_GRP,STU_ADDR,STU_ADDR2,STU_DEPT_GRP,STU_DEPT) values ('STU005','홍길동05','010-5555-4414','GRP001','COM0034','COM0002','GRP002','COM0017');
Insert into JDBCTEST.STUDENTS_TBL (STU_ID,STU_NAME,STU_TEL,STU_ADDR_GRP,STU_ADDR,STU_ADDR2,STU_DEPT_GRP,STU_DEPT) values ('STU006','홍길동06','010-5555-4414','GRP001','COM0043','COM0015','GRP002','COM0020');
Insert into JDBCTEST.STUDENTS_TBL (STU_ID,STU_NAME,STU_TEL,STU_ADDR_GRP,STU_ADDR,STU_ADDR2,STU_DEPT_GRP,STU_DEPT) values ('STU007','홍길동07','010-5555-4414','GRP001','COM0047','COM0015','GRP002','COM0020');
Insert into JDBCTEST.STUDENTS_TBL (STU_ID,STU_NAME,STU_TEL,STU_ADDR_GRP,STU_ADDR,STU_ADDR2,STU_DEPT_GRP,STU_DEPT) values ('STU008','홍길동08','010-5555-4414','GRP001','COM0038','COM0002','GRP002','COM0008');
Insert into JDBCTEST.STUDENTS_TBL (STU_ID,STU_NAME,STU_TEL,STU_ADDR_GRP,STU_ADDR,STU_ADDR2,STU_DEPT_GRP,STU_DEPT) values ('STU009','홍길동09','010-5555-4414','GRP001','COM0047','COM0015','GRP002','COM0022');
Insert into JDBCTEST.STUDENTS_TBL (STU_ID,STU_NAME,STU_TEL,STU_ADDR_GRP,STU_ADDR,STU_ADDR2,STU_DEPT_GRP,STU_DEPT) values ('STU010','홍길동10','010-5555-4414','GRP001','COM0034','COM0002','GRP002','COM0012');
Insert into JDBCTEST.STUDENTS_TBL (STU_ID,STU_NAME,STU_TEL,STU_ADDR_GRP,STU_ADDR,STU_ADDR2,STU_DEPT_GRP,STU_DEPT) values ('STU011','홍길동11','010-5555-4414','GRP001','COM0033','COM0002','GRP002','COM0024');
Insert into JDBCTEST.STUDENTS_TBL (STU_ID,STU_NAME,STU_TEL,STU_ADDR_GRP,STU_ADDR,STU_ADDR2,STU_DEPT_GRP,STU_DEPT) values ('STU012','홍길동12','010-5555-4414','GRP001','COM0043','COM0015','GRP002','COM0023');
Insert into JDBCTEST.STUDENTS_TBL (STU_ID,STU_NAME,STU_TEL,STU_ADDR_GRP,STU_ADDR,STU_ADDR2,STU_DEPT_GRP,STU_DEPT) values ('STU014','홍길동14','010-5555-4414','GRP001','COM0034','COM0002','GRP002','COM0026');
Insert into JDBCTEST.STUDENTS_TBL (STU_ID,STU_NAME,STU_TEL,STU_ADDR_GRP,STU_ADDR,STU_ADDR2,STU_DEPT_GRP,STU_DEPT) values ('STU015','홍길동15','010-5555-4414','GRP001','COM0043','COM0015','GRP002','COM0014');
Insert into JDBCTEST.STUDENTS_TBL (STU_ID,STU_NAME,STU_TEL,STU_ADDR_GRP,STU_ADDR,STU_ADDR2,STU_DEPT_GRP,STU_DEPT) values ('STU016','홍길동16','010-5555-4414','GRP001','COM0048','COM0015','GRP002','COM0023');
Insert into JDBCTEST.STUDENTS_TBL (STU_ID,STU_NAME,STU_TEL,STU_ADDR_GRP,STU_ADDR,STU_ADDR2,STU_DEPT_GRP,STU_DEPT) values ('STU017','홍길동17','010-5555-4414','GRP001','COM0029','COM0002','GRP002','COM0006');
Insert into JDBCTEST.STUDENTS_TBL (STU_ID,STU_NAME,STU_TEL,STU_ADDR_GRP,STU_ADDR,STU_ADDR2,STU_DEPT_GRP,STU_DEPT) values ('STU018','홍길동18','010-5555-4414','GRP001','COM0038','COM0002','GRP002','COM0010');
Insert into JDBCTEST.STUDENTS_TBL (STU_ID,STU_NAME,STU_TEL,STU_ADDR_GRP,STU_ADDR,STU_ADDR2,STU_DEPT_GRP,STU_DEPT) values ('STU019','홍길동19','010-5555-4414','GRP001','COM0038','COM0002','GRP002','COM0012');
Insert into JDBCTEST.STUDENTS_TBL (STU_ID,STU_NAME,STU_TEL,STU_ADDR_GRP,STU_ADDR,STU_ADDR2,STU_DEPT_GRP,STU_DEPT) values ('STU020','홍길동20','010-5555-4414','GRP001','COM0029','COM0002','GRP002','COM0027');
Insert into JDBCTEST.STUDENTS_TBL (STU_ID,STU_NAME,STU_TEL,STU_ADDR_GRP,STU_ADDR,STU_ADDR2,STU_DEPT_GRP,STU_DEPT) values ('STU021','홍길동21','010-5555-4414','GRP001','COM0030','COM0002','GRP002','COM0006');
Insert into JDBCTEST.STUDENTS_TBL (STU_ID,STU_NAME,STU_TEL,STU_ADDR_GRP,STU_ADDR,STU_ADDR2,STU_DEPT_GRP,STU_DEPT) values ('STU022','홍길동22','010-5555-4414','GRP001','COM0031','COM0002','GRP002','COM0027');
Insert into JDBCTEST.STUDENTS_TBL (STU_ID,STU_NAME,STU_TEL,STU_ADDR_GRP,STU_ADDR,STU_ADDR2,STU_DEPT_GRP,STU_DEPT) values ('STU023','홍길동23','010-5555-4414','GRP001','COM0036','COM0002','GRP002','COM0010');
Insert into JDBCTEST.STUDENTS_TBL (STU_ID,STU_NAME,STU_TEL,STU_ADDR_GRP,STU_ADDR,STU_ADDR2,STU_DEPT_GRP,STU_DEPT) values ('STU024','홍길동24','010-5555-4414','GRP001','COM0043','COM0015','GRP002','COM0028');
Insert into JDBCTEST.STUDENTS_TBL (STU_ID,STU_NAME,STU_TEL,STU_ADDR_GRP,STU_ADDR,STU_ADDR2,STU_DEPT_GRP,STU_DEPT) values ('STU025','홍길동25','010-5555-4414','GRP001','COM0029','COM0002','GRP002','COM0028');
Insert into JDBCTEST.STUDENTS_TBL (STU_ID,STU_NAME,STU_TEL,STU_ADDR_GRP,STU_ADDR,STU_ADDR2,STU_DEPT_GRP,STU_DEPT) values ('STU026','홍길동26','010-5555-4414','GRP001','COM0043','COM0015','GRP002','COM0011');
Insert into JDBCTEST.STUDENTS_TBL (STU_ID,STU_NAME,STU_TEL,STU_ADDR_GRP,STU_ADDR,STU_ADDR2,STU_DEPT_GRP,STU_DEPT) values ('STU027','홍길동27','010-5555-4414','GRP001','COM0034','COM0002','GRP002','COM0016');
Insert into JDBCTEST.STUDENTS_TBL (STU_ID,STU_NAME,STU_TEL,STU_ADDR_GRP,STU_ADDR,STU_ADDR2,STU_DEPT_GRP,STU_DEPT) values ('STU028','홍길동28','010-5555-4414','GRP001','COM0030','COM0002','GRP002','COM0011');
Insert into JDBCTEST.STUDENTS_TBL (STU_ID,STU_NAME,STU_TEL,STU_ADDR_GRP,STU_ADDR,STU_ADDR2,STU_DEPT_GRP,STU_DEPT) values ('STU029','홍길동29','010-5555-4414','GRP001','COM0043','COM0015','GRP002','COM0016');
Insert into JDBCTEST.STUDENTS_TBL (STU_ID,STU_NAME,STU_TEL,STU_ADDR_GRP,STU_ADDR,STU_ADDR2,STU_DEPT_GRP,STU_DEPT) values ('STU030','홍길동30','010-5555-4414','GRP001','COM0035','COM0002','GRP002','COM0016');
Insert into JDBCTEST.STUDENTS_TBL (STU_ID,STU_NAME,STU_TEL,STU_ADDR_GRP,STU_ADDR,STU_ADDR2,STU_DEPT_GRP,STU_DEPT) values ('STU031','홍길동31','010-5555-4414','GRP001','COM0043','COM0015','GRP002','COM0024');
Insert into JDBCTEST.STUDENTS_TBL (STU_ID,STU_NAME,STU_TEL,STU_ADDR_GRP,STU_ADDR,STU_ADDR2,STU_DEPT_GRP,STU_DEPT) values ('STU032','홍길동32','010-5555-4414','GRP001','COM0038','COM0002','GRP002','COM0007');
Insert into JDBCTEST.STUDENTS_TBL (STU_ID,STU_NAME,STU_TEL,STU_ADDR_GRP,STU_ADDR,STU_ADDR2,STU_DEPT_GRP,STU_DEPT) values ('STU033','홍길동33','010-5555-4414','GRP001','COM0043','COM0015','GRP002','COM0016');
Insert into JDBCTEST.STUDENTS_TBL (STU_ID,STU_NAME,STU_TEL,STU_ADDR_GRP,STU_ADDR,STU_ADDR2,STU_DEPT_GRP,STU_DEPT) values ('STU034','홍길동34','010-5555-4414','GRP001','COM0036','COM0002','GRP002','COM0006');
Insert into JDBCTEST.STUDENTS_TBL (STU_ID,STU_NAME,STU_TEL,STU_ADDR_GRP,STU_ADDR,STU_ADDR2,STU_DEPT_GRP,STU_DEPT) values ('STU035','홍길동35','010-5555-4414','GRP001','COM0035','COM0002','GRP002','COM0017');
Insert into JDBCTEST.STUDENTS_TBL (STU_ID,STU_NAME,STU_TEL,STU_ADDR_GRP,STU_ADDR,STU_ADDR2,STU_DEPT_GRP,STU_DEPT) values ('STU036','홍길동36','010-5555-4414','GRP001','COM0044','COM0015','GRP002','COM0016');
Insert into JDBCTEST.STUDENTS_TBL (STU_ID,STU_NAME,STU_TEL,STU_ADDR_GRP,STU_ADDR,STU_ADDR2,STU_DEPT_GRP,STU_DEPT) values ('STU037','홍길동37','010-5555-4414','GRP001','COM0039','COM0002','GRP002','COM0008');
Insert into JDBCTEST.STUDENTS_TBL (STU_ID,STU_NAME,STU_TEL,STU_ADDR_GRP,STU_ADDR,STU_ADDR2,STU_DEPT_GRP,STU_DEPT) values ('STU038','홍길동38','010-5555-4414','GRP001','COM0044','COM0015','GRP002','COM0008');
Insert into JDBCTEST.STUDENTS_TBL (STU_ID,STU_NAME,STU_TEL,STU_ADDR_GRP,STU_ADDR,STU_ADDR2,STU_DEPT_GRP,STU_DEPT) values ('STU039','홍길동39','010-5555-4414','GRP001','COM0034','COM0002','GRP002','COM0010');
Insert into JDBCTEST.STUDENTS_TBL (STU_ID,STU_NAME,STU_TEL,STU_ADDR_GRP,STU_ADDR,STU_ADDR2,STU_DEPT_GRP,STU_DEPT) values ('STU040','홍길동40','010-5555-4414','GRP001','COM0044','COM0015','GRP002','COM0012');
Insert into JDBCTEST.STUDENTS_TBL (STU_ID,STU_NAME,STU_TEL,STU_ADDR_GRP,STU_ADDR,STU_ADDR2,STU_DEPT_GRP,STU_DEPT) values ('STU042','홍길동42','010-5555-4414','GRP001','COM0036','COM0002','GRP002','COM0021');
Insert into JDBCTEST.STUDENTS_TBL (STU_ID,STU_NAME,STU_TEL,STU_ADDR_GRP,STU_ADDR,STU_ADDR2,STU_DEPT_GRP,STU_DEPT) values ('STU043','홍길동43','010-5555-4414','GRP001','COM0043','COM0015','GRP002','COM0011');
Insert into JDBCTEST.STUDENTS_TBL (STU_ID,STU_NAME,STU_TEL,STU_ADDR_GRP,STU_ADDR,STU_ADDR2,STU_DEPT_GRP,STU_DEPT) values ('STU044','홍길동44','010-5555-4414','GRP001','COM0039','COM0002','GRP002','COM0027');
Insert into JDBCTEST.STUDENTS_TBL (STU_ID,STU_NAME,STU_TEL,STU_ADDR_GRP,STU_ADDR,STU_ADDR2,STU_DEPT_GRP,STU_DEPT) values ('STU045','홍길동45','010-5555-4414','GRP001','COM0031','COM0002','GRP002','COM0016');
Insert into JDBCTEST.STUDENTS_TBL (STU_ID,STU_NAME,STU_TEL,STU_ADDR_GRP,STU_ADDR,STU_ADDR2,STU_DEPT_GRP,STU_DEPT) values ('STU046','홍길동46','010-5555-4414','GRP001','COM0043','COM0015','GRP002','COM0006');
Insert into JDBCTEST.STUDENTS_TBL (STU_ID,STU_NAME,STU_TEL,STU_ADDR_GRP,STU_ADDR,STU_ADDR2,STU_DEPT_GRP,STU_DEPT) values ('STU047','홍길동47','010-5555-4414','GRP001','COM0035','COM0002','GRP002','COM0028');
Insert into JDBCTEST.STUDENTS_TBL (STU_ID,STU_NAME,STU_TEL,STU_ADDR_GRP,STU_ADDR,STU_ADDR2,STU_DEPT_GRP,STU_DEPT) values ('STU048','홍길동48','010-5555-4414','GRP001','COM0038','COM0002','GRP002','COM0012');
Insert into JDBCTEST.STUDENTS_TBL (STU_ID,STU_NAME,STU_TEL,STU_ADDR_GRP,STU_ADDR,STU_ADDR2,STU_DEPT_GRP,STU_DEPT) values ('STU049','홍길동49','010-5555-4414','GRP001','COM0043','COM0015','GRP002','COM0015');
Insert into JDBCTEST.STUDENTS_TBL (STU_ID,STU_NAME,STU_TEL,STU_ADDR_GRP,STU_ADDR,STU_ADDR2,STU_DEPT_GRP,STU_DEPT) values ('STU050','홍길동50','010-5555-4414','GRP001','COM0031','COM0002','GRP002','COM0015');
Insert into JDBCTEST.STUDENTS_TBL (STU_ID,STU_NAME,STU_TEL,STU_ADDR_GRP,STU_ADDR,STU_ADDR2,STU_DEPT_GRP,STU_DEPT) values ('STU051','홍길동51','010-5555-4414','GRP001','COM0034','COM0002','GRP002','COM0017');
Insert into JDBCTEST.STUDENTS_TBL (STU_ID,STU_NAME,STU_TEL,STU_ADDR_GRP,STU_ADDR,STU_ADDR2,STU_DEPT_GRP,STU_DEPT) values ('STU052','홍길동52','010-5555-4414','GRP001','COM0030','COM0002','GRP002','COM0012');
Insert into JDBCTEST.STUDENTS_TBL (STU_ID,STU_NAME,STU_TEL,STU_ADDR_GRP,STU_ADDR,STU_ADDR2,STU_DEPT_GRP,STU_DEPT) values ('STU053','홍길동53','010-5555-4414','GRP001','COM0044','COM0015','GRP002','COM0028');
Insert into JDBCTEST.STUDENTS_TBL (STU_ID,STU_NAME,STU_TEL,STU_ADDR_GRP,STU_ADDR,STU_ADDR2,STU_DEPT_GRP,STU_DEPT) values ('STU054','홍길동54','010-5555-4414','GRP001','COM0035','COM0002','GRP002','COM0028');
Insert into JDBCTEST.STUDENTS_TBL (STU_ID,STU_NAME,STU_TEL,STU_ADDR_GRP,STU_ADDR,STU_ADDR2,STU_DEPT_GRP,STU_DEPT) values ('STU055','홍길동55','010-5555-4414','GRP001','COM0036','COM0002','GRP002','COM0011');
Insert into JDBCTEST.STUDENTS_TBL (STU_ID,STU_NAME,STU_TEL,STU_ADDR_GRP,STU_ADDR,STU_ADDR2,STU_DEPT_GRP,STU_DEPT) values ('STU056','홍길동56','010-5555-4414','GRP001','COM0043','COM0015','GRP002','COM0015');
Insert into JDBCTEST.STUDENTS_TBL (STU_ID,STU_NAME,STU_TEL,STU_ADDR_GRP,STU_ADDR,STU_ADDR2,STU_DEPT_GRP,STU_DEPT) values ('STU057','홍길동57','010-5555-4414','GRP001','COM0034','COM0002','GRP002','COM0022');
Insert into JDBCTEST.STUDENTS_TBL (STU_ID,STU_NAME,STU_TEL,STU_ADDR_GRP,STU_ADDR,STU_ADDR2,STU_DEPT_GRP,STU_DEPT) values ('STU058','홍길동58','010-5555-4414','GRP001','COM0031','COM0002','GRP002','COM0008');
Insert into JDBCTEST.STUDENTS_TBL (STU_ID,STU_NAME,STU_TEL,STU_ADDR_GRP,STU_ADDR,STU_ADDR2,STU_DEPT_GRP,STU_DEPT) values ('STU059','홍길동59','010-5555-4414','GRP001','COM0035','COM0002','GRP002','COM0008');
Insert into JDBCTEST.STUDENTS_TBL (STU_ID,STU_NAME,STU_TEL,STU_ADDR_GRP,STU_ADDR,STU_ADDR2,STU_DEPT_GRP,STU_DEPT) values ('STU060','홍길동60','010-5555-4414','GRP001','COM0036','COM0002','GRP002','COM0012');
Insert into JDBCTEST.STUDENTS_TBL (STU_ID,STU_NAME,STU_TEL,STU_ADDR_GRP,STU_ADDR,STU_ADDR2,STU_DEPT_GRP,STU_DEPT) values ('STU061','홍길동61','010-5555-4414','GRP001','COM0029','COM0002','GRP002','COM0007');
Insert into JDBCTEST.STUDENTS_TBL (STU_ID,STU_NAME,STU_TEL,STU_ADDR_GRP,STU_ADDR,STU_ADDR2,STU_DEPT_GRP,STU_DEPT) values ('STU064','홍길동64','010-5555-4414','GRP001','COM0029','COM0002','GRP002','COM0007');
Insert into JDBCTEST.STUDENTS_TBL (STU_ID,STU_NAME,STU_TEL,STU_ADDR_GRP,STU_ADDR,STU_ADDR2,STU_DEPT_GRP,STU_DEPT) values ('STU066','홍길동66','010-5555-4414','GRP001','COM0029','COM0002','GRP002','COM0007');
Insert into JDBCTEST.STUDENTS_TBL (STU_ID,STU_NAME,STU_TEL,STU_ADDR_GRP,STU_ADDR,STU_ADDR2,STU_DEPT_GRP,STU_DEPT) values ('STU067','홍길동67','010-5555-4414','GRP001','COM0046','COM0005','GRP002','COM0028');
Insert into JDBCTEST.STUDENTS_TBL (STU_ID,STU_NAME,STU_TEL,STU_ADDR_GRP,STU_ADDR,STU_ADDR2,STU_DEPT_GRP,STU_DEPT) values ('STU068','홍길동68','010-5555-4414','GRP001','COM0046','COM0005','GRP002','COM0017');
Insert into JDBCTEST.STUDENTS_TBL (STU_ID,STU_NAME,STU_TEL,STU_ADDR_GRP,STU_ADDR,STU_ADDR2,STU_DEPT_GRP,STU_DEPT) values ('STU069','홍길동69','010-5555-4414','GRP001','COM0046','COM0005','GRP002','COM0017');
Insert into JDBCTEST.STUDENTS_TBL (STU_ID,STU_NAME,STU_TEL,STU_ADDR_GRP,STU_ADDR,STU_ADDR2,STU_DEPT_GRP,STU_DEPT) values ('STU070','홍길동70','010-5555-4414','GRP001','COM0035','COM0002','GRP002','COM0028');
Insert into JDBCTEST.STUDENTS_TBL (STU_ID,STU_NAME,STU_TEL,STU_ADDR_GRP,STU_ADDR,STU_ADDR2,STU_DEPT_GRP,STU_DEPT) values ('STU071','홍길동71','010-5555-4414','GRP001','COM0044','COM0015','GRP002','COM0025');
Insert into JDBCTEST.STUDENTS_TBL (STU_ID,STU_NAME,STU_TEL,STU_ADDR_GRP,STU_ADDR,STU_ADDR2,STU_DEPT_GRP,STU_DEPT) values ('STU072','홍길동72','010-5555-4414','GRP001','COM0044','COM0015','GRP002','COM0025');
Insert into JDBCTEST.STUDENTS_TBL (STU_ID,STU_NAME,STU_TEL,STU_ADDR_GRP,STU_ADDR,STU_ADDR2,STU_DEPT_GRP,STU_DEPT) values ('STU073','홍길동73','010-5555-4414','GRP001','COM0043','COM0015','GRP002','COM0008');
Insert into JDBCTEST.STUDENTS_TBL (STU_ID,STU_NAME,STU_TEL,STU_ADDR_GRP,STU_ADDR,STU_ADDR2,STU_DEPT_GRP,STU_DEPT) values ('STU074','홍길동74','010-5555-4414','GRP001','COM0043','COM0015','GRP002','COM0026');
Insert into JDBCTEST.STUDENTS_TBL (STU_ID,STU_NAME,STU_TEL,STU_ADDR_GRP,STU_ADDR,STU_ADDR2,STU_DEPT_GRP,STU_DEPT) values ('STU075','홍길동75','010-5555-4414','GRP001','COM0044','COM0015','GRP002','COM0015');
Insert into JDBCTEST.STUDENTS_TBL (STU_ID,STU_NAME,STU_TEL,STU_ADDR_GRP,STU_ADDR,STU_ADDR2,STU_DEPT_GRP,STU_DEPT) values ('STU076','홍길동76','010-5555-4414','GRP001','COM0035','COM0002','GRP002','COM0028');
Insert into JDBCTEST.STUDENTS_TBL (STU_ID,STU_NAME,STU_TEL,STU_ADDR_GRP,STU_ADDR,STU_ADDR2,STU_DEPT_GRP,STU_DEPT) values ('STU077','홍길동77','010-5555-4414','GRP001','COM0044','COM0015','GRP002','COM0014');
Insert into JDBCTEST.STUDENTS_TBL (STU_ID,STU_NAME,STU_TEL,STU_ADDR_GRP,STU_ADDR,STU_ADDR2,STU_DEPT_GRP,STU_DEPT) values ('STU078','홍길동78','010-5555-4414','GRP001','COM0043','COM0015','GRP002','COM0014');
Insert into JDBCTEST.STUDENTS_TBL (STU_ID,STU_NAME,STU_TEL,STU_ADDR_GRP,STU_ADDR,STU_ADDR2,STU_DEPT_GRP,STU_DEPT) values ('STU079','홍길동79','010-5555-4414','GRP001','COM0043','COM0015','GRP002','COM0008');
Insert into JDBCTEST.STUDENTS_TBL (STU_ID,STU_NAME,STU_TEL,STU_ADDR_GRP,STU_ADDR,STU_ADDR2,STU_DEPT_GRP,STU_DEPT) values ('STU080','홍길동80','010-5555-4414','GRP001','COM0043','COM0015','GRP002','COM0028');
Insert into JDBCTEST.STUDENTS_TBL (STU_ID,STU_NAME,STU_TEL,STU_ADDR_GRP,STU_ADDR,STU_ADDR2,STU_DEPT_GRP,STU_DEPT) values ('STU081','홍길동81','010-5555-4414','GRP001','COM0030','COM0002','GRP002','COM0008');
Insert into JDBCTEST.STUDENTS_TBL (STU_ID,STU_NAME,STU_TEL,STU_ADDR_GRP,STU_ADDR,STU_ADDR2,STU_DEPT_GRP,STU_DEPT) values ('STU082','홍길동82','010-5555-4414','GRP001','COM0031','COM0002','GRP002','COM0015');
Insert into JDBCTEST.STUDENTS_TBL (STU_ID,STU_NAME,STU_TEL,STU_ADDR_GRP,STU_ADDR,STU_ADDR2,STU_DEPT_GRP,STU_DEPT) values ('STU083','홍길동83','010-5555-4414','GRP001','COM0031','COM0002','GRP002','COM0015');
Insert into JDBCTEST.STUDENTS_TBL (STU_ID,STU_NAME,STU_TEL,STU_ADDR_GRP,STU_ADDR,STU_ADDR2,STU_DEPT_GRP,STU_DEPT) values ('STU084','홍길동84','010-5555-4414','GRP001','COM0030','COM0002','GRP002','COM0017');
Insert into JDBCTEST.STUDENTS_TBL (STU_ID,STU_NAME,STU_TEL,STU_ADDR_GRP,STU_ADDR,STU_ADDR2,STU_DEPT_GRP,STU_DEPT) values ('STU085','홍길동85','010-5555-4414','GRP001','COM0031','COM0002','GRP002','COM0017');
Insert into JDBCTEST.STUDENTS_TBL (STU_ID,STU_NAME,STU_TEL,STU_ADDR_GRP,STU_ADDR,STU_ADDR2,STU_DEPT_GRP,STU_DEPT) values ('STU086','홍길동86','010-5555-4414','GRP001','COM0031','COM0002','GRP002','COM0008');
Insert into JDBCTEST.STUDENTS_TBL (STU_ID,STU_NAME,STU_TEL,STU_ADDR_GRP,STU_ADDR,STU_ADDR2,STU_DEPT_GRP,STU_DEPT) values ('STU087','홍길동87','010-5555-4414','GRP001','COM0043','COM0015','GRP002','COM0026');
Insert into JDBCTEST.STUDENTS_TBL (STU_ID,STU_NAME,STU_TEL,STU_ADDR_GRP,STU_ADDR,STU_ADDR2,STU_DEPT_GRP,STU_DEPT) values ('STU088','홍길동88','010-5555-4414','GRP001','COM0030','COM0002','GRP002','COM0014');
Insert into JDBCTEST.STUDENTS_TBL (STU_ID,STU_NAME,STU_TEL,STU_ADDR_GRP,STU_ADDR,STU_ADDR2,STU_DEPT_GRP,STU_DEPT) values ('STU089','홍길동89','010-5555-4414','GRP001','COM0046','COM0005','GRP002','COM0026');
REM INSERTING into JDBCTEST.STUDENTS_TIME_TBL
SET DEFINE OFF;
Insert into JDBCTEST.STUDENTS_TIME_TBL (STU_ID,SUB_ID,DO_YEAR,SEMESTER,REG_TIME) values ('STU017','SUB0001','2018','1',to_date('18/02/01','RR/MM/DD'));
Insert into JDBCTEST.STUDENTS_TIME_TBL (STU_ID,SUB_ID,DO_YEAR,SEMESTER,REG_TIME) values ('STU017','SUB0014','2018','1',to_date('18/02/01','RR/MM/DD'));
Insert into JDBCTEST.STUDENTS_TIME_TBL (STU_ID,SUB_ID,DO_YEAR,SEMESTER,REG_TIME) values ('STU017','SUB0003','2018','1',to_date('18/02/01','RR/MM/DD'));
Insert into JDBCTEST.STUDENTS_TIME_TBL (STU_ID,SUB_ID,DO_YEAR,SEMESTER,REG_TIME) values ('STU017','SUB0004','2018','1',to_date('18/02/01','RR/MM/DD'));
Insert into JDBCTEST.STUDENTS_TIME_TBL (STU_ID,SUB_ID,DO_YEAR,SEMESTER,REG_TIME) values ('STU017','SUB0008','2018','1',to_date('18/02/01','RR/MM/DD'));
Insert into JDBCTEST.STUDENTS_TIME_TBL (STU_ID,SUB_ID,DO_YEAR,SEMESTER,REG_TIME) values ('STU021','SUB0001','2018','1',to_date('18/02/02','RR/MM/DD'));
Insert into JDBCTEST.STUDENTS_TIME_TBL (STU_ID,SUB_ID,DO_YEAR,SEMESTER,REG_TIME) values ('STU021','SUB0014','2018','1',to_date('18/02/02','RR/MM/DD'));
Insert into JDBCTEST.STUDENTS_TIME_TBL (STU_ID,SUB_ID,DO_YEAR,SEMESTER,REG_TIME) values ('STU021','SUB0003','2018','1',to_date('18/02/02','RR/MM/DD'));
Insert into JDBCTEST.STUDENTS_TIME_TBL (STU_ID,SUB_ID,DO_YEAR,SEMESTER,REG_TIME) values ('STU021','SUB0043','2018','1',to_date('18/02/02','RR/MM/DD'));
Insert into JDBCTEST.STUDENTS_TIME_TBL (STU_ID,SUB_ID,DO_YEAR,SEMESTER,REG_TIME) values ('STU034','SUB0001','2018','1',to_date('18/02/01','RR/MM/DD'));
Insert into JDBCTEST.STUDENTS_TIME_TBL (STU_ID,SUB_ID,DO_YEAR,SEMESTER,REG_TIME) values ('STU034','SUB0002','2018','1',to_date('18/02/01','RR/MM/DD'));
Insert into JDBCTEST.STUDENTS_TIME_TBL (STU_ID,SUB_ID,DO_YEAR,SEMESTER,REG_TIME) values ('STU034','SUB0003','2018','1',to_date('18/02/01','RR/MM/DD'));
Insert into JDBCTEST.STUDENTS_TIME_TBL (STU_ID,SUB_ID,DO_YEAR,SEMESTER,REG_TIME) values ('STU034','SUB0004','2018','1',to_date('18/02/01','RR/MM/DD'));
Insert into JDBCTEST.STUDENTS_TIME_TBL (STU_ID,SUB_ID,DO_YEAR,SEMESTER,REG_TIME) values ('STU034','SUB0064','2018','1',to_date('18/02/01','RR/MM/DD'));
Insert into JDBCTEST.STUDENTS_TIME_TBL (STU_ID,SUB_ID,DO_YEAR,SEMESTER,REG_TIME) values ('STU034','SUB0070','2018','1',to_date('18/02/01','RR/MM/DD'));
Insert into JDBCTEST.STUDENTS_TIME_TBL (STU_ID,SUB_ID,DO_YEAR,SEMESTER,REG_TIME) values ('STU046','SUB0001','2018','1',to_date('18/02/02','RR/MM/DD'));
Insert into JDBCTEST.STUDENTS_TIME_TBL (STU_ID,SUB_ID,DO_YEAR,SEMESTER,REG_TIME) values ('STU046','SUB0002','2018','1',to_date('18/02/02','RR/MM/DD'));
Insert into JDBCTEST.STUDENTS_TIME_TBL (STU_ID,SUB_ID,DO_YEAR,SEMESTER,REG_TIME) values ('STU046','SUB0003','2018','1',to_date('18/02/02','RR/MM/DD'));
Insert into JDBCTEST.STUDENTS_TIME_TBL (STU_ID,SUB_ID,DO_YEAR,SEMESTER,REG_TIME) values ('STU046','SUB0004','2018','1',to_date('18/02/02','RR/MM/DD'));
Insert into JDBCTEST.STUDENTS_TIME_TBL (STU_ID,SUB_ID,DO_YEAR,SEMESTER,REG_TIME) values ('STU046','SUB0058','2018','1',to_date('18/02/02','RR/MM/DD'));
Insert into JDBCTEST.STUDENTS_TIME_TBL (STU_ID,SUB_ID,DO_YEAR,SEMESTER,REG_TIME) values ('STU046','SUB0070','2018','1',to_date('18/02/03','RR/MM/DD'));
Insert into JDBCTEST.STUDENTS_TIME_TBL (STU_ID,SUB_ID,DO_YEAR,SEMESTER,REG_TIME) values ('STU032','SUB0005','2018','1',to_date('18/02/03','RR/MM/DD'));
Insert into JDBCTEST.STUDENTS_TIME_TBL (STU_ID,SUB_ID,DO_YEAR,SEMESTER,REG_TIME) values ('STU032','SUB0002','2018','1',to_date('18/02/03','RR/MM/DD'));
Insert into JDBCTEST.STUDENTS_TIME_TBL (STU_ID,SUB_ID,DO_YEAR,SEMESTER,REG_TIME) values ('STU032','SUB0006','2018','1',to_date('18/02/03','RR/MM/DD'));
Insert into JDBCTEST.STUDENTS_TIME_TBL (STU_ID,SUB_ID,DO_YEAR,SEMESTER,REG_TIME) values ('STU032','SUB0004','2018','1',to_date('18/02/03','RR/MM/DD'));
Insert into JDBCTEST.STUDENTS_TIME_TBL (STU_ID,SUB_ID,DO_YEAR,SEMESTER,REG_TIME) values ('STU032','SUB0007','2018','1',to_date('18/02/03','RR/MM/DD'));
Insert into JDBCTEST.STUDENTS_TIME_TBL (STU_ID,SUB_ID,DO_YEAR,SEMESTER,REG_TIME) values ('STU061','SUB0005','2018','1',to_date('18/02/01','RR/MM/DD'));
Insert into JDBCTEST.STUDENTS_TIME_TBL (STU_ID,SUB_ID,DO_YEAR,SEMESTER,REG_TIME) values ('STU061','SUB0006','2018','1',to_date('18/02/02','RR/MM/DD'));
Insert into JDBCTEST.STUDENTS_TIME_TBL (STU_ID,SUB_ID,DO_YEAR,SEMESTER,REG_TIME) values ('STU061','SUB0066','2018','1',to_date('18/02/02','RR/MM/DD'));
Insert into JDBCTEST.STUDENTS_TIME_TBL (STU_ID,SUB_ID,DO_YEAR,SEMESTER,REG_TIME) values ('STU061','SUB0073','2018','1',to_date('18/02/04','RR/MM/DD'));
Insert into JDBCTEST.STUDENTS_TIME_TBL (STU_ID,SUB_ID,DO_YEAR,SEMESTER,REG_TIME) values ('STU061','SUB0074','2018','1',to_date('18/02/03','RR/MM/DD'));
Insert into JDBCTEST.STUDENTS_TIME_TBL (STU_ID,SUB_ID,DO_YEAR,SEMESTER,REG_TIME) values ('STU061','SUB0057','2018','1',to_date('18/02/03','RR/MM/DD'));
Insert into JDBCTEST.STUDENTS_TIME_TBL (STU_ID,SUB_ID,DO_YEAR,SEMESTER,REG_TIME) values ('STU064','SUB0045','2018','1',to_date('18/02/01','RR/MM/DD'));
Insert into JDBCTEST.STUDENTS_TIME_TBL (STU_ID,SUB_ID,DO_YEAR,SEMESTER,REG_TIME) values ('STU064','SUB0005','2018','1',to_date('18/02/03','RR/MM/DD'));
Insert into JDBCTEST.STUDENTS_TIME_TBL (STU_ID,SUB_ID,DO_YEAR,SEMESTER,REG_TIME) values ('STU064','SUB0006','2018','1',to_date('18/02/05','RR/MM/DD'));
Insert into JDBCTEST.STUDENTS_TIME_TBL (STU_ID,SUB_ID,DO_YEAR,SEMESTER,REG_TIME) values ('STU064','SUB0007','2018','1',to_date('18/02/04','RR/MM/DD'));
Insert into JDBCTEST.STUDENTS_TIME_TBL (STU_ID,SUB_ID,DO_YEAR,SEMESTER,REG_TIME) values ('STU066','SUB0054','2018','1',to_date('18/02/01','RR/MM/DD'));
Insert into JDBCTEST.STUDENTS_TIME_TBL (STU_ID,SUB_ID,DO_YEAR,SEMESTER,REG_TIME) values ('STU066','SUB0055','2018','1',to_date('18/02/04','RR/MM/DD'));
Insert into JDBCTEST.STUDENTS_TIME_TBL (STU_ID,SUB_ID,DO_YEAR,SEMESTER,REG_TIME) values ('STU066','SUB0056','2018','1',to_date('18/02/04','RR/MM/DD'));
Insert into JDBCTEST.STUDENTS_TIME_TBL (STU_ID,SUB_ID,DO_YEAR,SEMESTER,REG_TIME) values ('STU066','SUB0004','2018','1',to_date('18/02/04','RR/MM/DD'));
Insert into JDBCTEST.STUDENTS_TIME_TBL (STU_ID,SUB_ID,DO_YEAR,SEMESTER,REG_TIME) values ('STU066','SUB0007','2018','1',to_date('18/02/04','RR/MM/DD'));
Insert into JDBCTEST.STUDENTS_TIME_TBL (STU_ID,SUB_ID,DO_YEAR,SEMESTER,REG_TIME) values ('STU002','SUB0005','2018','1',to_date('18/02/01','RR/MM/DD'));
Insert into JDBCTEST.STUDENTS_TIME_TBL (STU_ID,SUB_ID,DO_YEAR,SEMESTER,REG_TIME) values ('STU002','SUB0012','2018','1',to_date('18/02/01','RR/MM/DD'));
Insert into JDBCTEST.STUDENTS_TIME_TBL (STU_ID,SUB_ID,DO_YEAR,SEMESTER,REG_TIME) values ('STU002','SUB0006','2018','1',to_date('18/02/03','RR/MM/DD'));
Insert into JDBCTEST.STUDENTS_TIME_TBL (STU_ID,SUB_ID,DO_YEAR,SEMESTER,REG_TIME) values ('STU002','SUB0004','2018','1',to_date('18/02/03','RR/MM/DD'));
Insert into JDBCTEST.STUDENTS_TIME_TBL (STU_ID,SUB_ID,DO_YEAR,SEMESTER,REG_TIME) values ('STU002','SUB0007','2018','1',to_date('18/02/03','RR/MM/DD'));
Insert into JDBCTEST.STUDENTS_TIME_TBL (STU_ID,SUB_ID,DO_YEAR,SEMESTER,REG_TIME) values ('STU037','SUB0008','2018','1',to_date('18/02/01','RR/MM/DD'));
Insert into JDBCTEST.STUDENTS_TIME_TBL (STU_ID,SUB_ID,DO_YEAR,SEMESTER,REG_TIME) values ('STU037','SUB0009','2018','1',to_date('18/02/01','RR/MM/DD'));
Insert into JDBCTEST.STUDENTS_TIME_TBL (STU_ID,SUB_ID,DO_YEAR,SEMESTER,REG_TIME) values ('STU037','SUB0010','2018','1',to_date('18/02/03','RR/MM/DD'));
Insert into JDBCTEST.STUDENTS_TIME_TBL (STU_ID,SUB_ID,DO_YEAR,SEMESTER,REG_TIME) values ('STU037','SUB0011','2018','1',to_date('18/02/03','RR/MM/DD'));
Insert into JDBCTEST.STUDENTS_TIME_TBL (STU_ID,SUB_ID,DO_YEAR,SEMESTER,REG_TIME) values ('STU037','SUB0012','2018','1',to_date('18/02/03','RR/MM/DD'));
Insert into JDBCTEST.STUDENTS_TIME_TBL (STU_ID,SUB_ID,DO_YEAR,SEMESTER,REG_TIME) values ('STU038','SUB0013','2018','1',to_date('18/02/01','RR/MM/DD'));
Insert into JDBCTEST.STUDENTS_TIME_TBL (STU_ID,SUB_ID,DO_YEAR,SEMESTER,REG_TIME) values ('STU038','SUB0009','2018','1',to_date('18/02/01','RR/MM/DD'));
Insert into JDBCTEST.STUDENTS_TIME_TBL (STU_ID,SUB_ID,DO_YEAR,SEMESTER,REG_TIME) values ('STU038','SUB0010','2018','1',to_date('18/02/03','RR/MM/DD'));
Insert into JDBCTEST.STUDENTS_TIME_TBL (STU_ID,SUB_ID,DO_YEAR,SEMESTER,REG_TIME) values ('STU038','SUB0011','2018','1',to_date('18/02/03','RR/MM/DD'));
Insert into JDBCTEST.STUDENTS_TIME_TBL (STU_ID,SUB_ID,DO_YEAR,SEMESTER,REG_TIME) values ('STU038','SUB0012','2018','1',to_date('18/02/03','RR/MM/DD'));
Insert into JDBCTEST.STUDENTS_TIME_TBL (STU_ID,SUB_ID,DO_YEAR,SEMESTER,REG_TIME) values ('STU058','SUB0013','2018','1',to_date('18/02/01','RR/MM/DD'));
Insert into JDBCTEST.STUDENTS_TIME_TBL (STU_ID,SUB_ID,DO_YEAR,SEMESTER,REG_TIME) values ('STU058','SUB0009','2018','1',to_date('18/02/04','RR/MM/DD'));
Insert into JDBCTEST.STUDENTS_TIME_TBL (STU_ID,SUB_ID,DO_YEAR,SEMESTER,REG_TIME) values ('STU058','SUB0010','2018','1',to_date('18/02/05','RR/MM/DD'));
Insert into JDBCTEST.STUDENTS_TIME_TBL (STU_ID,SUB_ID,DO_YEAR,SEMESTER,REG_TIME) values ('STU058','SUB0011','2018','1',to_date('18/02/04','RR/MM/DD'));
Insert into JDBCTEST.STUDENTS_TIME_TBL (STU_ID,SUB_ID,DO_YEAR,SEMESTER,REG_TIME) values ('STU058','SUB0012','2018','1',to_date('18/02/04','RR/MM/DD'));
Insert into JDBCTEST.STUDENTS_TIME_TBL (STU_ID,SUB_ID,DO_YEAR,SEMESTER,REG_TIME) values ('STU058','SUB0030','2018','1',to_date('18/02/04','RR/MM/DD'));
Insert into JDBCTEST.STUDENTS_TIME_TBL (STU_ID,SUB_ID,DO_YEAR,SEMESTER,REG_TIME) values ('STU059','SUB0013','2018','1',to_date('18/02/04','RR/MM/DD'));
Insert into JDBCTEST.STUDENTS_TIME_TBL (STU_ID,SUB_ID,DO_YEAR,SEMESTER,REG_TIME) values ('STU059','SUB0009','2018','1',to_date('18/02/04','RR/MM/DD'));
Insert into JDBCTEST.STUDENTS_TIME_TBL (STU_ID,SUB_ID,DO_YEAR,SEMESTER,REG_TIME) values ('STU059','SUB0010','2018','1',to_date('18/02/04','RR/MM/DD'));
Insert into JDBCTEST.STUDENTS_TIME_TBL (STU_ID,SUB_ID,DO_YEAR,SEMESTER,REG_TIME) values ('STU059','SUB0011','2018','1',to_date('18/02/04','RR/MM/DD'));
Insert into JDBCTEST.STUDENTS_TIME_TBL (STU_ID,SUB_ID,DO_YEAR,SEMESTER,REG_TIME) values ('STU059','SUB0012','2018','1',to_date('18/02/04','RR/MM/DD'));
Insert into JDBCTEST.STUDENTS_TIME_TBL (STU_ID,SUB_ID,DO_YEAR,SEMESTER,REG_TIME) values ('STU059','SUB0057','2018','1',to_date('18/02/04','RR/MM/DD'));
Insert into JDBCTEST.STUDENTS_TIME_TBL (STU_ID,SUB_ID,DO_YEAR,SEMESTER,REG_TIME) values ('STU059','SUB0045','2018','1',to_date('18/02/04','RR/MM/DD'));
Insert into JDBCTEST.STUDENTS_TIME_TBL (STU_ID,SUB_ID,DO_YEAR,SEMESTER,REG_TIME) values ('STU073','SUB0008','2018','1',to_date('18/02/04','RR/MM/DD'));
Insert into JDBCTEST.STUDENTS_TIME_TBL (STU_ID,SUB_ID,DO_YEAR,SEMESTER,REG_TIME) values ('STU073','SUB0009','2018','1',to_date('18/02/04','RR/MM/DD'));
Insert into JDBCTEST.STUDENTS_TIME_TBL (STU_ID,SUB_ID,DO_YEAR,SEMESTER,REG_TIME) values ('STU073','SUB0010','2018','1',to_date('18/02/04','RR/MM/DD'));
Insert into JDBCTEST.STUDENTS_TIME_TBL (STU_ID,SUB_ID,DO_YEAR,SEMESTER,REG_TIME) values ('STU073','SUB0011','2018','1',to_date('18/02/04','RR/MM/DD'));
Insert into JDBCTEST.STUDENTS_TIME_TBL (STU_ID,SUB_ID,DO_YEAR,SEMESTER,REG_TIME) values ('STU079','SUB0048','2018','1',to_date('18/02/05','RR/MM/DD'));
Insert into JDBCTEST.STUDENTS_TIME_TBL (STU_ID,SUB_ID,DO_YEAR,SEMESTER,REG_TIME) values ('STU079','SUB0009','2018','1',to_date('18/02/05','RR/MM/DD'));
Insert into JDBCTEST.STUDENTS_TIME_TBL (STU_ID,SUB_ID,DO_YEAR,SEMESTER,REG_TIME) values ('STU079','SUB0064','2018','1',to_date('18/02/05','RR/MM/DD'));
Insert into JDBCTEST.STUDENTS_TIME_TBL (STU_ID,SUB_ID,DO_YEAR,SEMESTER,REG_TIME) values ('STU079','SUB0011','2018','1',to_date('18/02/05','RR/MM/DD'));
Insert into JDBCTEST.STUDENTS_TIME_TBL (STU_ID,SUB_ID,DO_YEAR,SEMESTER,REG_TIME) values ('STU079','SUB0012','2018','1',to_date('18/02/05','RR/MM/DD'));
Insert into JDBCTEST.STUDENTS_TIME_TBL (STU_ID,SUB_ID,DO_YEAR,SEMESTER,REG_TIME) values ('STU079','SUB0056','2018','1',to_date('18/02/05','RR/MM/DD'));
Insert into JDBCTEST.STUDENTS_TIME_TBL (STU_ID,SUB_ID,DO_YEAR,SEMESTER,REG_TIME) values ('STU081','SUB0072','2018','1',to_date('18/02/02','RR/MM/DD'));
Insert into JDBCTEST.STUDENTS_TIME_TBL (STU_ID,SUB_ID,DO_YEAR,SEMESTER,REG_TIME) values ('STU081','SUB0009','2018','1',to_date('18/02/02','RR/MM/DD'));
Insert into JDBCTEST.STUDENTS_TIME_TBL (STU_ID,SUB_ID,DO_YEAR,SEMESTER,REG_TIME) values ('STU081','SUB0010','2018','1',to_date('18/02/02','RR/MM/DD'));
Insert into JDBCTEST.STUDENTS_TIME_TBL (STU_ID,SUB_ID,DO_YEAR,SEMESTER,REG_TIME) values ('STU081','SUB0011','2018','1',to_date('18/02/02','RR/MM/DD'));
Insert into JDBCTEST.STUDENTS_TIME_TBL (STU_ID,SUB_ID,DO_YEAR,SEMESTER,REG_TIME) values ('STU081','SUB0012','2018','1',to_date('18/02/02','RR/MM/DD'));
Insert into JDBCTEST.STUDENTS_TIME_TBL (STU_ID,SUB_ID,DO_YEAR,SEMESTER,REG_TIME) values ('STU081','SUB0013','2018','1',to_date('18/02/05','RR/MM/DD'));
Insert into JDBCTEST.STUDENTS_TIME_TBL (STU_ID,SUB_ID,DO_YEAR,SEMESTER,REG_TIME) values ('STU086','SUB0086','2018','1',to_date('18/02/02','RR/MM/DD'));
Insert into JDBCTEST.STUDENTS_TIME_TBL (STU_ID,SUB_ID,DO_YEAR,SEMESTER,REG_TIME) values ('STU086','SUB0008','2018','1',to_date('18/02/02','RR/MM/DD'));
Insert into JDBCTEST.STUDENTS_TIME_TBL (STU_ID,SUB_ID,DO_YEAR,SEMESTER,REG_TIME) values ('STU086','SUB0010','2018','1',to_date('18/02/02','RR/MM/DD'));
Insert into JDBCTEST.STUDENTS_TIME_TBL (STU_ID,SUB_ID,DO_YEAR,SEMESTER,REG_TIME) values ('STU086','SUB0011','2018','1',to_date('18/02/02','RR/MM/DD'));
Insert into JDBCTEST.STUDENTS_TIME_TBL (STU_ID,SUB_ID,DO_YEAR,SEMESTER,REG_TIME) values ('STU086','SUB0012','2018','1',to_date('18/02/02','RR/MM/DD'));
Insert into JDBCTEST.STUDENTS_TIME_TBL (STU_ID,SUB_ID,DO_YEAR,SEMESTER,REG_TIME) values ('STU008','SUB0008','2018','1',to_date('18/02/02','RR/MM/DD'));
Insert into JDBCTEST.STUDENTS_TIME_TBL (STU_ID,SUB_ID,DO_YEAR,SEMESTER,REG_TIME) values ('STU008','SUB0009','2018','1',to_date('18/02/02','RR/MM/DD'));
Insert into JDBCTEST.STUDENTS_TIME_TBL (STU_ID,SUB_ID,DO_YEAR,SEMESTER,REG_TIME) values ('STU008','SUB0010','2018','1',to_date('18/02/02','RR/MM/DD'));
Insert into JDBCTEST.STUDENTS_TIME_TBL (STU_ID,SUB_ID,DO_YEAR,SEMESTER,REG_TIME) values ('STU008','SUB0011','2018','1',to_date('18/02/02','RR/MM/DD'));
Insert into JDBCTEST.STUDENTS_TIME_TBL (STU_ID,SUB_ID,DO_YEAR,SEMESTER,REG_TIME) values ('STU008','SUB0012','2018','1',to_date('18/02/02','RR/MM/DD'));
Insert into JDBCTEST.STUDENTS_TIME_TBL (STU_ID,SUB_ID,DO_YEAR,SEMESTER,REG_TIME) values ('STU008','SUB0013','2018','1',to_date('18/02/05','RR/MM/DD'));
Insert into JDBCTEST.STUDENTS_TIME_TBL (STU_ID,SUB_ID,DO_YEAR,SEMESTER,REG_TIME) values ('STU018','SUB0008','2018','1',to_date('18/02/06','RR/MM/DD'));
Insert into JDBCTEST.STUDENTS_TIME_TBL (STU_ID,SUB_ID,DO_YEAR,SEMESTER,REG_TIME) values ('STU018','SUB0019','2018','1',to_date('18/02/06','RR/MM/DD'));
Insert into JDBCTEST.STUDENTS_TIME_TBL (STU_ID,SUB_ID,DO_YEAR,SEMESTER,REG_TIME) values ('STU018','SUB0020','2018','1',to_date('18/02/06','RR/MM/DD'));
Insert into JDBCTEST.STUDENTS_TIME_TBL (STU_ID,SUB_ID,DO_YEAR,SEMESTER,REG_TIME) values ('STU018','SUB0021','2018','1',to_date('18/02/06','RR/MM/DD'));
Insert into JDBCTEST.STUDENTS_TIME_TBL (STU_ID,SUB_ID,DO_YEAR,SEMESTER,REG_TIME) values ('STU018','SUB0022','2018','1',to_date('18/02/06','RR/MM/DD'));
Insert into JDBCTEST.STUDENTS_TIME_TBL (STU_ID,SUB_ID,DO_YEAR,SEMESTER,REG_TIME) values ('STU023','SUB0038','2018','1',to_date('18/02/02','RR/MM/DD'));
Insert into JDBCTEST.STUDENTS_TIME_TBL (STU_ID,SUB_ID,DO_YEAR,SEMESTER,REG_TIME) values ('STU023','SUB0020','2018','1',to_date('18/02/02','RR/MM/DD'));
Insert into JDBCTEST.STUDENTS_TIME_TBL (STU_ID,SUB_ID,DO_YEAR,SEMESTER,REG_TIME) values ('STU023','SUB0021','2018','1',to_date('18/02/02','RR/MM/DD'));
Insert into JDBCTEST.STUDENTS_TIME_TBL (STU_ID,SUB_ID,DO_YEAR,SEMESTER,REG_TIME) values ('STU023','SUB0022','2018','1',to_date('18/02/02','RR/MM/DD'));
Insert into JDBCTEST.STUDENTS_TIME_TBL (STU_ID,SUB_ID,DO_YEAR,SEMESTER,REG_TIME) values ('STU023','SUB0030','2018','1',to_date('18/02/02','RR/MM/DD'));
Insert into JDBCTEST.STUDENTS_TIME_TBL (STU_ID,SUB_ID,DO_YEAR,SEMESTER,REG_TIME) values ('STU039','SUB0019','2018','1',to_date('18/02/06','RR/MM/DD'));
Insert into JDBCTEST.STUDENTS_TIME_TBL (STU_ID,SUB_ID,DO_YEAR,SEMESTER,REG_TIME) values ('STU039','SUB0020','2018','1',to_date('18/02/06','RR/MM/DD'));
Insert into JDBCTEST.STUDENTS_TIME_TBL (STU_ID,SUB_ID,DO_YEAR,SEMESTER,REG_TIME) values ('STU039','SUB0021','2018','1',to_date('18/02/06','RR/MM/DD'));
Insert into JDBCTEST.STUDENTS_TIME_TBL (STU_ID,SUB_ID,DO_YEAR,SEMESTER,REG_TIME) values ('STU039','SUB0022','2018','1',to_date('18/02/06','RR/MM/DD'));
Insert into JDBCTEST.STUDENTS_TIME_TBL (STU_ID,SUB_ID,DO_YEAR,SEMESTER,REG_TIME) values ('STU039','SUB0084','2018','1',to_date('18/02/06','RR/MM/DD'));
Insert into JDBCTEST.STUDENTS_TIME_TBL (STU_ID,SUB_ID,DO_YEAR,SEMESTER,REG_TIME) values ('STU039','SUB0080','2018','1',to_date('18/02/06','RR/MM/DD'));
Insert into JDBCTEST.STUDENTS_TIME_TBL (STU_ID,SUB_ID,DO_YEAR,SEMESTER,REG_TIME) values ('STU026','SUB0023','2018','1',to_date('18/02/06','RR/MM/DD'));
Insert into JDBCTEST.STUDENTS_TIME_TBL (STU_ID,SUB_ID,DO_YEAR,SEMESTER,REG_TIME) values ('STU026','SUB0024','2018','1',to_date('18/02/06','RR/MM/DD'));
Insert into JDBCTEST.STUDENTS_TIME_TBL (STU_ID,SUB_ID,DO_YEAR,SEMESTER,REG_TIME) values ('STU026','SUB0025','2018','1',to_date('18/02/06','RR/MM/DD'));
Insert into JDBCTEST.STUDENTS_TIME_TBL (STU_ID,SUB_ID,DO_YEAR,SEMESTER,REG_TIME) values ('STU026','SUB0026','2018','1',to_date('18/02/06','RR/MM/DD'));
Insert into JDBCTEST.STUDENTS_TIME_TBL (STU_ID,SUB_ID,DO_YEAR,SEMESTER,REG_TIME) values ('STU026','SUB0027','2018','1',to_date('18/02/06','RR/MM/DD'));
Insert into JDBCTEST.STUDENTS_TIME_TBL (STU_ID,SUB_ID,DO_YEAR,SEMESTER,REG_TIME) values ('STU026','SUB0019','2018','1',to_date('18/02/06','RR/MM/DD'));
Insert into JDBCTEST.STUDENTS_TIME_TBL (STU_ID,SUB_ID,DO_YEAR,SEMESTER,REG_TIME) values ('STU028','SUB0023','2018','1',to_date('18/02/03','RR/MM/DD'));
Insert into JDBCTEST.STUDENTS_TIME_TBL (STU_ID,SUB_ID,DO_YEAR,SEMESTER,REG_TIME) values ('STU028','SUB0024','2018','1',to_date('18/02/03','RR/MM/DD'));
Insert into JDBCTEST.STUDENTS_TIME_TBL (STU_ID,SUB_ID,DO_YEAR,SEMESTER,REG_TIME) values ('STU028','SUB0025','2018','1',to_date('18/02/03','RR/MM/DD'));
Insert into JDBCTEST.STUDENTS_TIME_TBL (STU_ID,SUB_ID,DO_YEAR,SEMESTER,REG_TIME) values ('STU028','SUB0027','2018','1',to_date('18/02/03','RR/MM/DD'));
Insert into JDBCTEST.STUDENTS_TIME_TBL (STU_ID,SUB_ID,DO_YEAR,SEMESTER,REG_TIME) values ('STU043','SUB0023','2018','1',to_date('18/02/06','RR/MM/DD'));
Insert into JDBCTEST.STUDENTS_TIME_TBL (STU_ID,SUB_ID,DO_YEAR,SEMESTER,REG_TIME) values ('STU043','SUB0024','2018','1',to_date('18/02/06','RR/MM/DD'));
Insert into JDBCTEST.STUDENTS_TIME_TBL (STU_ID,SUB_ID,DO_YEAR,SEMESTER,REG_TIME) values ('STU043','SUB0030','2018','1',to_date('18/02/06','RR/MM/DD'));
Insert into JDBCTEST.STUDENTS_TIME_TBL (STU_ID,SUB_ID,DO_YEAR,SEMESTER,REG_TIME) values ('STU043','SUB0026','2018','1',to_date('18/02/06','RR/MM/DD'));
Insert into JDBCTEST.STUDENTS_TIME_TBL (STU_ID,SUB_ID,DO_YEAR,SEMESTER,REG_TIME) values ('STU043','SUB0027','2018','1',to_date('18/02/06','RR/MM/DD'));
Insert into JDBCTEST.STUDENTS_TIME_TBL (STU_ID,SUB_ID,DO_YEAR,SEMESTER,REG_TIME) values ('STU043','SUB0062','2018','1',to_date('18/02/06','RR/MM/DD'));
Insert into JDBCTEST.STUDENTS_TIME_TBL (STU_ID,SUB_ID,DO_YEAR,SEMESTER,REG_TIME) values ('STU055','SUB0023','2018','1',to_date('18/02/04','RR/MM/DD'));
Insert into JDBCTEST.STUDENTS_TIME_TBL (STU_ID,SUB_ID,DO_YEAR,SEMESTER,REG_TIME) values ('STU055','SUB0024','2018','1',to_date('18/02/04','RR/MM/DD'));
Insert into JDBCTEST.STUDENTS_TIME_TBL (STU_ID,SUB_ID,DO_YEAR,SEMESTER,REG_TIME) values ('STU055','SUB0026','2018','1',to_date('18/02/04','RR/MM/DD'));
Insert into JDBCTEST.STUDENTS_TIME_TBL (STU_ID,SUB_ID,DO_YEAR,SEMESTER,REG_TIME) values ('STU055','SUB0027','2018','1',to_date('18/02/04','RR/MM/DD'));
Insert into JDBCTEST.STUDENTS_TIME_TBL (STU_ID,SUB_ID,DO_YEAR,SEMESTER,REG_TIME) values ('STU055','SUB0069','2018','1',to_date('18/02/04','RR/MM/DD'));
Insert into JDBCTEST.STUDENTS_TIME_TBL (STU_ID,SUB_ID,DO_YEAR,SEMESTER,REG_TIME) values ('STU013','SUB0023','2018','1',to_date('18/02/01','RR/MM/DD'));
Insert into JDBCTEST.STUDENTS_TIME_TBL (STU_ID,SUB_ID,DO_YEAR,SEMESTER,REG_TIME) values ('STU013','SUB0024','2018','1',to_date('18/02/01','RR/MM/DD'));
Insert into JDBCTEST.STUDENTS_TIME_TBL (STU_ID,SUB_ID,DO_YEAR,SEMESTER,REG_TIME) values ('STU013','SUB0025','2018','1',to_date('18/02/01','RR/MM/DD'));
Insert into JDBCTEST.STUDENTS_TIME_TBL (STU_ID,SUB_ID,DO_YEAR,SEMESTER,REG_TIME) values ('STU013','SUB0026','2018','1',to_date('18/02/01','RR/MM/DD'));
Insert into JDBCTEST.STUDENTS_TIME_TBL (STU_ID,SUB_ID,DO_YEAR,SEMESTER,REG_TIME) values ('STU013','SUB0027','2018','1',to_date('18/02/01','RR/MM/DD'));
Insert into JDBCTEST.STUDENTS_TIME_TBL (STU_ID,SUB_ID,DO_YEAR,SEMESTER,REG_TIME) values ('STU013','SUB0038','2018','1',to_date('18/02/01','RR/MM/DD'));
Insert into JDBCTEST.STUDENTS_TIME_TBL (STU_ID,SUB_ID,DO_YEAR,SEMESTER,REG_TIME) values ('STU019','SUB0028','2018','1',to_date('18/02/02','RR/MM/DD'));
Insert into JDBCTEST.STUDENTS_TIME_TBL (STU_ID,SUB_ID,DO_YEAR,SEMESTER,REG_TIME) values ('STU019','SUB0029','2018','1',to_date('18/02/02','RR/MM/DD'));
Insert into JDBCTEST.STUDENTS_TIME_TBL (STU_ID,SUB_ID,DO_YEAR,SEMESTER,REG_TIME) values ('STU019','SUB0030','2018','1',to_date('18/02/02','RR/MM/DD'));
Insert into JDBCTEST.STUDENTS_TIME_TBL (STU_ID,SUB_ID,DO_YEAR,SEMESTER,REG_TIME) values ('STU019','SUB0031','2018','1',to_date('18/02/02','RR/MM/DD'));
Insert into JDBCTEST.STUDENTS_TIME_TBL (STU_ID,SUB_ID,DO_YEAR,SEMESTER,REG_TIME) values ('STU019','SUB0032','2018','1',to_date('18/02/02','RR/MM/DD'));
Insert into JDBCTEST.STUDENTS_TIME_TBL (STU_ID,SUB_ID,DO_YEAR,SEMESTER,REG_TIME) values ('STU019','SUB0024','2018','1',to_date('18/02/02','RR/MM/DD'));
Insert into JDBCTEST.STUDENTS_TIME_TBL (STU_ID,SUB_ID,DO_YEAR,SEMESTER,REG_TIME) values ('STU040','SUB0028','2018','1',to_date('18/02/02','RR/MM/DD'));
Insert into JDBCTEST.STUDENTS_TIME_TBL (STU_ID,SUB_ID,DO_YEAR,SEMESTER,REG_TIME) values ('STU040','SUB0029','2018','1',to_date('18/02/02','RR/MM/DD'));
Insert into JDBCTEST.STUDENTS_TIME_TBL (STU_ID,SUB_ID,DO_YEAR,SEMESTER,REG_TIME) values ('STU040','SUB0030','2018','1',to_date('18/02/02','RR/MM/DD'));
Insert into JDBCTEST.STUDENTS_TIME_TBL (STU_ID,SUB_ID,DO_YEAR,SEMESTER,REG_TIME) values ('STU040','SUB0031','2018','1',to_date('18/02/02','RR/MM/DD'));
Insert into JDBCTEST.STUDENTS_TIME_TBL (STU_ID,SUB_ID,DO_YEAR,SEMESTER,REG_TIME) values ('STU040','SUB0032','2018','1',to_date('18/02/02','RR/MM/DD'));
Insert into JDBCTEST.STUDENTS_TIME_TBL (STU_ID,SUB_ID,DO_YEAR,SEMESTER,REG_TIME) values ('STU040','SUB0061','2018','1',to_date('18/02/02','RR/MM/DD'));
Insert into JDBCTEST.STUDENTS_TIME_TBL (STU_ID,SUB_ID,DO_YEAR,SEMESTER,REG_TIME) values ('STU048','SUB0077','2018','1',to_date('18/02/02','RR/MM/DD'));
Insert into JDBCTEST.STUDENTS_TIME_TBL (STU_ID,SUB_ID,DO_YEAR,SEMESTER,REG_TIME) values ('STU048','SUB0029','2018','1',to_date('18/02/02','RR/MM/DD'));
Insert into JDBCTEST.STUDENTS_TIME_TBL (STU_ID,SUB_ID,DO_YEAR,SEMESTER,REG_TIME) values ('STU048','SUB0030','2018','1',to_date('18/02/02','RR/MM/DD'));
Insert into JDBCTEST.STUDENTS_TIME_TBL (STU_ID,SUB_ID,DO_YEAR,SEMESTER,REG_TIME) values ('STU048','SUB0039','2018','1',to_date('18/02/02','RR/MM/DD'));
Insert into JDBCTEST.STUDENTS_TIME_TBL (STU_ID,SUB_ID,DO_YEAR,SEMESTER,REG_TIME) values ('STU048','SUB0032','2018','1',to_date('18/02/02','RR/MM/DD'));
Insert into JDBCTEST.STUDENTS_TIME_TBL (STU_ID,SUB_ID,DO_YEAR,SEMESTER,REG_TIME) values ('STU052','SUB0028','2018','1',to_date('18/02/01','RR/MM/DD'));
Insert into JDBCTEST.STUDENTS_TIME_TBL (STU_ID,SUB_ID,DO_YEAR,SEMESTER,REG_TIME) values ('STU052','SUB0029','2018','1',to_date('18/02/01','RR/MM/DD'));
Insert into JDBCTEST.STUDENTS_TIME_TBL (STU_ID,SUB_ID,DO_YEAR,SEMESTER,REG_TIME) values ('STU052','SUB0030','2018','1',to_date('18/02/01','RR/MM/DD'));
Insert into JDBCTEST.STUDENTS_TIME_TBL (STU_ID,SUB_ID,DO_YEAR,SEMESTER,REG_TIME) values ('STU052','SUB0041','2018','1',to_date('18/02/01','RR/MM/DD'));
Insert into JDBCTEST.STUDENTS_TIME_TBL (STU_ID,SUB_ID,DO_YEAR,SEMESTER,REG_TIME) values ('STU052','SUB0042','2018','1',to_date('18/02/01','RR/MM/DD'));
Insert into JDBCTEST.STUDENTS_TIME_TBL (STU_ID,SUB_ID,DO_YEAR,SEMESTER,REG_TIME) values ('STU052','SUB0043','2018','1',to_date('18/02/01','RR/MM/DD'));
Insert into JDBCTEST.STUDENTS_TIME_TBL (STU_ID,SUB_ID,DO_YEAR,SEMESTER,REG_TIME) values ('STU060','SUB0028','2018','1',to_date('18/02/01','RR/MM/DD'));
Insert into JDBCTEST.STUDENTS_TIME_TBL (STU_ID,SUB_ID,DO_YEAR,SEMESTER,REG_TIME) values ('STU060','SUB0029','2018','1',to_date('18/02/01','RR/MM/DD'));
Insert into JDBCTEST.STUDENTS_TIME_TBL (STU_ID,SUB_ID,DO_YEAR,SEMESTER,REG_TIME) values ('STU060','SUB0030','2018','1',to_date('18/02/01','RR/MM/DD'));
Insert into JDBCTEST.STUDENTS_TIME_TBL (STU_ID,SUB_ID,DO_YEAR,SEMESTER,REG_TIME) values ('STU060','SUB0032','2018','1',to_date('18/02/01','RR/MM/DD'));
Insert into JDBCTEST.STUDENTS_TIME_TBL (STU_ID,SUB_ID,DO_YEAR,SEMESTER,REG_TIME) values ('STU010','SUB0028','2018','1',to_date('18/02/03','RR/MM/DD'));
Insert into JDBCTEST.STUDENTS_TIME_TBL (STU_ID,SUB_ID,DO_YEAR,SEMESTER,REG_TIME) values ('STU010','SUB0029','2018','1',to_date('18/02/03','RR/MM/DD'));
Insert into JDBCTEST.STUDENTS_TIME_TBL (STU_ID,SUB_ID,DO_YEAR,SEMESTER,REG_TIME) values ('STU010','SUB0030','2018','1',to_date('18/02/03','RR/MM/DD'));
Insert into JDBCTEST.STUDENTS_TIME_TBL (STU_ID,SUB_ID,DO_YEAR,SEMESTER,REG_TIME) values ('STU010','SUB0031','2018','1',to_date('18/02/03','RR/MM/DD'));
Insert into JDBCTEST.STUDENTS_TIME_TBL (STU_ID,SUB_ID,DO_YEAR,SEMESTER,REG_TIME) values ('STU010','SUB0027','2018','1',to_date('18/02/03','RR/MM/DD'));
Insert into JDBCTEST.STUDENTS_TIME_TBL (STU_ID,SUB_ID,DO_YEAR,SEMESTER,REG_TIME) values ('STU010','SUB0032','2018','1',to_date('18/02/03','RR/MM/DD'));
Insert into JDBCTEST.STUDENTS_TIME_TBL (STU_ID,SUB_ID,DO_YEAR,SEMESTER,REG_TIME) values ('STU010','SUB0040','2018','1',to_date('18/02/03','RR/MM/DD'));
Insert into JDBCTEST.STUDENTS_TIME_TBL (STU_ID,SUB_ID,DO_YEAR,SEMESTER,REG_TIME) values ('STU077','SUB0037','2018','1',to_date('18/02/03','RR/MM/DD'));
Insert into JDBCTEST.STUDENTS_TIME_TBL (STU_ID,SUB_ID,DO_YEAR,SEMESTER,REG_TIME) values ('STU077','SUB0038','2018','1',to_date('18/02/03','RR/MM/DD'));
Insert into JDBCTEST.STUDENTS_TIME_TBL (STU_ID,SUB_ID,DO_YEAR,SEMESTER,REG_TIME) values ('STU077','SUB0039','2018','1',to_date('18/02/03','RR/MM/DD'));
Insert into JDBCTEST.STUDENTS_TIME_TBL (STU_ID,SUB_ID,DO_YEAR,SEMESTER,REG_TIME) values ('STU077','SUB0040','2018','1',to_date('18/02/03','RR/MM/DD'));
Insert into JDBCTEST.STUDENTS_TIME_TBL (STU_ID,SUB_ID,DO_YEAR,SEMESTER,REG_TIME) values ('STU077','SUB0027','2018','1',to_date('18/02/03','RR/MM/DD'));
Insert into JDBCTEST.STUDENTS_TIME_TBL (STU_ID,SUB_ID,DO_YEAR,SEMESTER,REG_TIME) values ('STU078','SUB0037','2018','1',to_date('18/02/02','RR/MM/DD'));
Insert into JDBCTEST.STUDENTS_TIME_TBL (STU_ID,SUB_ID,DO_YEAR,SEMESTER,REG_TIME) values ('STU078','SUB0038','2018','1',to_date('18/02/02','RR/MM/DD'));
Insert into JDBCTEST.STUDENTS_TIME_TBL (STU_ID,SUB_ID,DO_YEAR,SEMESTER,REG_TIME) values ('STU078','SUB0054','2018','1',to_date('18/02/02','RR/MM/DD'));
Insert into JDBCTEST.STUDENTS_TIME_TBL (STU_ID,SUB_ID,DO_YEAR,SEMESTER,REG_TIME) values ('STU078','SUB0040','2018','1',to_date('18/02/02','RR/MM/DD'));
Insert into JDBCTEST.STUDENTS_TIME_TBL (STU_ID,SUB_ID,DO_YEAR,SEMESTER,REG_TIME) values ('STU088','SUB0037','2018','1',to_date('18/02/03','RR/MM/DD'));
Insert into JDBCTEST.STUDENTS_TIME_TBL (STU_ID,SUB_ID,DO_YEAR,SEMESTER,REG_TIME) values ('STU088','SUB0008','2018','1',to_date('18/02/03','RR/MM/DD'));
Insert into JDBCTEST.STUDENTS_TIME_TBL (STU_ID,SUB_ID,DO_YEAR,SEMESTER,REG_TIME) values ('STU088','SUB0039','2018','1',to_date('18/02/03','RR/MM/DD'));
Insert into JDBCTEST.STUDENTS_TIME_TBL (STU_ID,SUB_ID,DO_YEAR,SEMESTER,REG_TIME) values ('STU088','SUB0040','2018','1',to_date('18/02/03','RR/MM/DD'));
Insert into JDBCTEST.STUDENTS_TIME_TBL (STU_ID,SUB_ID,DO_YEAR,SEMESTER,REG_TIME) values ('STU088','SUB0063','2018','1',to_date('18/02/03','RR/MM/DD'));
Insert into JDBCTEST.STUDENTS_TIME_TBL (STU_ID,SUB_ID,DO_YEAR,SEMESTER,REG_TIME) values ('STU088','SUB0027','2018','1',to_date('18/02/03','RR/MM/DD'));
Insert into JDBCTEST.STUDENTS_TIME_TBL (STU_ID,SUB_ID,DO_YEAR,SEMESTER,REG_TIME) values ('STU004','SUB0037','2018','1',to_date('18/02/05','RR/MM/DD'));
Insert into JDBCTEST.STUDENTS_TIME_TBL (STU_ID,SUB_ID,DO_YEAR,SEMESTER,REG_TIME) values ('STU004','SUB0038','2018','1',to_date('18/02/05','RR/MM/DD'));
Insert into JDBCTEST.STUDENTS_TIME_TBL (STU_ID,SUB_ID,DO_YEAR,SEMESTER,REG_TIME) values ('STU004','SUB0039','2018','1',to_date('18/02/05','RR/MM/DD'));
Insert into JDBCTEST.STUDENTS_TIME_TBL (STU_ID,SUB_ID,DO_YEAR,SEMESTER,REG_TIME) values ('STU004','SUB0008','2018','1',to_date('18/02/05','RR/MM/DD'));
Insert into JDBCTEST.STUDENTS_TIME_TBL (STU_ID,SUB_ID,DO_YEAR,SEMESTER,REG_TIME) values ('STU004','SUB0009','2018','1',to_date('18/02/05','RR/MM/DD'));
Insert into JDBCTEST.STUDENTS_TIME_TBL (STU_ID,SUB_ID,DO_YEAR,SEMESTER,REG_TIME) values ('STU015','SUB0037','2018','1',to_date('18/02/03','RR/MM/DD'));
Insert into JDBCTEST.STUDENTS_TIME_TBL (STU_ID,SUB_ID,DO_YEAR,SEMESTER,REG_TIME) values ('STU015','SUB0038','2018','1',to_date('18/02/03','RR/MM/DD'));
Insert into JDBCTEST.STUDENTS_TIME_TBL (STU_ID,SUB_ID,DO_YEAR,SEMESTER,REG_TIME) values ('STU015','SUB0074','2018','1',to_date('18/02/03','RR/MM/DD'));
Insert into JDBCTEST.STUDENTS_TIME_TBL (STU_ID,SUB_ID,DO_YEAR,SEMESTER,REG_TIME) values ('STU015','SUB0040','2018','1',to_date('18/02/03','RR/MM/DD'));
Insert into JDBCTEST.STUDENTS_TIME_TBL (STU_ID,SUB_ID,DO_YEAR,SEMESTER,REG_TIME) values ('STU015','SUB0044','2018','1',to_date('18/02/03','RR/MM/DD'));
Insert into JDBCTEST.STUDENTS_TIME_TBL (STU_ID,SUB_ID,DO_YEAR,SEMESTER,REG_TIME) values ('STU049','SUB0041','2018','1',to_date('18/02/07','RR/MM/DD'));
Insert into JDBCTEST.STUDENTS_TIME_TBL (STU_ID,SUB_ID,DO_YEAR,SEMESTER,REG_TIME) values ('STU049','SUB0042','2018','1',to_date('18/02/07','RR/MM/DD'));
Insert into JDBCTEST.STUDENTS_TIME_TBL (STU_ID,SUB_ID,DO_YEAR,SEMESTER,REG_TIME) values ('STU049','SUB0043','2018','1',to_date('18/02/07','RR/MM/DD'));
Insert into JDBCTEST.STUDENTS_TIME_TBL (STU_ID,SUB_ID,DO_YEAR,SEMESTER,REG_TIME) values ('STU049','SUB0044','2018','1',to_date('18/02/07','RR/MM/DD'));
Insert into JDBCTEST.STUDENTS_TIME_TBL (STU_ID,SUB_ID,DO_YEAR,SEMESTER,REG_TIME) values ('STU049','SUB0045','2018','1',to_date('18/02/07','RR/MM/DD'));
Insert into JDBCTEST.STUDENTS_TIME_TBL (STU_ID,SUB_ID,DO_YEAR,SEMESTER,REG_TIME) values ('STU049','SUB0046','2018','1',to_date('18/02/07','RR/MM/DD'));
Insert into JDBCTEST.STUDENTS_TIME_TBL (STU_ID,SUB_ID,DO_YEAR,SEMESTER,REG_TIME) values ('STU049','SUB0054','2018','1',to_date('18/02/07','RR/MM/DD'));
Insert into JDBCTEST.STUDENTS_TIME_TBL (STU_ID,SUB_ID,DO_YEAR,SEMESTER,REG_TIME) values ('STU049','SUB0055','2018','1',to_date('18/02/07','RR/MM/DD'));
Insert into JDBCTEST.STUDENTS_TIME_TBL (STU_ID,SUB_ID,DO_YEAR,SEMESTER,REG_TIME) values ('STU050','SUB0042','2018','1',to_date('18/02/05','RR/MM/DD'));
Insert into JDBCTEST.STUDENTS_TIME_TBL (STU_ID,SUB_ID,DO_YEAR,SEMESTER,REG_TIME) values ('STU050','SUB0043','2018','1',to_date('18/02/05','RR/MM/DD'));
Insert into JDBCTEST.STUDENTS_TIME_TBL (STU_ID,SUB_ID,DO_YEAR,SEMESTER,REG_TIME) values ('STU050','SUB0044','2018','1',to_date('18/02/05','RR/MM/DD'));
Insert into JDBCTEST.STUDENTS_TIME_TBL (STU_ID,SUB_ID,DO_YEAR,SEMESTER,REG_TIME) values ('STU050','SUB0072','2018','1',to_date('18/02/05','RR/MM/DD'));
Insert into JDBCTEST.STUDENTS_TIME_TBL (STU_ID,SUB_ID,DO_YEAR,SEMESTER,REG_TIME) values ('STU050','SUB0071','2018','1',to_date('18/02/05','RR/MM/DD'));
Insert into JDBCTEST.STUDENTS_TIME_TBL (STU_ID,SUB_ID,DO_YEAR,SEMESTER,REG_TIME) values ('STU050','SUB0054','2018','1',to_date('18/02/05','RR/MM/DD'));
Insert into JDBCTEST.STUDENTS_TIME_TBL (STU_ID,SUB_ID,DO_YEAR,SEMESTER,REG_TIME) values ('STU050','SUB0055','2018','1',to_date('18/02/05','RR/MM/DD'));
Insert into JDBCTEST.STUDENTS_TIME_TBL (STU_ID,SUB_ID,DO_YEAR,SEMESTER,REG_TIME) values ('STU056','SUB0042','2018','1',to_date('18/02/05','RR/MM/DD'));
Insert into JDBCTEST.STUDENTS_TIME_TBL (STU_ID,SUB_ID,DO_YEAR,SEMESTER,REG_TIME) values ('STU056','SUB0043','2018','1',to_date('18/02/05','RR/MM/DD'));
Insert into JDBCTEST.STUDENTS_TIME_TBL (STU_ID,SUB_ID,DO_YEAR,SEMESTER,REG_TIME) values ('STU056','SUB0044','2018','1',to_date('18/02/05','RR/MM/DD'));
Insert into JDBCTEST.STUDENTS_TIME_TBL (STU_ID,SUB_ID,DO_YEAR,SEMESTER,REG_TIME) values ('STU056','SUB0072','2018','1',to_date('18/02/05','RR/MM/DD'));
Insert into JDBCTEST.STUDENTS_TIME_TBL (STU_ID,SUB_ID,DO_YEAR,SEMESTER,REG_TIME) values ('STU056','SUB0041','2018','1',to_date('18/02/05','RR/MM/DD'));
Insert into JDBCTEST.STUDENTS_TIME_TBL (STU_ID,SUB_ID,DO_YEAR,SEMESTER,REG_TIME) values ('STU056','SUB0084','2018','1',to_date('18/02/05','RR/MM/DD'));
Insert into JDBCTEST.STUDENTS_TIME_TBL (STU_ID,SUB_ID,DO_YEAR,SEMESTER,REG_TIME) values ('STU056','SUB0085','2018','1',to_date('18/02/05','RR/MM/DD'));
Insert into JDBCTEST.STUDENTS_TIME_TBL (STU_ID,SUB_ID,DO_YEAR,SEMESTER,REG_TIME) values ('STU075','SUB0041','2018','1',to_date('18/02/07','RR/MM/DD'));
Insert into JDBCTEST.STUDENTS_TIME_TBL (STU_ID,SUB_ID,DO_YEAR,SEMESTER,REG_TIME) values ('STU075','SUB0042','2018','1',to_date('18/02/07','RR/MM/DD'));
Insert into JDBCTEST.STUDENTS_TIME_TBL (STU_ID,SUB_ID,DO_YEAR,SEMESTER,REG_TIME) values ('STU075','SUB0043','2018','1',to_date('18/02/07','RR/MM/DD'));
Insert into JDBCTEST.STUDENTS_TIME_TBL (STU_ID,SUB_ID,DO_YEAR,SEMESTER,REG_TIME) values ('STU075','SUB0044','2018','1',to_date('18/02/07','RR/MM/DD'));
Insert into JDBCTEST.STUDENTS_TIME_TBL (STU_ID,SUB_ID,DO_YEAR,SEMESTER,REG_TIME) values ('STU075','SUB0045','2018','1',to_date('18/02/07','RR/MM/DD'));
Insert into JDBCTEST.STUDENTS_TIME_TBL (STU_ID,SUB_ID,DO_YEAR,SEMESTER,REG_TIME) values ('STU075','SUB0048','2018','1',to_date('18/02/07','RR/MM/DD'));
Insert into JDBCTEST.STUDENTS_TIME_TBL (STU_ID,SUB_ID,DO_YEAR,SEMESTER,REG_TIME) values ('STU075','SUB0049','2018','1',to_date('18/02/07','RR/MM/DD'));
Insert into JDBCTEST.STUDENTS_TIME_TBL (STU_ID,SUB_ID,DO_YEAR,SEMESTER,REG_TIME) values ('STU075','SUB0050','2018','1',to_date('18/02/07','RR/MM/DD'));
Insert into JDBCTEST.STUDENTS_TIME_TBL (STU_ID,SUB_ID,DO_YEAR,SEMESTER,REG_TIME) values ('STU082','SUB0041','2018','1',to_date('18/02/01','RR/MM/DD'));
Insert into JDBCTEST.STUDENTS_TIME_TBL (STU_ID,SUB_ID,DO_YEAR,SEMESTER,REG_TIME) values ('STU082','SUB0042','2018','1',to_date('18/02/01','RR/MM/DD'));
Insert into JDBCTEST.STUDENTS_TIME_TBL (STU_ID,SUB_ID,DO_YEAR,SEMESTER,REG_TIME) values ('STU082','SUB0043','2018','1',to_date('18/02/01','RR/MM/DD'));
Insert into JDBCTEST.STUDENTS_TIME_TBL (STU_ID,SUB_ID,DO_YEAR,SEMESTER,REG_TIME) values ('STU082','SUB0044','2018','1',to_date('18/02/01','RR/MM/DD'));
Insert into JDBCTEST.STUDENTS_TIME_TBL (STU_ID,SUB_ID,DO_YEAR,SEMESTER,REG_TIME) values ('STU082','SUB0045','2018','1',to_date('18/02/01','RR/MM/DD'));
Insert into JDBCTEST.STUDENTS_TIME_TBL (STU_ID,SUB_ID,DO_YEAR,SEMESTER,REG_TIME) values ('STU083','SUB0041','2018','1',to_date('18/02/01','RR/MM/DD'));
Insert into JDBCTEST.STUDENTS_TIME_TBL (STU_ID,SUB_ID,DO_YEAR,SEMESTER,REG_TIME) values ('STU083','SUB0042','2018','1',to_date('18/02/01','RR/MM/DD'));
Insert into JDBCTEST.STUDENTS_TIME_TBL (STU_ID,SUB_ID,DO_YEAR,SEMESTER,REG_TIME) values ('STU083','SUB0043','2018','1',to_date('18/02/01','RR/MM/DD'));
Insert into JDBCTEST.STUDENTS_TIME_TBL (STU_ID,SUB_ID,DO_YEAR,SEMESTER,REG_TIME) values ('STU083','SUB0014','2018','1',to_date('18/02/01','RR/MM/DD'));
Insert into JDBCTEST.STUDENTS_TIME_TBL (STU_ID,SUB_ID,DO_YEAR,SEMESTER,REG_TIME) values ('STU083','SUB0015','2018','1',to_date('18/02/01','RR/MM/DD'));
Insert into JDBCTEST.STUDENTS_TIME_TBL (STU_ID,SUB_ID,DO_YEAR,SEMESTER,REG_TIME) values ('STU090','SUB0046','2018','1',to_date('18/02/08','RR/MM/DD'));
Insert into JDBCTEST.STUDENTS_TIME_TBL (STU_ID,SUB_ID,DO_YEAR,SEMESTER,REG_TIME) values ('STU090','SUB0045','2018','1',to_date('18/02/08','RR/MM/DD'));
Insert into JDBCTEST.STUDENTS_TIME_TBL (STU_ID,SUB_ID,DO_YEAR,SEMESTER,REG_TIME) values ('STU090','SUB0043','2018','1',to_date('18/02/08','RR/MM/DD'));
Insert into JDBCTEST.STUDENTS_TIME_TBL (STU_ID,SUB_ID,DO_YEAR,SEMESTER,REG_TIME) values ('STU090','SUB0044','2018','1',to_date('18/02/08','RR/MM/DD'));
Insert into JDBCTEST.STUDENTS_TIME_TBL (STU_ID,SUB_ID,DO_YEAR,SEMESTER,REG_TIME) values ('STU003','SUB0041','2018','1',to_date('18/02/04','RR/MM/DD'));
Insert into JDBCTEST.STUDENTS_TIME_TBL (STU_ID,SUB_ID,DO_YEAR,SEMESTER,REG_TIME) values ('STU003','SUB0042','2018','1',to_date('18/02/04','RR/MM/DD'));
Insert into JDBCTEST.STUDENTS_TIME_TBL (STU_ID,SUB_ID,DO_YEAR,SEMESTER,REG_TIME) values ('STU003','SUB0043','2018','1',to_date('18/02/04','RR/MM/DD'));
Insert into JDBCTEST.STUDENTS_TIME_TBL (STU_ID,SUB_ID,DO_YEAR,SEMESTER,REG_TIME) values ('STU003','SUB0005','2018','1',to_date('18/02/04','RR/MM/DD'));
Insert into JDBCTEST.STUDENTS_TIME_TBL (STU_ID,SUB_ID,DO_YEAR,SEMESTER,REG_TIME) values ('STU003','SUB0006','2018','1',to_date('18/02/04','RR/MM/DD'));
Insert into JDBCTEST.STUDENTS_TIME_TBL (STU_ID,SUB_ID,DO_YEAR,SEMESTER,REG_TIME) values ('STU003','SUB0001','2018','1',to_date('18/02/04','RR/MM/DD'));
Insert into JDBCTEST.STUDENTS_TIME_TBL (STU_ID,SUB_ID,DO_YEAR,SEMESTER,REG_TIME) values ('STU027','SUB0046','2018','1',to_date('18/02/02','RR/MM/DD'));
Insert into JDBCTEST.STUDENTS_TIME_TBL (STU_ID,SUB_ID,DO_YEAR,SEMESTER,REG_TIME) values ('STU027','SUB0047','2018','1',to_date('18/02/02','RR/MM/DD'));
Insert into JDBCTEST.STUDENTS_TIME_TBL (STU_ID,SUB_ID,DO_YEAR,SEMESTER,REG_TIME) values ('STU027','SUB0048','2018','1',to_date('18/02/02','RR/MM/DD'));
Insert into JDBCTEST.STUDENTS_TIME_TBL (STU_ID,SUB_ID,DO_YEAR,SEMESTER,REG_TIME) values ('STU027','SUB0049','2018','1',to_date('18/02/02','RR/MM/DD'));
Insert into JDBCTEST.STUDENTS_TIME_TBL (STU_ID,SUB_ID,DO_YEAR,SEMESTER,REG_TIME) values ('STU027','SUB0050','2018','1',to_date('18/02/02','RR/MM/DD'));
Insert into JDBCTEST.STUDENTS_TIME_TBL (STU_ID,SUB_ID,DO_YEAR,SEMESTER,REG_TIME) values ('STU027','SUB0051','2018','1',to_date('18/02/02','RR/MM/DD'));
Insert into JDBCTEST.STUDENTS_TIME_TBL (STU_ID,SUB_ID,DO_YEAR,SEMESTER,REG_TIME) values ('STU027','SUB0085','2018','1',to_date('18/02/02','RR/MM/DD'));
Insert into JDBCTEST.STUDENTS_TIME_TBL (STU_ID,SUB_ID,DO_YEAR,SEMESTER,REG_TIME) values ('STU029','SUB0005','2018','1',to_date('18/02/04','RR/MM/DD'));
Insert into JDBCTEST.STUDENTS_TIME_TBL (STU_ID,SUB_ID,DO_YEAR,SEMESTER,REG_TIME) values ('STU029','SUB0047','2018','1',to_date('18/02/04','RR/MM/DD'));
Insert into JDBCTEST.STUDENTS_TIME_TBL (STU_ID,SUB_ID,DO_YEAR,SEMESTER,REG_TIME) values ('STU029','SUB0048','2018','1',to_date('18/02/04','RR/MM/DD'));
Insert into JDBCTEST.STUDENTS_TIME_TBL (STU_ID,SUB_ID,DO_YEAR,SEMESTER,REG_TIME) values ('STU029','SUB0049','2018','1',to_date('18/02/04','RR/MM/DD'));
Insert into JDBCTEST.STUDENTS_TIME_TBL (STU_ID,SUB_ID,DO_YEAR,SEMESTER,REG_TIME) values ('STU029','SUB0050','2018','1',to_date('18/02/04','RR/MM/DD'));
Insert into JDBCTEST.STUDENTS_TIME_TBL (STU_ID,SUB_ID,DO_YEAR,SEMESTER,REG_TIME) values ('STU029','SUB0006','2018','1',to_date('18/02/04','RR/MM/DD'));
Insert into JDBCTEST.STUDENTS_TIME_TBL (STU_ID,SUB_ID,DO_YEAR,SEMESTER,REG_TIME) values ('STU029','SUB0007','2018','1',to_date('18/02/04','RR/MM/DD'));
Insert into JDBCTEST.STUDENTS_TIME_TBL (STU_ID,SUB_ID,DO_YEAR,SEMESTER,REG_TIME) values ('STU030','SUB0051','2018','1',to_date('18/02/04','RR/MM/DD'));
Insert into JDBCTEST.STUDENTS_TIME_TBL (STU_ID,SUB_ID,DO_YEAR,SEMESTER,REG_TIME) values ('STU030','SUB0047','2018','1',to_date('18/02/04','RR/MM/DD'));
Insert into JDBCTEST.STUDENTS_TIME_TBL (STU_ID,SUB_ID,DO_YEAR,SEMESTER,REG_TIME) values ('STU030','SUB0048','2018','1',to_date('18/02/04','RR/MM/DD'));
Insert into JDBCTEST.STUDENTS_TIME_TBL (STU_ID,SUB_ID,DO_YEAR,SEMESTER,REG_TIME) values ('STU030','SUB0049','2018','1',to_date('18/02/04','RR/MM/DD'));
Insert into JDBCTEST.STUDENTS_TIME_TBL (STU_ID,SUB_ID,DO_YEAR,SEMESTER,REG_TIME) values ('STU033','SUB0002','2018','1',to_date('18/02/04','RR/MM/DD'));
Insert into JDBCTEST.STUDENTS_TIME_TBL (STU_ID,SUB_ID,DO_YEAR,SEMESTER,REG_TIME) values ('STU033','SUB0049','2018','1',to_date('18/02/04','RR/MM/DD'));
Insert into JDBCTEST.STUDENTS_TIME_TBL (STU_ID,SUB_ID,DO_YEAR,SEMESTER,REG_TIME) values ('STU033','SUB0050','2018','1',to_date('18/02/04','RR/MM/DD'));
Insert into JDBCTEST.STUDENTS_TIME_TBL (STU_ID,SUB_ID,DO_YEAR,SEMESTER,REG_TIME) values ('STU033','SUB0003','2018','1',to_date('18/02/04','RR/MM/DD'));
Insert into JDBCTEST.STUDENTS_TIME_TBL (STU_ID,SUB_ID,DO_YEAR,SEMESTER,REG_TIME) values ('STU033','SUB0051','2018','1',to_date('18/02/04','RR/MM/DD'));
Insert into JDBCTEST.STUDENTS_TIME_TBL (STU_ID,SUB_ID,DO_YEAR,SEMESTER,REG_TIME) values ('STU036','SUB0031','2018','1',to_date('18/02/09','RR/MM/DD'));
Insert into JDBCTEST.STUDENTS_TIME_TBL (STU_ID,SUB_ID,DO_YEAR,SEMESTER,REG_TIME) values ('STU036','SUB0047','2018','1',to_date('18/02/09','RR/MM/DD'));
Insert into JDBCTEST.STUDENTS_TIME_TBL (STU_ID,SUB_ID,DO_YEAR,SEMESTER,REG_TIME) values ('STU036','SUB0048','2018','1',to_date('18/02/09','RR/MM/DD'));
Insert into JDBCTEST.STUDENTS_TIME_TBL (STU_ID,SUB_ID,DO_YEAR,SEMESTER,REG_TIME) values ('STU036','SUB0049','2018','1',to_date('18/02/09','RR/MM/DD'));
Insert into JDBCTEST.STUDENTS_TIME_TBL (STU_ID,SUB_ID,DO_YEAR,SEMESTER,REG_TIME) values ('STU036','SUB0050','2018','1',to_date('18/02/09','RR/MM/DD'));
Insert into JDBCTEST.STUDENTS_TIME_TBL (STU_ID,SUB_ID,DO_YEAR,SEMESTER,REG_TIME) values ('STU036','SUB0051','2018','1',to_date('18/02/09','RR/MM/DD'));
Insert into JDBCTEST.STUDENTS_TIME_TBL (STU_ID,SUB_ID,DO_YEAR,SEMESTER,REG_TIME) values ('STU036','SUB0046','2018','1',to_date('18/02/09','RR/MM/DD'));
Insert into JDBCTEST.STUDENTS_TIME_TBL (STU_ID,SUB_ID,DO_YEAR,SEMESTER,REG_TIME) values ('STU036','SUB0029','2018','1',to_date('18/02/09','RR/MM/DD'));
Insert into JDBCTEST.STUDENTS_TIME_TBL (STU_ID,SUB_ID,DO_YEAR,SEMESTER,REG_TIME) values ('STU036','SUB0034','2018','1',to_date('18/02/09','RR/MM/DD'));
Insert into JDBCTEST.STUDENTS_TIME_TBL (STU_ID,SUB_ID,DO_YEAR,SEMESTER,REG_TIME) values ('STU035','SUB0051','2018','1',to_date('18/02/04','RR/MM/DD'));
Insert into JDBCTEST.STUDENTS_TIME_TBL (STU_ID,SUB_ID,DO_YEAR,SEMESTER,REG_TIME) values ('STU035','SUB0052','2018','1',to_date('18/02/04','RR/MM/DD'));
Insert into JDBCTEST.STUDENTS_TIME_TBL (STU_ID,SUB_ID,DO_YEAR,SEMESTER,REG_TIME) values ('STU035','SUB0053','2018','1',to_date('18/02/04','RR/MM/DD'));
Insert into JDBCTEST.STUDENTS_TIME_TBL (STU_ID,SUB_ID,DO_YEAR,SEMESTER,REG_TIME) values ('STU035','SUB0054','2018','1',to_date('18/02/04','RR/MM/DD'));
Insert into JDBCTEST.STUDENTS_TIME_TBL (STU_ID,SUB_ID,DO_YEAR,SEMESTER,REG_TIME) values ('STU035','SUB0055','2018','1',to_date('18/02/04','RR/MM/DD'));
Insert into JDBCTEST.STUDENTS_TIME_TBL (STU_ID,SUB_ID,DO_YEAR,SEMESTER,REG_TIME) values ('STU035','SUB0056','2018','1',to_date('18/02/04','RR/MM/DD'));
Insert into JDBCTEST.STUDENTS_TIME_TBL (STU_ID,SUB_ID,DO_YEAR,SEMESTER,REG_TIME) values ('STU035','SUB0057','2018','1',to_date('18/02/04','RR/MM/DD'));
Insert into JDBCTEST.STUDENTS_TIME_TBL (STU_ID,SUB_ID,DO_YEAR,SEMESTER,REG_TIME) values ('STU051','SUB0051','2018','1',to_date('18/02/04','RR/MM/DD'));
Insert into JDBCTEST.STUDENTS_TIME_TBL (STU_ID,SUB_ID,DO_YEAR,SEMESTER,REG_TIME) values ('STU051','SUB0052','2018','1',to_date('18/02/04','RR/MM/DD'));
Insert into JDBCTEST.STUDENTS_TIME_TBL (STU_ID,SUB_ID,DO_YEAR,SEMESTER,REG_TIME) values ('STU051','SUB0053','2018','1',to_date('18/02/04','RR/MM/DD'));
Insert into JDBCTEST.STUDENTS_TIME_TBL (STU_ID,SUB_ID,DO_YEAR,SEMESTER,REG_TIME) values ('STU051','SUB0054','2018','1',to_date('18/02/04','RR/MM/DD'));
Insert into JDBCTEST.STUDENTS_TIME_TBL (STU_ID,SUB_ID,DO_YEAR,SEMESTER,REG_TIME) values ('STU051','SUB0055','2018','1',to_date('18/02/04','RR/MM/DD'));
Insert into JDBCTEST.STUDENTS_TIME_TBL (STU_ID,SUB_ID,DO_YEAR,SEMESTER,REG_TIME) values ('STU051','SUB0056','2018','1',to_date('18/02/04','RR/MM/DD'));
Insert into JDBCTEST.STUDENTS_TIME_TBL (STU_ID,SUB_ID,DO_YEAR,SEMESTER,REG_TIME) values ('STU051','SUB0057','2018','1',to_date('18/02/04','RR/MM/DD'));
Insert into JDBCTEST.STUDENTS_TIME_TBL (STU_ID,SUB_ID,DO_YEAR,SEMESTER,REG_TIME) values ('STU068','SUB0052','2018','1',to_date('18/02/05','RR/MM/DD'));
Insert into JDBCTEST.STUDENTS_TIME_TBL (STU_ID,SUB_ID,DO_YEAR,SEMESTER,REG_TIME) values ('STU068','SUB0053','2018','1',to_date('18/02/05','RR/MM/DD'));
Insert into JDBCTEST.STUDENTS_TIME_TBL (STU_ID,SUB_ID,DO_YEAR,SEMESTER,REG_TIME) values ('STU068','SUB0051','2018','1',to_date('18/02/05','RR/MM/DD'));
Insert into JDBCTEST.STUDENTS_TIME_TBL (STU_ID,SUB_ID,DO_YEAR,SEMESTER,REG_TIME) values ('STU068','SUB0055','2018','1',to_date('18/02/05','RR/MM/DD'));
Insert into JDBCTEST.STUDENTS_TIME_TBL (STU_ID,SUB_ID,DO_YEAR,SEMESTER,REG_TIME) values ('STU068','SUB0056','2018','1',to_date('18/02/05','RR/MM/DD'));
Insert into JDBCTEST.STUDENTS_TIME_TBL (STU_ID,SUB_ID,DO_YEAR,SEMESTER,REG_TIME) values ('STU068','SUB0057','2018','1',to_date('18/02/05','RR/MM/DD'));
Insert into JDBCTEST.STUDENTS_TIME_TBL (STU_ID,SUB_ID,DO_YEAR,SEMESTER,REG_TIME) values ('STU069','SUB0051','2018','1',to_date('18/02/05','RR/MM/DD'));
Insert into JDBCTEST.STUDENTS_TIME_TBL (STU_ID,SUB_ID,DO_YEAR,SEMESTER,REG_TIME) values ('STU069','SUB0053','2018','1',to_date('18/02/05','RR/MM/DD'));
Insert into JDBCTEST.STUDENTS_TIME_TBL (STU_ID,SUB_ID,DO_YEAR,SEMESTER,REG_TIME) values ('STU069','SUB0056','2018','1',to_date('18/02/05','RR/MM/DD'));
Insert into JDBCTEST.STUDENTS_TIME_TBL (STU_ID,SUB_ID,DO_YEAR,SEMESTER,REG_TIME) values ('STU069','SUB0057','2018','1',to_date('18/02/05','RR/MM/DD'));
Insert into JDBCTEST.STUDENTS_TIME_TBL (STU_ID,SUB_ID,DO_YEAR,SEMESTER,REG_TIME) values ('STU084','SUB0052','2018','1',to_date('18/02/03','RR/MM/DD'));
Insert into JDBCTEST.STUDENTS_TIME_TBL (STU_ID,SUB_ID,DO_YEAR,SEMESTER,REG_TIME) values ('STU084','SUB0051','2018','1',to_date('18/02/03','RR/MM/DD'));
Insert into JDBCTEST.STUDENTS_TIME_TBL (STU_ID,SUB_ID,DO_YEAR,SEMESTER,REG_TIME) values ('STU084','SUB0053','2018','1',to_date('18/02/03','RR/MM/DD'));
Insert into JDBCTEST.STUDENTS_TIME_TBL (STU_ID,SUB_ID,DO_YEAR,SEMESTER,REG_TIME) values ('STU084','SUB0054','2018','1',to_date('18/02/03','RR/MM/DD'));
Insert into JDBCTEST.STUDENTS_TIME_TBL (STU_ID,SUB_ID,DO_YEAR,SEMESTER,REG_TIME) values ('STU084','SUB0056','2018','1',to_date('18/02/03','RR/MM/DD'));
Insert into JDBCTEST.STUDENTS_TIME_TBL (STU_ID,SUB_ID,DO_YEAR,SEMESTER,REG_TIME) values ('STU085','SUB0051','2018','1',to_date('18/02/04','RR/MM/DD'));
Insert into JDBCTEST.STUDENTS_TIME_TBL (STU_ID,SUB_ID,DO_YEAR,SEMESTER,REG_TIME) values ('STU085','SUB0052','2018','1',to_date('18/02/04','RR/MM/DD'));
Insert into JDBCTEST.STUDENTS_TIME_TBL (STU_ID,SUB_ID,DO_YEAR,SEMESTER,REG_TIME) values ('STU085','SUB0053','2018','1',to_date('18/02/04','RR/MM/DD'));
Insert into JDBCTEST.STUDENTS_TIME_TBL (STU_ID,SUB_ID,DO_YEAR,SEMESTER,REG_TIME) values ('STU085','SUB0054','2018','1',to_date('18/02/04','RR/MM/DD'));
Insert into JDBCTEST.STUDENTS_TIME_TBL (STU_ID,SUB_ID,DO_YEAR,SEMESTER,REG_TIME) values ('STU085','SUB0055','2018','1',to_date('18/02/04','RR/MM/DD'));
Insert into JDBCTEST.STUDENTS_TIME_TBL (STU_ID,SUB_ID,DO_YEAR,SEMESTER,REG_TIME) values ('STU085','SUB0056','2018','1',to_date('18/02/04','RR/MM/DD'));
Insert into JDBCTEST.STUDENTS_TIME_TBL (STU_ID,SUB_ID,DO_YEAR,SEMESTER,REG_TIME) values ('STU085','SUB0057','2018','1',to_date('18/02/04','RR/MM/DD'));
Insert into JDBCTEST.STUDENTS_TIME_TBL (STU_ID,SUB_ID,DO_YEAR,SEMESTER,REG_TIME) values ('STU005','SUB0052','2018','1',to_date('18/02/04','RR/MM/DD'));
Insert into JDBCTEST.STUDENTS_TIME_TBL (STU_ID,SUB_ID,DO_YEAR,SEMESTER,REG_TIME) values ('STU005','SUB0053','2018','1',to_date('18/02/04','RR/MM/DD'));
Insert into JDBCTEST.STUDENTS_TIME_TBL (STU_ID,SUB_ID,DO_YEAR,SEMESTER,REG_TIME) values ('STU005','SUB0054','2018','1',to_date('18/02/04','RR/MM/DD'));
Insert into JDBCTEST.STUDENTS_TIME_TBL (STU_ID,SUB_ID,DO_YEAR,SEMESTER,REG_TIME) values ('STU005','SUB0055','2018','1',to_date('18/02/04','RR/MM/DD'));
Insert into JDBCTEST.STUDENTS_TIME_TBL (STU_ID,SUB_ID,DO_YEAR,SEMESTER,REG_TIME) values ('STU001','SUB0060','2018','1',to_date('18/02/07','RR/MM/DD'));
Insert into JDBCTEST.STUDENTS_TIME_TBL (STU_ID,SUB_ID,DO_YEAR,SEMESTER,REG_TIME) values ('STU001','SUB0061','2018','1',to_date('18/02/07','RR/MM/DD'));
Insert into JDBCTEST.STUDENTS_TIME_TBL (STU_ID,SUB_ID,DO_YEAR,SEMESTER,REG_TIME) values ('STU001','SUB0062','2018','1',to_date('18/02/07','RR/MM/DD'));
Insert into JDBCTEST.STUDENTS_TIME_TBL (STU_ID,SUB_ID,DO_YEAR,SEMESTER,REG_TIME) values ('STU001','SUB0064','2018','1',to_date('18/02/07','RR/MM/DD'));
Insert into JDBCTEST.STUDENTS_TIME_TBL (STU_ID,SUB_ID,DO_YEAR,SEMESTER,REG_TIME) values ('STU001','SUB0065','2018','1',to_date('18/02/07','RR/MM/DD'));
Insert into JDBCTEST.STUDENTS_TIME_TBL (STU_ID,SUB_ID,DO_YEAR,SEMESTER,REG_TIME) values ('STU001','SUB0066','2018','1',to_date('18/02/07','RR/MM/DD'));
Insert into JDBCTEST.STUDENTS_TIME_TBL (STU_ID,SUB_ID,DO_YEAR,SEMESTER,REG_TIME) values ('STU006','SUB0060','2018','1',to_date('18/02/07','RR/MM/DD'));
Insert into JDBCTEST.STUDENTS_TIME_TBL (STU_ID,SUB_ID,DO_YEAR,SEMESTER,REG_TIME) values ('STU006','SUB0061','2018','1',to_date('18/02/07','RR/MM/DD'));
Insert into JDBCTEST.STUDENTS_TIME_TBL (STU_ID,SUB_ID,DO_YEAR,SEMESTER,REG_TIME) values ('STU006','SUB0062','2018','1',to_date('18/02/07','RR/MM/DD'));
Insert into JDBCTEST.STUDENTS_TIME_TBL (STU_ID,SUB_ID,DO_YEAR,SEMESTER,REG_TIME) values ('STU006','SUB0071','2018','1',to_date('18/02/07','RR/MM/DD'));
Insert into JDBCTEST.STUDENTS_TIME_TBL (STU_ID,SUB_ID,DO_YEAR,SEMESTER,REG_TIME) values ('STU006','SUB0072','2018','1',to_date('18/02/07','RR/MM/DD'));
Insert into JDBCTEST.STUDENTS_TIME_TBL (STU_ID,SUB_ID,DO_YEAR,SEMESTER,REG_TIME) values ('STU007','SUB0060','2018','1',to_date('18/02/07','RR/MM/DD'));
Insert into JDBCTEST.STUDENTS_TIME_TBL (STU_ID,SUB_ID,DO_YEAR,SEMESTER,REG_TIME) values ('STU007','SUB0061','2018','1',to_date('18/02/07','RR/MM/DD'));
Insert into JDBCTEST.STUDENTS_TIME_TBL (STU_ID,SUB_ID,DO_YEAR,SEMESTER,REG_TIME) values ('STU007','SUB0062','2018','1',to_date('18/02/07','RR/MM/DD'));
Insert into JDBCTEST.STUDENTS_TIME_TBL (STU_ID,SUB_ID,DO_YEAR,SEMESTER,REG_TIME) values ('STU007','SUB0064','2018','1',to_date('18/02/07','RR/MM/DD'));
Insert into JDBCTEST.STUDENTS_TIME_TBL (STU_ID,SUB_ID,DO_YEAR,SEMESTER,REG_TIME) values ('STU007','SUB0065','2018','1',to_date('18/02/07','RR/MM/DD'));
Insert into JDBCTEST.STUDENTS_TIME_TBL (STU_ID,SUB_ID,DO_YEAR,SEMESTER,REG_TIME) values ('STU007','SUB0071','2018','1',to_date('18/02/07','RR/MM/DD'));
Insert into JDBCTEST.STUDENTS_TIME_TBL (STU_ID,SUB_ID,DO_YEAR,SEMESTER,REG_TIME) values ('STU007','SUB0072','2018','1',to_date('18/02/07','RR/MM/DD'));
Insert into JDBCTEST.STUDENTS_TIME_TBL (STU_ID,SUB_ID,DO_YEAR,SEMESTER,REG_TIME) values ('STU007','SUB0073','2018','1',to_date('18/02/07','RR/MM/DD'));
Insert into JDBCTEST.STUDENTS_TIME_TBL (STU_ID,SUB_ID,DO_YEAR,SEMESTER,REG_TIME) values ('STU041','SUB0063','2018','1',to_date('18/02/07','RR/MM/DD'));
Insert into JDBCTEST.STUDENTS_TIME_TBL (STU_ID,SUB_ID,DO_YEAR,SEMESTER,REG_TIME) values ('STU041','SUB0064','2018','1',to_date('18/02/07','RR/MM/DD'));
Insert into JDBCTEST.STUDENTS_TIME_TBL (STU_ID,SUB_ID,DO_YEAR,SEMESTER,REG_TIME) values ('STU041','SUB0065','2018','1',to_date('18/02/07','RR/MM/DD'));
Insert into JDBCTEST.STUDENTS_TIME_TBL (STU_ID,SUB_ID,DO_YEAR,SEMESTER,REG_TIME) values ('STU041','SUB0066','2018','1',to_date('18/02/07','RR/MM/DD'));
Insert into JDBCTEST.STUDENTS_TIME_TBL (STU_ID,SUB_ID,DO_YEAR,SEMESTER,REG_TIME) values ('STU041','SUB0078','2018','1',to_date('18/02/07','RR/MM/DD'));
Insert into JDBCTEST.STUDENTS_TIME_TBL (STU_ID,SUB_ID,DO_YEAR,SEMESTER,REG_TIME) values ('STU007','SUB0063','2018','1',to_date('18/02/07','RR/MM/DD'));
Insert into JDBCTEST.STUDENTS_TIME_TBL (STU_ID,SUB_ID,DO_YEAR,SEMESTER,REG_TIME) values ('STU007','SUB0066','2018','1',to_date('18/02/07','RR/MM/DD'));
Insert into JDBCTEST.STUDENTS_TIME_TBL (STU_ID,SUB_ID,DO_YEAR,SEMESTER,REG_TIME) values ('STU007','SUB0037','2018','1',to_date('18/02/07','RR/MM/DD'));
Insert into JDBCTEST.STUDENTS_TIME_TBL (STU_ID,SUB_ID,DO_YEAR,SEMESTER,REG_TIME) values ('STU007','SUB0038','2018','1',to_date('18/02/07','RR/MM/DD'));
Insert into JDBCTEST.STUDENTS_TIME_TBL (STU_ID,SUB_ID,DO_YEAR,SEMESTER,REG_TIME) values ('STU007','SUB0039','2018','1',to_date('18/02/07','RR/MM/DD'));
Insert into JDBCTEST.STUDENTS_TIME_TBL (STU_ID,SUB_ID,DO_YEAR,SEMESTER,REG_TIME) values ('STU007','SUB0040','2018','1',to_date('18/02/07','RR/MM/DD'));
Insert into JDBCTEST.STUDENTS_TIME_TBL (STU_ID,SUB_ID,DO_YEAR,SEMESTER,REG_TIME) values ('STU057','SUB0067','2018','1',to_date('18/02/09','RR/MM/DD'));
Insert into JDBCTEST.STUDENTS_TIME_TBL (STU_ID,SUB_ID,DO_YEAR,SEMESTER,REG_TIME) values ('STU057','SUB0068','2018','1',to_date('18/02/09','RR/MM/DD'));
Insert into JDBCTEST.STUDENTS_TIME_TBL (STU_ID,SUB_ID,DO_YEAR,SEMESTER,REG_TIME) values ('STU057','SUB0069','2018','1',to_date('18/02/09','RR/MM/DD'));
Insert into JDBCTEST.STUDENTS_TIME_TBL (STU_ID,SUB_ID,DO_YEAR,SEMESTER,REG_TIME) values ('STU057','SUB0070','2018','1',to_date('18/02/09','RR/MM/DD'));
Insert into JDBCTEST.STUDENTS_TIME_TBL (STU_ID,SUB_ID,DO_YEAR,SEMESTER,REG_TIME) values ('STU057','SUB0071','2018','1',to_date('18/02/09','RR/MM/DD'));
Insert into JDBCTEST.STUDENTS_TIME_TBL (STU_ID,SUB_ID,DO_YEAR,SEMESTER,REG_TIME) values ('STU057','SUB0072','2018','1',to_date('18/02/09','RR/MM/DD'));
Insert into JDBCTEST.STUDENTS_TIME_TBL (STU_ID,SUB_ID,DO_YEAR,SEMESTER,REG_TIME) values ('STU057','SUB0073','2018','1',to_date('18/02/09','RR/MM/DD'));
Insert into JDBCTEST.STUDENTS_TIME_TBL (STU_ID,SUB_ID,DO_YEAR,SEMESTER,REG_TIME) values ('STU057','SUB0015','2018','1',to_date('18/02/09','RR/MM/DD'));
Insert into JDBCTEST.STUDENTS_TIME_TBL (STU_ID,SUB_ID,DO_YEAR,SEMESTER,REG_TIME) values ('STU009','SUB0060','2018','1',to_date('18/02/09','RR/MM/DD'));
Insert into JDBCTEST.STUDENTS_TIME_TBL (STU_ID,SUB_ID,DO_YEAR,SEMESTER,REG_TIME) values ('STU009','SUB0061','2018','1',to_date('18/02/09','RR/MM/DD'));
Insert into JDBCTEST.STUDENTS_TIME_TBL (STU_ID,SUB_ID,DO_YEAR,SEMESTER,REG_TIME) values ('STU009','SUB0063','2018','1',to_date('18/02/09','RR/MM/DD'));
Insert into JDBCTEST.STUDENTS_TIME_TBL (STU_ID,SUB_ID,DO_YEAR,SEMESTER,REG_TIME) values ('STU009','SUB0070','2018','1',to_date('18/02/09','RR/MM/DD'));
Insert into JDBCTEST.STUDENTS_TIME_TBL (STU_ID,SUB_ID,DO_YEAR,SEMESTER,REG_TIME) values ('STU009','SUB0071','2018','1',to_date('18/02/09','RR/MM/DD'));
Insert into JDBCTEST.STUDENTS_TIME_TBL (STU_ID,SUB_ID,DO_YEAR,SEMESTER,REG_TIME) values ('STU009','SUB0072','2018','1',to_date('18/02/09','RR/MM/DD'));
Insert into JDBCTEST.STUDENTS_TIME_TBL (STU_ID,SUB_ID,DO_YEAR,SEMESTER,REG_TIME) values ('STU009','SUB0073','2018','1',to_date('18/02/09','RR/MM/DD'));
Insert into JDBCTEST.STUDENTS_TIME_TBL (STU_ID,SUB_ID,DO_YEAR,SEMESTER,REG_TIME) values ('STU009','SUB0062','2018','1',to_date('18/02/09','RR/MM/DD'));
Insert into JDBCTEST.STUDENTS_TIME_TBL (STU_ID,SUB_ID,DO_YEAR,SEMESTER,REG_TIME) values ('STU012','SUB0074','2018','1',to_date('18/02/03','RR/MM/DD'));
Insert into JDBCTEST.STUDENTS_TIME_TBL (STU_ID,SUB_ID,DO_YEAR,SEMESTER,REG_TIME) values ('STU012','SUB0075','2018','1',to_date('18/02/03','RR/MM/DD'));
Insert into JDBCTEST.STUDENTS_TIME_TBL (STU_ID,SUB_ID,DO_YEAR,SEMESTER,REG_TIME) values ('STU012','SUB0086','2018','1',to_date('18/02/03','RR/MM/DD'));
Insert into JDBCTEST.STUDENTS_TIME_TBL (STU_ID,SUB_ID,DO_YEAR,SEMESTER,REG_TIME) values ('STU012','SUB0087','2018','1',to_date('18/02/03','RR/MM/DD'));
Insert into JDBCTEST.STUDENTS_TIME_TBL (STU_ID,SUB_ID,DO_YEAR,SEMESTER,REG_TIME) values ('STU016','SUB0021','2018','1',to_date('18/02/06','RR/MM/DD'));
Insert into JDBCTEST.STUDENTS_TIME_TBL (STU_ID,SUB_ID,DO_YEAR,SEMESTER,REG_TIME) values ('STU016','SUB0038','2018','1',to_date('18/02/06','RR/MM/DD'));
Insert into JDBCTEST.STUDENTS_TIME_TBL (STU_ID,SUB_ID,DO_YEAR,SEMESTER,REG_TIME) values ('STU016','SUB0025','2018','1',to_date('18/02/06','RR/MM/DD'));
Insert into JDBCTEST.STUDENTS_TIME_TBL (STU_ID,SUB_ID,DO_YEAR,SEMESTER,REG_TIME) values ('STU016','SUB0020','2018','1',to_date('18/02/06','RR/MM/DD'));
Insert into JDBCTEST.STUDENTS_TIME_TBL (STU_ID,SUB_ID,DO_YEAR,SEMESTER,REG_TIME) values ('STU031','SUB0076','2018','1',to_date('18/02/01','RR/MM/DD'));
Insert into JDBCTEST.STUDENTS_TIME_TBL (STU_ID,SUB_ID,DO_YEAR,SEMESTER,REG_TIME) values ('STU031','SUB0077','2018','1',to_date('18/02/01','RR/MM/DD'));
Insert into JDBCTEST.STUDENTS_TIME_TBL (STU_ID,SUB_ID,DO_YEAR,SEMESTER,REG_TIME) values ('STU031','SUB0078','2018','1',to_date('18/02/01','RR/MM/DD'));
Insert into JDBCTEST.STUDENTS_TIME_TBL (STU_ID,SUB_ID,DO_YEAR,SEMESTER,REG_TIME) values ('STU057','SUB0076','2018','1',to_date('18/02/09','RR/MM/DD'));
Insert into JDBCTEST.STUDENTS_TIME_TBL (STU_ID,SUB_ID,DO_YEAR,SEMESTER,REG_TIME) values ('STU057','SUB0077','2018','1',to_date('18/02/09','RR/MM/DD'));
Insert into JDBCTEST.STUDENTS_TIME_TBL (STU_ID,SUB_ID,DO_YEAR,SEMESTER,REG_TIME) values ('STU057','SUB0078','2018','1',to_date('18/02/09','RR/MM/DD'));
Insert into JDBCTEST.STUDENTS_TIME_TBL (STU_ID,SUB_ID,DO_YEAR,SEMESTER,REG_TIME) values ('STU057','SUB0081','2018','1',to_date('18/02/09','RR/MM/DD'));
Insert into JDBCTEST.STUDENTS_TIME_TBL (STU_ID,SUB_ID,DO_YEAR,SEMESTER,REG_TIME) values ('STU057','SUB0082','2018','1',to_date('18/02/09','RR/MM/DD'));
Insert into JDBCTEST.STUDENTS_TIME_TBL (STU_ID,SUB_ID,DO_YEAR,SEMESTER,REG_TIME) values ('STU057','SUB0058','2018','1',to_date('18/02/09','RR/MM/DD'));
Insert into JDBCTEST.STUDENTS_TIME_TBL (STU_ID,SUB_ID,DO_YEAR,SEMESTER,REG_TIME) values ('STU057','SUB0059','2018','1',to_date('18/02/09','RR/MM/DD'));
Insert into JDBCTEST.STUDENTS_TIME_TBL (STU_ID,SUB_ID,DO_YEAR,SEMESTER,REG_TIME) values ('STU057','SUB0025','2018','1',to_date('18/02/09','RR/MM/DD'));
Insert into JDBCTEST.STUDENTS_TIME_TBL (STU_ID,SUB_ID,DO_YEAR,SEMESTER,REG_TIME) values ('STU074','SUB0081','2018','1',to_date('18/02/03','RR/MM/DD'));
Insert into JDBCTEST.STUDENTS_TIME_TBL (STU_ID,SUB_ID,DO_YEAR,SEMESTER,REG_TIME) values ('STU074','SUB0082','2018','1',to_date('18/02/03','RR/MM/DD'));
Insert into JDBCTEST.STUDENTS_TIME_TBL (STU_ID,SUB_ID,DO_YEAR,SEMESTER,REG_TIME) values ('STU074','SUB0083','2018','1',to_date('18/02/03','RR/MM/DD'));
Insert into JDBCTEST.STUDENTS_TIME_TBL (STU_ID,SUB_ID,DO_YEAR,SEMESTER,REG_TIME) values ('STU074','SUB0041','2018','1',to_date('18/02/03','RR/MM/DD'));
Insert into JDBCTEST.STUDENTS_TIME_TBL (STU_ID,SUB_ID,DO_YEAR,SEMESTER,REG_TIME) values ('STU087','SUB0081','2018','1',to_date('18/02/05','RR/MM/DD'));
Insert into JDBCTEST.STUDENTS_TIME_TBL (STU_ID,SUB_ID,DO_YEAR,SEMESTER,REG_TIME) values ('STU087','SUB0082','2018','1',to_date('18/02/05','RR/MM/DD'));
Insert into JDBCTEST.STUDENTS_TIME_TBL (STU_ID,SUB_ID,DO_YEAR,SEMESTER,REG_TIME) values ('STU087','SUB0083','2018','1',to_date('18/02/05','RR/MM/DD'));
Insert into JDBCTEST.STUDENTS_TIME_TBL (STU_ID,SUB_ID,DO_YEAR,SEMESTER,REG_TIME) values ('STU087','SUB0069','2018','1',to_date('18/02/05','RR/MM/DD'));
Insert into JDBCTEST.STUDENTS_TIME_TBL (STU_ID,SUB_ID,DO_YEAR,SEMESTER,REG_TIME) values ('STU087','SUB0070','2018','1',to_date('18/02/05','RR/MM/DD'));
Insert into JDBCTEST.STUDENTS_TIME_TBL (STU_ID,SUB_ID,DO_YEAR,SEMESTER,REG_TIME) values ('STU087','SUB0071','2018','1',to_date('18/02/05','RR/MM/DD'));
Insert into JDBCTEST.STUDENTS_TIME_TBL (STU_ID,SUB_ID,DO_YEAR,SEMESTER,REG_TIME) values ('STU087','SUB0072','2018','1',to_date('18/02/05','RR/MM/DD'));
Insert into JDBCTEST.STUDENTS_TIME_TBL (STU_ID,SUB_ID,DO_YEAR,SEMESTER,REG_TIME) values ('STU087','SUB0073','2018','1',to_date('18/02/05','RR/MM/DD'));
Insert into JDBCTEST.STUDENTS_TIME_TBL (STU_ID,SUB_ID,DO_YEAR,SEMESTER,REG_TIME) values ('STU089','SUB0081','2018','1',to_date('18/02/09','RR/MM/DD'));
Insert into JDBCTEST.STUDENTS_TIME_TBL (STU_ID,SUB_ID,DO_YEAR,SEMESTER,REG_TIME) values ('STU089','SUB0082','2018','1',to_date('18/02/09','RR/MM/DD'));
Insert into JDBCTEST.STUDENTS_TIME_TBL (STU_ID,SUB_ID,DO_YEAR,SEMESTER,REG_TIME) values ('STU089','SUB0083','2018','1',to_date('18/02/09','RR/MM/DD'));
Insert into JDBCTEST.STUDENTS_TIME_TBL (STU_ID,SUB_ID,DO_YEAR,SEMESTER,REG_TIME) values ('STU014','SUB0042','2018','1',to_date('18/02/09','RR/MM/DD'));
Insert into JDBCTEST.STUDENTS_TIME_TBL (STU_ID,SUB_ID,DO_YEAR,SEMESTER,REG_TIME) values ('STU014','SUB0043','2018','1',to_date('18/02/09','RR/MM/DD'));
Insert into JDBCTEST.STUDENTS_TIME_TBL (STU_ID,SUB_ID,DO_YEAR,SEMESTER,REG_TIME) values ('STU014','SUB0044','2018','1',to_date('18/02/09','RR/MM/DD'));
Insert into JDBCTEST.STUDENTS_TIME_TBL (STU_ID,SUB_ID,DO_YEAR,SEMESTER,REG_TIME) values ('STU014','SUB0045','2018','1',to_date('18/02/09','RR/MM/DD'));
Insert into JDBCTEST.STUDENTS_TIME_TBL (STU_ID,SUB_ID,DO_YEAR,SEMESTER,REG_TIME) values ('STU014','SUB0082','2018','1',to_date('18/02/09','RR/MM/DD'));
Insert into JDBCTEST.STUDENTS_TIME_TBL (STU_ID,SUB_ID,DO_YEAR,SEMESTER,REG_TIME) values ('STU014','SUB0081','2018','1',to_date('18/02/09','RR/MM/DD'));
Insert into JDBCTEST.STUDENTS_TIME_TBL (STU_ID,SUB_ID,DO_YEAR,SEMESTER,REG_TIME) values ('STU020','SUB0084','2018','1',to_date('18/02/01','RR/MM/DD'));
Insert into JDBCTEST.STUDENTS_TIME_TBL (STU_ID,SUB_ID,DO_YEAR,SEMESTER,REG_TIME) values ('STU020','SUB0085','2018','1',to_date('18/02/01','RR/MM/DD'));
Insert into JDBCTEST.STUDENTS_TIME_TBL (STU_ID,SUB_ID,DO_YEAR,SEMESTER,REG_TIME) values ('STU020','SUB0044','2018','1',to_date('18/02/01','RR/MM/DD'));
Insert into JDBCTEST.STUDENTS_TIME_TBL (STU_ID,SUB_ID,DO_YEAR,SEMESTER,REG_TIME) values ('STU022','SUB0084','2018','1',to_date('18/02/08','RR/MM/DD'));
Insert into JDBCTEST.STUDENTS_TIME_TBL (STU_ID,SUB_ID,DO_YEAR,SEMESTER,REG_TIME) values ('STU022','SUB0085','2018','1',to_date('18/02/08','RR/MM/DD'));
Insert into JDBCTEST.STUDENTS_TIME_TBL (STU_ID,SUB_ID,DO_YEAR,SEMESTER,REG_TIME) values ('STU022','SUB0074','2018','1',to_date('18/02/08','RR/MM/DD'));
Insert into JDBCTEST.STUDENTS_TIME_TBL (STU_ID,SUB_ID,DO_YEAR,SEMESTER,REG_TIME) values ('STU022','SUB0075','2018','1',to_date('18/02/08','RR/MM/DD'));
Insert into JDBCTEST.STUDENTS_TIME_TBL (STU_ID,SUB_ID,DO_YEAR,SEMESTER,REG_TIME) values ('STU044','SUB0085','2018','1',to_date('18/02/09','RR/MM/DD'));
Insert into JDBCTEST.STUDENTS_TIME_TBL (STU_ID,SUB_ID,DO_YEAR,SEMESTER,REG_TIME) values ('STU044','SUB0064','2018','1',to_date('18/02/09','RR/MM/DD'));
Insert into JDBCTEST.STUDENTS_TIME_TBL (STU_ID,SUB_ID,DO_YEAR,SEMESTER,REG_TIME) values ('STU044','SUB0070','2018','1',to_date('18/02/09','RR/MM/DD'));
Insert into JDBCTEST.STUDENTS_TIME_TBL (STU_ID,SUB_ID,DO_YEAR,SEMESTER,REG_TIME) values ('STU044','SUB0077','2018','1',to_date('18/02/09','RR/MM/DD'));
Insert into JDBCTEST.STUDENTS_TIME_TBL (STU_ID,SUB_ID,DO_YEAR,SEMESTER,REG_TIME) values ('STU024','SUB0085','2018','1',to_date('18/02/02','RR/MM/DD'));
Insert into JDBCTEST.STUDENTS_TIME_TBL (STU_ID,SUB_ID,DO_YEAR,SEMESTER,REG_TIME) values ('STU024','SUB0086','2018','1',to_date('18/02/02','RR/MM/DD'));
Insert into JDBCTEST.STUDENTS_TIME_TBL (STU_ID,SUB_ID,DO_YEAR,SEMESTER,REG_TIME) values ('STU024','SUB0070','2018','1',to_date('18/02/08','RR/MM/DD'));
Insert into JDBCTEST.STUDENTS_TIME_TBL (STU_ID,SUB_ID,DO_YEAR,SEMESTER,REG_TIME) values ('STU024','SUB0081','2018','1',to_date('18/02/02','RR/MM/DD'));
Insert into JDBCTEST.STUDENTS_TIME_TBL (STU_ID,SUB_ID,DO_YEAR,SEMESTER,REG_TIME) values ('STU025','SUB0085','2018','1',to_date('18/02/02','RR/MM/DD'));
Insert into JDBCTEST.STUDENTS_TIME_TBL (STU_ID,SUB_ID,DO_YEAR,SEMESTER,REG_TIME) values ('STU025','SUB0086','2018','1',to_date('18/02/02','RR/MM/DD'));
Insert into JDBCTEST.STUDENTS_TIME_TBL (STU_ID,SUB_ID,DO_YEAR,SEMESTER,REG_TIME) values ('STU025','SUB0070','2018','1',to_date('18/02/08','RR/MM/DD'));
Insert into JDBCTEST.STUDENTS_TIME_TBL (STU_ID,SUB_ID,DO_YEAR,SEMESTER,REG_TIME) values ('STU025','SUB0081','2018','1',to_date('18/02/02','RR/MM/DD'));
Insert into JDBCTEST.STUDENTS_TIME_TBL (STU_ID,SUB_ID,DO_YEAR,SEMESTER,REG_TIME) values ('STU025','SUB0011','2018','1',to_date('18/02/02','RR/MM/DD'));
Insert into JDBCTEST.STUDENTS_TIME_TBL (STU_ID,SUB_ID,DO_YEAR,SEMESTER,REG_TIME) values ('STU025','SUB0012','2018','1',to_date('18/02/02','RR/MM/DD'));
Insert into JDBCTEST.STUDENTS_TIME_TBL (STU_ID,SUB_ID,DO_YEAR,SEMESTER,REG_TIME) values ('STU025','SUB0045','2018','1',to_date('18/02/08','RR/MM/DD'));
Insert into JDBCTEST.STUDENTS_TIME_TBL (STU_ID,SUB_ID,DO_YEAR,SEMESTER,REG_TIME) values ('STU025','SUB0048','2018','1',to_date('18/02/02','RR/MM/DD'));
Insert into JDBCTEST.STUDENTS_TIME_TBL (STU_ID,SUB_ID,DO_YEAR,SEMESTER,REG_TIME) values ('STU047','SUB0085','2018','1',to_date('18/02/02','RR/MM/DD'));
Insert into JDBCTEST.STUDENTS_TIME_TBL (STU_ID,SUB_ID,DO_YEAR,SEMESTER,REG_TIME) values ('STU047','SUB0086','2018','1',to_date('18/02/02','RR/MM/DD'));
Insert into JDBCTEST.STUDENTS_TIME_TBL (STU_ID,SUB_ID,DO_YEAR,SEMESTER,REG_TIME) values ('STU047','SUB0022','2018','1',to_date('18/02/08','RR/MM/DD'));
Insert into JDBCTEST.STUDENTS_TIME_TBL (STU_ID,SUB_ID,DO_YEAR,SEMESTER,REG_TIME) values ('STU047','SUB0029','2018','1',to_date('18/02/02','RR/MM/DD'));
Insert into JDBCTEST.STUDENTS_TIME_TBL (STU_ID,SUB_ID,DO_YEAR,SEMESTER,REG_TIME) values ('STU047','SUB0036','2018','1',to_date('18/02/02','RR/MM/DD'));
Insert into JDBCTEST.STUDENTS_TIME_TBL (STU_ID,SUB_ID,DO_YEAR,SEMESTER,REG_TIME) values ('STU053','SUB0085','2018','1',to_date('18/02/03','RR/MM/DD'));
Insert into JDBCTEST.STUDENTS_TIME_TBL (STU_ID,SUB_ID,DO_YEAR,SEMESTER,REG_TIME) values ('STU053','SUB0086','2018','1',to_date('18/02/03','RR/MM/DD'));
Insert into JDBCTEST.STUDENTS_TIME_TBL (STU_ID,SUB_ID,DO_YEAR,SEMESTER,REG_TIME) values ('STU054','SUB0085','2018','1',to_date('18/02/03','RR/MM/DD'));
Insert into JDBCTEST.STUDENTS_TIME_TBL (STU_ID,SUB_ID,DO_YEAR,SEMESTER,REG_TIME) values ('STU054','SUB0086','2018','1',to_date('18/02/03','RR/MM/DD'));
Insert into JDBCTEST.STUDENTS_TIME_TBL (STU_ID,SUB_ID,DO_YEAR,SEMESTER,REG_TIME) values ('STU054','SUB0001','2018','1',to_date('18/02/03','RR/MM/DD'));
Insert into JDBCTEST.STUDENTS_TIME_TBL (STU_ID,SUB_ID,DO_YEAR,SEMESTER,REG_TIME) values ('STU054','SUB0002','2018','1',to_date('18/02/03','RR/MM/DD'));
Insert into JDBCTEST.STUDENTS_TIME_TBL (STU_ID,SUB_ID,DO_YEAR,SEMESTER,REG_TIME) values ('STU054','SUB0003','2018','1',to_date('18/02/03','RR/MM/DD'));
Insert into JDBCTEST.STUDENTS_TIME_TBL (STU_ID,SUB_ID,DO_YEAR,SEMESTER,REG_TIME) values ('STU054','SUB0009','2018','1',to_date('18/02/03','RR/MM/DD'));
Insert into JDBCTEST.STUDENTS_TIME_TBL (STU_ID,SUB_ID,DO_YEAR,SEMESTER,REG_TIME) values ('STU065','SUB0085','2018','1',to_date('18/02/04','RR/MM/DD'));
Insert into JDBCTEST.STUDENTS_TIME_TBL (STU_ID,SUB_ID,DO_YEAR,SEMESTER,REG_TIME) values ('STU065','SUB0086','2018','1',to_date('18/02/04','RR/MM/DD'));
Insert into JDBCTEST.STUDENTS_TIME_TBL (STU_ID,SUB_ID,DO_YEAR,SEMESTER,REG_TIME) values ('STU065','SUB0033','2018','1',to_date('18/02/04','RR/MM/DD'));
Insert into JDBCTEST.STUDENTS_TIME_TBL (STU_ID,SUB_ID,DO_YEAR,SEMESTER,REG_TIME) values ('STU065','SUB0034','2018','1',to_date('18/02/04','RR/MM/DD'));
Insert into JDBCTEST.STUDENTS_TIME_TBL (STU_ID,SUB_ID,DO_YEAR,SEMESTER,REG_TIME) values ('STU067','SUB0085','2018','1',to_date('18/02/03','RR/MM/DD'));
Insert into JDBCTEST.STUDENTS_TIME_TBL (STU_ID,SUB_ID,DO_YEAR,SEMESTER,REG_TIME) values ('STU067','SUB0086','2018','1',to_date('18/02/03','RR/MM/DD'));
Insert into JDBCTEST.STUDENTS_TIME_TBL (STU_ID,SUB_ID,DO_YEAR,SEMESTER,REG_TIME) values ('STU067','SUB0055','2018','1',to_date('18/02/03','RR/MM/DD'));
Insert into JDBCTEST.STUDENTS_TIME_TBL (STU_ID,SUB_ID,DO_YEAR,SEMESTER,REG_TIME) values ('STU067','SUB0056','2018','1',to_date('18/02/03','RR/MM/DD'));
Insert into JDBCTEST.STUDENTS_TIME_TBL (STU_ID,SUB_ID,DO_YEAR,SEMESTER,REG_TIME) values ('STU067','SUB0057','2018','1',to_date('18/02/03','RR/MM/DD'));
Insert into JDBCTEST.STUDENTS_TIME_TBL (STU_ID,SUB_ID,DO_YEAR,SEMESTER,REG_TIME) values ('STU070','SUB0085','2018','1',to_date('18/02/03','RR/MM/DD'));
Insert into JDBCTEST.STUDENTS_TIME_TBL (STU_ID,SUB_ID,DO_YEAR,SEMESTER,REG_TIME) values ('STU070','SUB0086','2018','1',to_date('18/02/03','RR/MM/DD'));
Insert into JDBCTEST.STUDENTS_TIME_TBL (STU_ID,SUB_ID,DO_YEAR,SEMESTER,REG_TIME) values ('STU070','SUB0081','2018','1',to_date('18/02/03','RR/MM/DD'));
Insert into JDBCTEST.STUDENTS_TIME_TBL (STU_ID,SUB_ID,DO_YEAR,SEMESTER,REG_TIME) values ('STU070','SUB0082','2018','1',to_date('18/02/03','RR/MM/DD'));
Insert into JDBCTEST.STUDENTS_TIME_TBL (STU_ID,SUB_ID,DO_YEAR,SEMESTER,REG_TIME) values ('STU070','SUB0083','2018','1',to_date('18/02/03','RR/MM/DD'));
Insert into JDBCTEST.STUDENTS_TIME_TBL (STU_ID,SUB_ID,DO_YEAR,SEMESTER,REG_TIME) values ('STU070','SUB0022','2018','1',to_date('18/02/03','RR/MM/DD'));
Insert into JDBCTEST.STUDENTS_TIME_TBL (STU_ID,SUB_ID,DO_YEAR,SEMESTER,REG_TIME) values ('STU070','SUB0023','2018','1',to_date('18/02/03','RR/MM/DD'));
Insert into JDBCTEST.STUDENTS_TIME_TBL (STU_ID,SUB_ID,DO_YEAR,SEMESTER,REG_TIME) values ('STU070','SUB0024','2018','1',to_date('18/02/03','RR/MM/DD'));
Insert into JDBCTEST.STUDENTS_TIME_TBL (STU_ID,SUB_ID,DO_YEAR,SEMESTER,REG_TIME) values ('STU076','SUB0085','2018','1',to_date('18/02/03','RR/MM/DD'));
Insert into JDBCTEST.STUDENTS_TIME_TBL (STU_ID,SUB_ID,DO_YEAR,SEMESTER,REG_TIME) values ('STU076','SUB0086','2018','1',to_date('18/02/03','RR/MM/DD'));
Insert into JDBCTEST.STUDENTS_TIME_TBL (STU_ID,SUB_ID,DO_YEAR,SEMESTER,REG_TIME) values ('STU076','SUB0065','2018','1',to_date('18/02/03','RR/MM/DD'));
Insert into JDBCTEST.STUDENTS_TIME_TBL (STU_ID,SUB_ID,DO_YEAR,SEMESTER,REG_TIME) values ('STU080','SUB0085','2018','1',to_date('18/02/03','RR/MM/DD'));
Insert into JDBCTEST.STUDENTS_TIME_TBL (STU_ID,SUB_ID,DO_YEAR,SEMESTER,REG_TIME) values ('STU080','SUB0086','2018','1',to_date('18/02/03','RR/MM/DD'));
Insert into JDBCTEST.STUDENTS_TIME_TBL (STU_ID,SUB_ID,DO_YEAR,SEMESTER,REG_TIME) values ('STU080','SUB0004','2018','1',to_date('18/02/03','RR/MM/DD'));
Insert into JDBCTEST.STUDENTS_TIME_TBL (STU_ID,SUB_ID,DO_YEAR,SEMESTER,REG_TIME) values ('STU080','SUB0005','2018','1',to_date('18/02/03','RR/MM/DD'));
Insert into JDBCTEST.STUDENTS_TIME_TBL (STU_ID,SUB_ID,DO_YEAR,SEMESTER,REG_TIME) values ('STU080','SUB0006','2018','1',to_date('18/02/03','RR/MM/DD'));
Insert into JDBCTEST.STUDENTS_TIME_TBL (STU_ID,SUB_ID,DO_YEAR,SEMESTER,REG_TIME) values ('STU080','SUB0051','2018','1',to_date('18/02/03','RR/MM/DD'));
Insert into JDBCTEST.STUDENTS_TIME_TBL (STU_ID,SUB_ID,DO_YEAR,SEMESTER,REG_TIME) values ('STU080','SUB0052','2018','1',to_date('18/02/03','RR/MM/DD'));
Insert into JDBCTEST.STUDENTS_TIME_TBL (STU_ID,SUB_ID,DO_YEAR,SEMESTER,REG_TIME) values ('STU080','SUB0077','2018','1',to_date('18/02/03','RR/MM/DD'));
REM INSERTING into JDBCTEST.SUBJECTS_TBL
SET DEFINE OFF;
Insert into JDBCTEST.SUBJECTS_TBL (SUB_ID,DO_YEAR,SEMESTER,DEPT_GRP,DEPT_CODE,PRO_ID,SUB_NAME,SUB_CREDIT) values ('SUB0001','2018','1','GRP002','COM0006','PRO030','국어국문 1',2);
Insert into JDBCTEST.SUBJECTS_TBL (SUB_ID,DO_YEAR,SEMESTER,DEPT_GRP,DEPT_CODE,PRO_ID,SUB_NAME,SUB_CREDIT) values ('SUB0002','2018','1','GRP002','COM0006','PRO030','국어국문 2',3);
Insert into JDBCTEST.SUBJECTS_TBL (SUB_ID,DO_YEAR,SEMESTER,DEPT_GRP,DEPT_CODE,PRO_ID,SUB_NAME,SUB_CREDIT) values ('SUB0003','2018','1','GRP002','COM0006','PRO040','국어국문 3',2);
Insert into JDBCTEST.SUBJECTS_TBL (SUB_ID,DO_YEAR,SEMESTER,DEPT_GRP,DEPT_CODE,PRO_ID,SUB_NAME,SUB_CREDIT) values ('SUB0004','2018','1','GRP002','COM0006','PRO040','국어국문 4',3);
Insert into JDBCTEST.SUBJECTS_TBL (SUB_ID,DO_YEAR,SEMESTER,DEPT_GRP,DEPT_CODE,PRO_ID,SUB_NAME,SUB_CREDIT) values ('SUB0005','2018','1','GRP002','COM0007','PRO014','사학 1',2);
Insert into JDBCTEST.SUBJECTS_TBL (SUB_ID,DO_YEAR,SEMESTER,DEPT_GRP,DEPT_CODE,PRO_ID,SUB_NAME,SUB_CREDIT) values ('SUB0006','2018','1','GRP002','COM0007','PRO014','사학 2',3);
Insert into JDBCTEST.SUBJECTS_TBL (SUB_ID,DO_YEAR,SEMESTER,DEPT_GRP,DEPT_CODE,PRO_ID,SUB_NAME,SUB_CREDIT) values ('SUB0007','2018','1','GRP002','COM0007','PRO014','사학 3',2);
Insert into JDBCTEST.SUBJECTS_TBL (SUB_ID,DO_YEAR,SEMESTER,DEPT_GRP,DEPT_CODE,PRO_ID,SUB_NAME,SUB_CREDIT) values ('SUB0008','2018','1','GRP002','COM0008','PRO003','영어영문 1',2);
Insert into JDBCTEST.SUBJECTS_TBL (SUB_ID,DO_YEAR,SEMESTER,DEPT_GRP,DEPT_CODE,PRO_ID,SUB_NAME,SUB_CREDIT) values ('SUB0009','2018','1','GRP002','COM0008','PRO003','영어영문 2',2);
Insert into JDBCTEST.SUBJECTS_TBL (SUB_ID,DO_YEAR,SEMESTER,DEPT_GRP,DEPT_CODE,PRO_ID,SUB_NAME,SUB_CREDIT) values ('SUB0010','2018','1','GRP002','COM0008','PRO003','영어영문 3',3);
Insert into JDBCTEST.SUBJECTS_TBL (SUB_ID,DO_YEAR,SEMESTER,DEPT_GRP,DEPT_CODE,PRO_ID,SUB_NAME,SUB_CREDIT) values ('SUB0011','2018','1','GRP002','COM0008','PRO019','영어영문 4',3);
Insert into JDBCTEST.SUBJECTS_TBL (SUB_ID,DO_YEAR,SEMESTER,DEPT_GRP,DEPT_CODE,PRO_ID,SUB_NAME,SUB_CREDIT) values ('SUB0012','2018','1','GRP002','COM0008','PRO023','영어영문 5',2);
Insert into JDBCTEST.SUBJECTS_TBL (SUB_ID,DO_YEAR,SEMESTER,DEPT_GRP,DEPT_CODE,PRO_ID,SUB_NAME,SUB_CREDIT) values ('SUB0013','2018','1','GRP002','COM0008','PRO023','영어영문 6',3);
Insert into JDBCTEST.SUBJECTS_TBL (SUB_ID,DO_YEAR,SEMESTER,DEPT_GRP,DEPT_CODE,PRO_ID,SUB_NAME,SUB_CREDIT) values ('SUB0014','2018','1','GRP002','COM0009','PRO024','철학 1',2);
Insert into JDBCTEST.SUBJECTS_TBL (SUB_ID,DO_YEAR,SEMESTER,DEPT_GRP,DEPT_CODE,PRO_ID,SUB_NAME,SUB_CREDIT) values ('SUB0015','2018','1','GRP002','COM0009','PRO024','철학 2',3);
Insert into JDBCTEST.SUBJECTS_TBL (SUB_ID,DO_YEAR,SEMESTER,DEPT_GRP,DEPT_CODE,PRO_ID,SUB_NAME,SUB_CREDIT) values ('SUB0016','2018','1','GRP002','COM0009','PRO024','철학 3',3);
Insert into JDBCTEST.SUBJECTS_TBL (SUB_ID,DO_YEAR,SEMESTER,DEPT_GRP,DEPT_CODE,PRO_ID,SUB_NAME,SUB_CREDIT) values ('SUB0017','2018','1','GRP002','COM0009','PRO036','철학 4',2);
Insert into JDBCTEST.SUBJECTS_TBL (SUB_ID,DO_YEAR,SEMESTER,DEPT_GRP,DEPT_CODE,PRO_ID,SUB_NAME,SUB_CREDIT) values ('SUB0018','2018','1','GRP002','COM0009','PRO036','철학 5',2);
Insert into JDBCTEST.SUBJECTS_TBL (SUB_ID,DO_YEAR,SEMESTER,DEPT_GRP,DEPT_CODE,PRO_ID,SUB_NAME,SUB_CREDIT) values ('SUB0019','2018','1','GRP002','COM0010','PRO009','물리 1',2);
Insert into JDBCTEST.SUBJECTS_TBL (SUB_ID,DO_YEAR,SEMESTER,DEPT_GRP,DEPT_CODE,PRO_ID,SUB_NAME,SUB_CREDIT) values ('SUB0020','2018','1','GRP002','COM0010','PRO009','물리 2',3);
Insert into JDBCTEST.SUBJECTS_TBL (SUB_ID,DO_YEAR,SEMESTER,DEPT_GRP,DEPT_CODE,PRO_ID,SUB_NAME,SUB_CREDIT) values ('SUB0021','2018','1','GRP002','COM0010','PRO031','물리 3',3);
Insert into JDBCTEST.SUBJECTS_TBL (SUB_ID,DO_YEAR,SEMESTER,DEPT_GRP,DEPT_CODE,PRO_ID,SUB_NAME,SUB_CREDIT) values ('SUB0022','2018','1','GRP002','COM0010','PRO031','물리 4',3);
Insert into JDBCTEST.SUBJECTS_TBL (SUB_ID,DO_YEAR,SEMESTER,DEPT_GRP,DEPT_CODE,PRO_ID,SUB_NAME,SUB_CREDIT) values ('SUB0023','2018','1','GRP002','COM0011','PRO025','화학 1',2);
Insert into JDBCTEST.SUBJECTS_TBL (SUB_ID,DO_YEAR,SEMESTER,DEPT_GRP,DEPT_CODE,PRO_ID,SUB_NAME,SUB_CREDIT) values ('SUB0024','2018','1','GRP002','COM0011','PRO025','화학 2',3);
Insert into JDBCTEST.SUBJECTS_TBL (SUB_ID,DO_YEAR,SEMESTER,DEPT_GRP,DEPT_CODE,PRO_ID,SUB_NAME,SUB_CREDIT) values ('SUB0025','2018','1','GRP002','COM0011','PRO028','화학 3',2);
Insert into JDBCTEST.SUBJECTS_TBL (SUB_ID,DO_YEAR,SEMESTER,DEPT_GRP,DEPT_CODE,PRO_ID,SUB_NAME,SUB_CREDIT) values ('SUB0026','2018','1','GRP002','COM0011','PRO028','화학 4',2);
Insert into JDBCTEST.SUBJECTS_TBL (SUB_ID,DO_YEAR,SEMESTER,DEPT_GRP,DEPT_CODE,PRO_ID,SUB_NAME,SUB_CREDIT) values ('SUB0027','2018','1','GRP002','COM0011','PRO028','화학 5',2);
Insert into JDBCTEST.SUBJECTS_TBL (SUB_ID,DO_YEAR,SEMESTER,DEPT_GRP,DEPT_CODE,PRO_ID,SUB_NAME,SUB_CREDIT) values ('SUB0028','2018','1','GRP002','COM0012','PRO001','수학 1',3);
Insert into JDBCTEST.SUBJECTS_TBL (SUB_ID,DO_YEAR,SEMESTER,DEPT_GRP,DEPT_CODE,PRO_ID,SUB_NAME,SUB_CREDIT) values ('SUB0029','2018','1','GRP002','COM0012','PRO001','수학 2',2);
Insert into JDBCTEST.SUBJECTS_TBL (SUB_ID,DO_YEAR,SEMESTER,DEPT_GRP,DEPT_CODE,PRO_ID,SUB_NAME,SUB_CREDIT) values ('SUB0030','2018','1','GRP002','COM0012','PRO037','수학 3',2);
Insert into JDBCTEST.SUBJECTS_TBL (SUB_ID,DO_YEAR,SEMESTER,DEPT_GRP,DEPT_CODE,PRO_ID,SUB_NAME,SUB_CREDIT) values ('SUB0031','2018','1','GRP002','COM0012','PRO037','수학 4',2);
Insert into JDBCTEST.SUBJECTS_TBL (SUB_ID,DO_YEAR,SEMESTER,DEPT_GRP,DEPT_CODE,PRO_ID,SUB_NAME,SUB_CREDIT) values ('SUB0032','2018','1','GRP002','COM0012','PRO037','수학 5',2);
Insert into JDBCTEST.SUBJECTS_TBL (SUB_ID,DO_YEAR,SEMESTER,DEPT_GRP,DEPT_CODE,PRO_ID,SUB_NAME,SUB_CREDIT) values ('SUB0033','2018','1','GRP002','COM0013','PRO032','식품학 1',3);
Insert into JDBCTEST.SUBJECTS_TBL (SUB_ID,DO_YEAR,SEMESTER,DEPT_GRP,DEPT_CODE,PRO_ID,SUB_NAME,SUB_CREDIT) values ('SUB0034','2018','1','GRP002','COM0013','PRO032','식품학 2',2);
Insert into JDBCTEST.SUBJECTS_TBL (SUB_ID,DO_YEAR,SEMESTER,DEPT_GRP,DEPT_CODE,PRO_ID,SUB_NAME,SUB_CREDIT) values ('SUB0035','2018','1','GRP002','COM0013','PRO032','식품학 3',2);
Insert into JDBCTEST.SUBJECTS_TBL (SUB_ID,DO_YEAR,SEMESTER,DEPT_GRP,DEPT_CODE,PRO_ID,SUB_NAME,SUB_CREDIT) values ('SUB0036','2018','1','GRP002','COM0013','PRO032','식품학 4',2);
Insert into JDBCTEST.SUBJECTS_TBL (SUB_ID,DO_YEAR,SEMESTER,DEPT_GRP,DEPT_CODE,PRO_ID,SUB_NAME,SUB_CREDIT) values ('SUB0037','2018','1','GRP002','COM0014','PRO033','통계학 1',3);
Insert into JDBCTEST.SUBJECTS_TBL (SUB_ID,DO_YEAR,SEMESTER,DEPT_GRP,DEPT_CODE,PRO_ID,SUB_NAME,SUB_CREDIT) values ('SUB0038','2018','1','GRP002','COM0014','PRO020','통계학 2',2);
Insert into JDBCTEST.SUBJECTS_TBL (SUB_ID,DO_YEAR,SEMESTER,DEPT_GRP,DEPT_CODE,PRO_ID,SUB_NAME,SUB_CREDIT) values ('SUB0039','2018','1','GRP002','COM0014','PRO020','통계학 3',2);
Insert into JDBCTEST.SUBJECTS_TBL (SUB_ID,DO_YEAR,SEMESTER,DEPT_GRP,DEPT_CODE,PRO_ID,SUB_NAME,SUB_CREDIT) values ('SUB0040','2018','1','GRP002','COM0014','PRO020','전산학 1',2);
Insert into JDBCTEST.SUBJECTS_TBL (SUB_ID,DO_YEAR,SEMESTER,DEPT_GRP,DEPT_CODE,PRO_ID,SUB_NAME,SUB_CREDIT) values ('SUB0041','2018','1','GRP002','COM0015','PRO012','법학 1',2);
Insert into JDBCTEST.SUBJECTS_TBL (SUB_ID,DO_YEAR,SEMESTER,DEPT_GRP,DEPT_CODE,PRO_ID,SUB_NAME,SUB_CREDIT) values ('SUB0042','2018','1','GRP002','COM0015','PRO015','법학 2',3);
Insert into JDBCTEST.SUBJECTS_TBL (SUB_ID,DO_YEAR,SEMESTER,DEPT_GRP,DEPT_CODE,PRO_ID,SUB_NAME,SUB_CREDIT) values ('SUB0043','2018','1','GRP002','COM0015','PRO015','법학 3',3);
Insert into JDBCTEST.SUBJECTS_TBL (SUB_ID,DO_YEAR,SEMESTER,DEPT_GRP,DEPT_CODE,PRO_ID,SUB_NAME,SUB_CREDIT) values ('SUB0044','2018','1','GRP002','COM0015','PRO012','법학 4',2);
Insert into JDBCTEST.SUBJECTS_TBL (SUB_ID,DO_YEAR,SEMESTER,DEPT_GRP,DEPT_CODE,PRO_ID,SUB_NAME,SUB_CREDIT) values ('SUB0045','2018','1','GRP002','COM0015','PRO012','법학 5',2);
Insert into JDBCTEST.SUBJECTS_TBL (SUB_ID,DO_YEAR,SEMESTER,DEPT_GRP,DEPT_CODE,PRO_ID,SUB_NAME,SUB_CREDIT) values ('SUB0046','2018','1','GRP002','COM0015','PRO018','법학 6',3);
Insert into JDBCTEST.SUBJECTS_TBL (SUB_ID,DO_YEAR,SEMESTER,DEPT_GRP,DEPT_CODE,PRO_ID,SUB_NAME,SUB_CREDIT) values ('SUB0046','2018','1','GRP002','COM0016','PRO002','경찰행정 1',3);
Insert into JDBCTEST.SUBJECTS_TBL (SUB_ID,DO_YEAR,SEMESTER,DEPT_GRP,DEPT_CODE,PRO_ID,SUB_NAME,SUB_CREDIT) values ('SUB0047','2018','1','GRP002','COM0016','PRO002','경찰행정 2',2);
Insert into JDBCTEST.SUBJECTS_TBL (SUB_ID,DO_YEAR,SEMESTER,DEPT_GRP,DEPT_CODE,PRO_ID,SUB_NAME,SUB_CREDIT) values ('SUB0048','2018','1','GRP002','COM0016','PRO007','경찰행정 3',2);
Insert into JDBCTEST.SUBJECTS_TBL (SUB_ID,DO_YEAR,SEMESTER,DEPT_GRP,DEPT_CODE,PRO_ID,SUB_NAME,SUB_CREDIT) values ('SUB0049','2018','1','GRP002','COM0016','PRO007','경찰행정 4',2);
Insert into JDBCTEST.SUBJECTS_TBL (SUB_ID,DO_YEAR,SEMESTER,DEPT_GRP,DEPT_CODE,PRO_ID,SUB_NAME,SUB_CREDIT) values ('SUB0050','2018','1','GRP002','COM0016','PRO010','경찰행정 5',3);
Insert into JDBCTEST.SUBJECTS_TBL (SUB_ID,DO_YEAR,SEMESTER,DEPT_GRP,DEPT_CODE,PRO_ID,SUB_NAME,SUB_CREDIT) values ('SUB0051','2018','1','GRP002','COM0016','PRO010','경찰행정 6',3);
Insert into JDBCTEST.SUBJECTS_TBL (SUB_ID,DO_YEAR,SEMESTER,DEPT_GRP,DEPT_CODE,PRO_ID,SUB_NAME,SUB_CREDIT) values ('SUB0051','2018','1','GRP002','COM0017','PRO021','신문방송 1',3);
Insert into JDBCTEST.SUBJECTS_TBL (SUB_ID,DO_YEAR,SEMESTER,DEPT_GRP,DEPT_CODE,PRO_ID,SUB_NAME,SUB_CREDIT) values ('SUB0052','2018','1','GRP002','COM0017','PRO021','신문방송 2',2);
Insert into JDBCTEST.SUBJECTS_TBL (SUB_ID,DO_YEAR,SEMESTER,DEPT_GRP,DEPT_CODE,PRO_ID,SUB_NAME,SUB_CREDIT) values ('SUB0053','2018','1','GRP002','COM0017','PRO034','신문방송 3',2);
Insert into JDBCTEST.SUBJECTS_TBL (SUB_ID,DO_YEAR,SEMESTER,DEPT_GRP,DEPT_CODE,PRO_ID,SUB_NAME,SUB_CREDIT) values ('SUB0054','2018','1','GRP002','COM0017','PRO034','신문방송 4',3);
Insert into JDBCTEST.SUBJECTS_TBL (SUB_ID,DO_YEAR,SEMESTER,DEPT_GRP,DEPT_CODE,PRO_ID,SUB_NAME,SUB_CREDIT) values ('SUB0055','2018','1','GRP002','COM0017','PRO034','신문방송 5',2);
Insert into JDBCTEST.SUBJECTS_TBL (SUB_ID,DO_YEAR,SEMESTER,DEPT_GRP,DEPT_CODE,PRO_ID,SUB_NAME,SUB_CREDIT) values ('SUB0056','2018','1','GRP002','COM0017','PRO035','신문방송 6',3);
Insert into JDBCTEST.SUBJECTS_TBL (SUB_ID,DO_YEAR,SEMESTER,DEPT_GRP,DEPT_CODE,PRO_ID,SUB_NAME,SUB_CREDIT) values ('SUB0057','2018','1','GRP002','COM0017','PRO035','신문방송 7',3);
Insert into JDBCTEST.SUBJECTS_TBL (SUB_ID,DO_YEAR,SEMESTER,DEPT_GRP,DEPT_CODE,PRO_ID,SUB_NAME,SUB_CREDIT) values ('SUB0058','2018','1','GRP002','COM0018','PRO006','정치학 1',3);
Insert into JDBCTEST.SUBJECTS_TBL (SUB_ID,DO_YEAR,SEMESTER,DEPT_GRP,DEPT_CODE,PRO_ID,SUB_NAME,SUB_CREDIT) values ('SUB0059','2018','1','GRP002','COM0018','PRO006','외교학 1',3);
Insert into JDBCTEST.SUBJECTS_TBL (SUB_ID,DO_YEAR,SEMESTER,DEPT_GRP,DEPT_CODE,PRO_ID,SUB_NAME,SUB_CREDIT) values ('SUB0060','2018','1','GRP002','COM0020','PRO022','경영학 1',3);
Insert into JDBCTEST.SUBJECTS_TBL (SUB_ID,DO_YEAR,SEMESTER,DEPT_GRP,DEPT_CODE,PRO_ID,SUB_NAME,SUB_CREDIT) values ('SUB0061','2018','1','GRP002','COM0020','PRO022','경영학 2',3);
Insert into JDBCTEST.SUBJECTS_TBL (SUB_ID,DO_YEAR,SEMESTER,DEPT_GRP,DEPT_CODE,PRO_ID,SUB_NAME,SUB_CREDIT) values ('SUB0062','2018','1','GRP002','COM0020','PRO027','경영학 3',3);
Insert into JDBCTEST.SUBJECTS_TBL (SUB_ID,DO_YEAR,SEMESTER,DEPT_GRP,DEPT_CODE,PRO_ID,SUB_NAME,SUB_CREDIT) values ('SUB0063','2018','1','GRP002','COM0021','PRO004','경제학 1',3);
Insert into JDBCTEST.SUBJECTS_TBL (SUB_ID,DO_YEAR,SEMESTER,DEPT_GRP,DEPT_CODE,PRO_ID,SUB_NAME,SUB_CREDIT) values ('SUB0064','2018','1','GRP002','COM0021','PRO004','경제학 2',3);
Insert into JDBCTEST.SUBJECTS_TBL (SUB_ID,DO_YEAR,SEMESTER,DEPT_GRP,DEPT_CODE,PRO_ID,SUB_NAME,SUB_CREDIT) values ('SUB0065','2018','1','GRP002','COM0021','PRO016','경제학 3',2);
Insert into JDBCTEST.SUBJECTS_TBL (SUB_ID,DO_YEAR,SEMESTER,DEPT_GRP,DEPT_CODE,PRO_ID,SUB_NAME,SUB_CREDIT) values ('SUB0066','2018','1','GRP002','COM0021','PRO016','경제학 4',3);
Insert into JDBCTEST.SUBJECTS_TBL (SUB_ID,DO_YEAR,SEMESTER,DEPT_GRP,DEPT_CODE,PRO_ID,SUB_NAME,SUB_CREDIT) values ('SUB0067','2018','1','GRP002','COM0022','PRO011','무역 1',3);
Insert into JDBCTEST.SUBJECTS_TBL (SUB_ID,DO_YEAR,SEMESTER,DEPT_GRP,DEPT_CODE,PRO_ID,SUB_NAME,SUB_CREDIT) values ('SUB0068','2018','1','GRP002','COM0022','PRO011','무역 2',2);
Insert into JDBCTEST.SUBJECTS_TBL (SUB_ID,DO_YEAR,SEMESTER,DEPT_GRP,DEPT_CODE,PRO_ID,SUB_NAME,SUB_CREDIT) values ('SUB0069','2018','1','GRP002','COM0022','PRO029','무역 3',2);
Insert into JDBCTEST.SUBJECTS_TBL (SUB_ID,DO_YEAR,SEMESTER,DEPT_GRP,DEPT_CODE,PRO_ID,SUB_NAME,SUB_CREDIT) values ('SUB0070','2018','1','GRP002','COM0022','PRO029','무역 4',3);
Insert into JDBCTEST.SUBJECTS_TBL (SUB_ID,DO_YEAR,SEMESTER,DEPT_GRP,DEPT_CODE,PRO_ID,SUB_NAME,SUB_CREDIT) values ('SUB0071','2018','1','GRP002','COM0022','PRO029','무역 5',2);
Insert into JDBCTEST.SUBJECTS_TBL (SUB_ID,DO_YEAR,SEMESTER,DEPT_GRP,DEPT_CODE,PRO_ID,SUB_NAME,SUB_CREDIT) values ('SUB0072','2018','1','GRP002','COM0022','PRO038','무역 6',2);
Insert into JDBCTEST.SUBJECTS_TBL (SUB_ID,DO_YEAR,SEMESTER,DEPT_GRP,DEPT_CODE,PRO_ID,SUB_NAME,SUB_CREDIT) values ('SUB0073','2018','1','GRP002','COM0022','PRO038','무역 7',3);
Insert into JDBCTEST.SUBJECTS_TBL (SUB_ID,DO_YEAR,SEMESTER,DEPT_GRP,DEPT_CODE,PRO_ID,SUB_NAME,SUB_CREDIT) values ('SUB0074','2018','1','GRP002','COM0023','PRO017','금속공학 1',2);
Insert into JDBCTEST.SUBJECTS_TBL (SUB_ID,DO_YEAR,SEMESTER,DEPT_GRP,DEPT_CODE,PRO_ID,SUB_NAME,SUB_CREDIT) values ('SUB0075','2018','1','GRP002','COM0023','PRO017','금속공학 2',3);
Insert into JDBCTEST.SUBJECTS_TBL (SUB_ID,DO_YEAR,SEMESTER,DEPT_GRP,DEPT_CODE,PRO_ID,SUB_NAME,SUB_CREDIT) values ('SUB0076','2018','1','GRP002','COM0024','PRO039','기계 1',2);
Insert into JDBCTEST.SUBJECTS_TBL (SUB_ID,DO_YEAR,SEMESTER,DEPT_GRP,DEPT_CODE,PRO_ID,SUB_NAME,SUB_CREDIT) values ('SUB0077','2018','1','GRP002','COM0024','PRO039','기계 2',3);
Insert into JDBCTEST.SUBJECTS_TBL (SUB_ID,DO_YEAR,SEMESTER,DEPT_GRP,DEPT_CODE,PRO_ID,SUB_NAME,SUB_CREDIT) values ('SUB0078','2018','1','GRP002','COM0024','PRO039','기계 3',3);
Insert into JDBCTEST.SUBJECTS_TBL (SUB_ID,DO_YEAR,SEMESTER,DEPT_GRP,DEPT_CODE,PRO_ID,SUB_NAME,SUB_CREDIT) values ('SUB0079','2018','1','GRP002','COM0025','PRO026','선박해양 1',2);
Insert into JDBCTEST.SUBJECTS_TBL (SUB_ID,DO_YEAR,SEMESTER,DEPT_GRP,DEPT_CODE,PRO_ID,SUB_NAME,SUB_CREDIT) values ('SUB0080','2018','1','GRP002','COM0025','PRO026','선박해양 2',3);
Insert into JDBCTEST.SUBJECTS_TBL (SUB_ID,DO_YEAR,SEMESTER,DEPT_GRP,DEPT_CODE,PRO_ID,SUB_NAME,SUB_CREDIT) values ('SUB0081','2018','1','GRP002','COM0026','PRO005','신소재 1',3);
Insert into JDBCTEST.SUBJECTS_TBL (SUB_ID,DO_YEAR,SEMESTER,DEPT_GRP,DEPT_CODE,PRO_ID,SUB_NAME,SUB_CREDIT) values ('SUB0082','2018','1','GRP002','COM0026','PRO005','신소재 2',3);
Insert into JDBCTEST.SUBJECTS_TBL (SUB_ID,DO_YEAR,SEMESTER,DEPT_GRP,DEPT_CODE,PRO_ID,SUB_NAME,SUB_CREDIT) values ('SUB0083','2018','1','GRP002','COM0026','PRO005','신소재 3',3);
Insert into JDBCTEST.SUBJECTS_TBL (SUB_ID,DO_YEAR,SEMESTER,DEPT_GRP,DEPT_CODE,PRO_ID,SUB_NAME,SUB_CREDIT) values ('SUB0084','2018','1','GRP002','COM0027','PRO013','원자력 1',3);
Insert into JDBCTEST.SUBJECTS_TBL (SUB_ID,DO_YEAR,SEMESTER,DEPT_GRP,DEPT_CODE,PRO_ID,SUB_NAME,SUB_CREDIT) values ('SUB0085','2018','1','GRP002','COM0027','PRO013','원자력 2',2);
Insert into JDBCTEST.SUBJECTS_TBL (SUB_ID,DO_YEAR,SEMESTER,DEPT_GRP,DEPT_CODE,PRO_ID,SUB_NAME,SUB_CREDIT) values ('SUB0086','2018','1','GRP002','COM0028','PRO008','재료 1',3);
Insert into JDBCTEST.SUBJECTS_TBL (SUB_ID,DO_YEAR,SEMESTER,DEPT_GRP,DEPT_CODE,PRO_ID,SUB_NAME,SUB_CREDIT) values ('SUB0087','2018','1','GRP002','COM0028','PRO008','재료 2',2);
REM INSERTING into JDBCTEST.TEMP_SUBJECTS
SET DEFINE OFF;
Insert into JDBCTEST.TEMP_SUBJECTS (SUB_ID,DEPT_GRP,DEPT_CODE,PRO_ID,SUB_NAME,SUB_CREDIT) values ('SUB0001','GRP002','COM0006','PRO030','국어국문 1',2);
Insert into JDBCTEST.TEMP_SUBJECTS (SUB_ID,DEPT_GRP,DEPT_CODE,PRO_ID,SUB_NAME,SUB_CREDIT) values ('SUB0002','GRP002','COM0006','PRO030','국어국문 2',3);
Insert into JDBCTEST.TEMP_SUBJECTS (SUB_ID,DEPT_GRP,DEPT_CODE,PRO_ID,SUB_NAME,SUB_CREDIT) values ('SUB0003','GRP002','COM0006','PRO040','국어국문 3',2);
Insert into JDBCTEST.TEMP_SUBJECTS (SUB_ID,DEPT_GRP,DEPT_CODE,PRO_ID,SUB_NAME,SUB_CREDIT) values ('SUB0004','GRP002','COM0006','PRO040','국어국문 4',3);
Insert into JDBCTEST.TEMP_SUBJECTS (SUB_ID,DEPT_GRP,DEPT_CODE,PRO_ID,SUB_NAME,SUB_CREDIT) values ('SUB0005','GRP002','COM0007','PRO014','사학 1',2);
Insert into JDBCTEST.TEMP_SUBJECTS (SUB_ID,DEPT_GRP,DEPT_CODE,PRO_ID,SUB_NAME,SUB_CREDIT) values ('SUB0006','GRP002','COM0007','PRO014','사학 2',3);
Insert into JDBCTEST.TEMP_SUBJECTS (SUB_ID,DEPT_GRP,DEPT_CODE,PRO_ID,SUB_NAME,SUB_CREDIT) values ('SUB0007','GRP002','COM0007','PRO014','사학 3',2);
Insert into JDBCTEST.TEMP_SUBJECTS (SUB_ID,DEPT_GRP,DEPT_CODE,PRO_ID,SUB_NAME,SUB_CREDIT) values ('SUB0008','GRP002','COM0008','PRO003','영어영문 1',2);
Insert into JDBCTEST.TEMP_SUBJECTS (SUB_ID,DEPT_GRP,DEPT_CODE,PRO_ID,SUB_NAME,SUB_CREDIT) values ('SUB0009','GRP002','COM0008','PRO003','영어영문 2',2);
Insert into JDBCTEST.TEMP_SUBJECTS (SUB_ID,DEPT_GRP,DEPT_CODE,PRO_ID,SUB_NAME,SUB_CREDIT) values ('SUB0010','GRP002','COM0008','PRO003','영어영문 3',3);
Insert into JDBCTEST.TEMP_SUBJECTS (SUB_ID,DEPT_GRP,DEPT_CODE,PRO_ID,SUB_NAME,SUB_CREDIT) values ('SUB0011','GRP002','COM0008','PRO019','영어영문 4',3);
Insert into JDBCTEST.TEMP_SUBJECTS (SUB_ID,DEPT_GRP,DEPT_CODE,PRO_ID,SUB_NAME,SUB_CREDIT) values ('SUB0012','GRP002','COM0008','PRO023','영어영문 5',2);
Insert into JDBCTEST.TEMP_SUBJECTS (SUB_ID,DEPT_GRP,DEPT_CODE,PRO_ID,SUB_NAME,SUB_CREDIT) values ('SUB0013','GRP002','COM0008','PRO023','영어영문 6',3);
Insert into JDBCTEST.TEMP_SUBJECTS (SUB_ID,DEPT_GRP,DEPT_CODE,PRO_ID,SUB_NAME,SUB_CREDIT) values ('SUB0014','GRP002','COM0009','PRO024','철학 1',2);
Insert into JDBCTEST.TEMP_SUBJECTS (SUB_ID,DEPT_GRP,DEPT_CODE,PRO_ID,SUB_NAME,SUB_CREDIT) values ('SUB0015','GRP002','COM0009','PRO024','철학 2',3);
Insert into JDBCTEST.TEMP_SUBJECTS (SUB_ID,DEPT_GRP,DEPT_CODE,PRO_ID,SUB_NAME,SUB_CREDIT) values ('SUB0016','GRP002','COM0009','PRO024','철학 3',3);
Insert into JDBCTEST.TEMP_SUBJECTS (SUB_ID,DEPT_GRP,DEPT_CODE,PRO_ID,SUB_NAME,SUB_CREDIT) values ('SUB0017','GRP002','COM0009','PRO036','철학 4',2);
Insert into JDBCTEST.TEMP_SUBJECTS (SUB_ID,DEPT_GRP,DEPT_CODE,PRO_ID,SUB_NAME,SUB_CREDIT) values ('SUB0018','GRP002','COM0009','PRO036','철학 5',2);
Insert into JDBCTEST.TEMP_SUBJECTS (SUB_ID,DEPT_GRP,DEPT_CODE,PRO_ID,SUB_NAME,SUB_CREDIT) values ('SUB0019','GRP002','COM0010','PRO009','물리 1',2);
Insert into JDBCTEST.TEMP_SUBJECTS (SUB_ID,DEPT_GRP,DEPT_CODE,PRO_ID,SUB_NAME,SUB_CREDIT) values ('SUB0020','GRP002','COM0010','PRO009','물리 2',3);
Insert into JDBCTEST.TEMP_SUBJECTS (SUB_ID,DEPT_GRP,DEPT_CODE,PRO_ID,SUB_NAME,SUB_CREDIT) values ('SUB0021','GRP002','COM0010','PRO031','물리 3',3);
Insert into JDBCTEST.TEMP_SUBJECTS (SUB_ID,DEPT_GRP,DEPT_CODE,PRO_ID,SUB_NAME,SUB_CREDIT) values ('SUB0022','GRP002','COM0010','PRO031','물리 4',3);
Insert into JDBCTEST.TEMP_SUBJECTS (SUB_ID,DEPT_GRP,DEPT_CODE,PRO_ID,SUB_NAME,SUB_CREDIT) values ('SUB0023','GRP002','COM0011','PRO025','화학 1',2);
Insert into JDBCTEST.TEMP_SUBJECTS (SUB_ID,DEPT_GRP,DEPT_CODE,PRO_ID,SUB_NAME,SUB_CREDIT) values ('SUB0024','GRP002','COM0011','PRO025','화학 2',3);
Insert into JDBCTEST.TEMP_SUBJECTS (SUB_ID,DEPT_GRP,DEPT_CODE,PRO_ID,SUB_NAME,SUB_CREDIT) values ('SUB0025','GRP002','COM0011','PRO028','화학 3',2);
Insert into JDBCTEST.TEMP_SUBJECTS (SUB_ID,DEPT_GRP,DEPT_CODE,PRO_ID,SUB_NAME,SUB_CREDIT) values ('SUB0026','GRP002','COM0011','PRO028','화학 4',2);
Insert into JDBCTEST.TEMP_SUBJECTS (SUB_ID,DEPT_GRP,DEPT_CODE,PRO_ID,SUB_NAME,SUB_CREDIT) values ('SUB0027','GRP002','COM0011','PRO028','화학 5',2);
Insert into JDBCTEST.TEMP_SUBJECTS (SUB_ID,DEPT_GRP,DEPT_CODE,PRO_ID,SUB_NAME,SUB_CREDIT) values ('SUB0028','GRP002','COM0012','PRO001','수학 1',3);
Insert into JDBCTEST.TEMP_SUBJECTS (SUB_ID,DEPT_GRP,DEPT_CODE,PRO_ID,SUB_NAME,SUB_CREDIT) values ('SUB0029','GRP002','COM0012','PRO001','수학 2',2);
Insert into JDBCTEST.TEMP_SUBJECTS (SUB_ID,DEPT_GRP,DEPT_CODE,PRO_ID,SUB_NAME,SUB_CREDIT) values ('SUB0030','GRP002','COM0012','PRO037','수학 3',2);
Insert into JDBCTEST.TEMP_SUBJECTS (SUB_ID,DEPT_GRP,DEPT_CODE,PRO_ID,SUB_NAME,SUB_CREDIT) values ('SUB0031','GRP002','COM0012','PRO037','수학 4',2);
Insert into JDBCTEST.TEMP_SUBJECTS (SUB_ID,DEPT_GRP,DEPT_CODE,PRO_ID,SUB_NAME,SUB_CREDIT) values ('SUB0032','GRP002','COM0012','PRO037','수학 5',2);
Insert into JDBCTEST.TEMP_SUBJECTS (SUB_ID,DEPT_GRP,DEPT_CODE,PRO_ID,SUB_NAME,SUB_CREDIT) values ('SUB0033','GRP002','COM0013','PRO032','식품학 1',3);
Insert into JDBCTEST.TEMP_SUBJECTS (SUB_ID,DEPT_GRP,DEPT_CODE,PRO_ID,SUB_NAME,SUB_CREDIT) values ('SUB0034','GRP002','COM0013','PRO032','식품학 2',2);
Insert into JDBCTEST.TEMP_SUBJECTS (SUB_ID,DEPT_GRP,DEPT_CODE,PRO_ID,SUB_NAME,SUB_CREDIT) values ('SUB0035','GRP002','COM0013','PRO032','식품학 3',2);
Insert into JDBCTEST.TEMP_SUBJECTS (SUB_ID,DEPT_GRP,DEPT_CODE,PRO_ID,SUB_NAME,SUB_CREDIT) values ('SUB0036','GRP002','COM0013','PRO032','식품학 4',2);
Insert into JDBCTEST.TEMP_SUBJECTS (SUB_ID,DEPT_GRP,DEPT_CODE,PRO_ID,SUB_NAME,SUB_CREDIT) values ('SUB0037','GRP002','COM0014','PRO033','통계학 1',3);
Insert into JDBCTEST.TEMP_SUBJECTS (SUB_ID,DEPT_GRP,DEPT_CODE,PRO_ID,SUB_NAME,SUB_CREDIT) values ('SUB0038','GRP002','COM0014','PRO020','통계학 2',2);
Insert into JDBCTEST.TEMP_SUBJECTS (SUB_ID,DEPT_GRP,DEPT_CODE,PRO_ID,SUB_NAME,SUB_CREDIT) values ('SUB0039','GRP002','COM0014','PRO020','통계학 3',2);
Insert into JDBCTEST.TEMP_SUBJECTS (SUB_ID,DEPT_GRP,DEPT_CODE,PRO_ID,SUB_NAME,SUB_CREDIT) values ('SUB0040','GRP002','COM0014','PRO020','전산학 1',2);
Insert into JDBCTEST.TEMP_SUBJECTS (SUB_ID,DEPT_GRP,DEPT_CODE,PRO_ID,SUB_NAME,SUB_CREDIT) values ('SUB0041','GRP002','COM0015','PRO012','법학 1',2);
Insert into JDBCTEST.TEMP_SUBJECTS (SUB_ID,DEPT_GRP,DEPT_CODE,PRO_ID,SUB_NAME,SUB_CREDIT) values ('SUB0042','GRP002','COM0015','PRO015','법학 2',3);
Insert into JDBCTEST.TEMP_SUBJECTS (SUB_ID,DEPT_GRP,DEPT_CODE,PRO_ID,SUB_NAME,SUB_CREDIT) values ('SUB0043','GRP002','COM0015','PRO015','법학 3',3);
Insert into JDBCTEST.TEMP_SUBJECTS (SUB_ID,DEPT_GRP,DEPT_CODE,PRO_ID,SUB_NAME,SUB_CREDIT) values ('SUB0044','GRP002','COM0015','PRO012','법학 4',2);
Insert into JDBCTEST.TEMP_SUBJECTS (SUB_ID,DEPT_GRP,DEPT_CODE,PRO_ID,SUB_NAME,SUB_CREDIT) values ('SUB0045','GRP002','COM0015','PRO012','법학 5',2);
Insert into JDBCTEST.TEMP_SUBJECTS (SUB_ID,DEPT_GRP,DEPT_CODE,PRO_ID,SUB_NAME,SUB_CREDIT) values ('SUB0046','GRP002','COM0015','PRO018','법학 6',3);
Insert into JDBCTEST.TEMP_SUBJECTS (SUB_ID,DEPT_GRP,DEPT_CODE,PRO_ID,SUB_NAME,SUB_CREDIT) values ('SUB0046','GRP002','COM0016','PRO002','경찰행정 1',3);
Insert into JDBCTEST.TEMP_SUBJECTS (SUB_ID,DEPT_GRP,DEPT_CODE,PRO_ID,SUB_NAME,SUB_CREDIT) values ('SUB0047','GRP002','COM0016','PRO002','경찰행정 2',2);
Insert into JDBCTEST.TEMP_SUBJECTS (SUB_ID,DEPT_GRP,DEPT_CODE,PRO_ID,SUB_NAME,SUB_CREDIT) values ('SUB0048','GRP002','COM0016','PRO007','경찰행정 3',2);
Insert into JDBCTEST.TEMP_SUBJECTS (SUB_ID,DEPT_GRP,DEPT_CODE,PRO_ID,SUB_NAME,SUB_CREDIT) values ('SUB0049','GRP002','COM0016','PRO007','경찰행정 4',2);
Insert into JDBCTEST.TEMP_SUBJECTS (SUB_ID,DEPT_GRP,DEPT_CODE,PRO_ID,SUB_NAME,SUB_CREDIT) values ('SUB0050','GRP002','COM0016','PRO010','경찰행정 5',3);
Insert into JDBCTEST.TEMP_SUBJECTS (SUB_ID,DEPT_GRP,DEPT_CODE,PRO_ID,SUB_NAME,SUB_CREDIT) values ('SUB0051','GRP002','COM0016','PRO010','경찰행정 6',3);
Insert into JDBCTEST.TEMP_SUBJECTS (SUB_ID,DEPT_GRP,DEPT_CODE,PRO_ID,SUB_NAME,SUB_CREDIT) values ('SUB0051','GRP002','COM0017','PRO021','신문방송 1',3);
Insert into JDBCTEST.TEMP_SUBJECTS (SUB_ID,DEPT_GRP,DEPT_CODE,PRO_ID,SUB_NAME,SUB_CREDIT) values ('SUB0052','GRP002','COM0017','PRO021','신문방송 2',2);
Insert into JDBCTEST.TEMP_SUBJECTS (SUB_ID,DEPT_GRP,DEPT_CODE,PRO_ID,SUB_NAME,SUB_CREDIT) values ('SUB0053','GRP002','COM0017','PRO034','신문방송 3',2);
Insert into JDBCTEST.TEMP_SUBJECTS (SUB_ID,DEPT_GRP,DEPT_CODE,PRO_ID,SUB_NAME,SUB_CREDIT) values ('SUB0054','GRP002','COM0017','PRO034','신문방송 4',3);
Insert into JDBCTEST.TEMP_SUBJECTS (SUB_ID,DEPT_GRP,DEPT_CODE,PRO_ID,SUB_NAME,SUB_CREDIT) values ('SUB0055','GRP002','COM0017','PRO034','신문방송 5',2);
Insert into JDBCTEST.TEMP_SUBJECTS (SUB_ID,DEPT_GRP,DEPT_CODE,PRO_ID,SUB_NAME,SUB_CREDIT) values ('SUB0056','GRP002','COM0017','PRO035','신문방송 6',3);
Insert into JDBCTEST.TEMP_SUBJECTS (SUB_ID,DEPT_GRP,DEPT_CODE,PRO_ID,SUB_NAME,SUB_CREDIT) values ('SUB0057','GRP002','COM0017','PRO035','신문방송 7',3);
Insert into JDBCTEST.TEMP_SUBJECTS (SUB_ID,DEPT_GRP,DEPT_CODE,PRO_ID,SUB_NAME,SUB_CREDIT) values ('SUB0058','GRP002','COM0018','PRO006','정치학 1',3);
Insert into JDBCTEST.TEMP_SUBJECTS (SUB_ID,DEPT_GRP,DEPT_CODE,PRO_ID,SUB_NAME,SUB_CREDIT) values ('SUB0059','GRP002','COM0018','PRO006','외교학 1',3);
Insert into JDBCTEST.TEMP_SUBJECTS (SUB_ID,DEPT_GRP,DEPT_CODE,PRO_ID,SUB_NAME,SUB_CREDIT) values ('SUB0060','GRP002','COM0020','PRO022','경영학 1',3);
Insert into JDBCTEST.TEMP_SUBJECTS (SUB_ID,DEPT_GRP,DEPT_CODE,PRO_ID,SUB_NAME,SUB_CREDIT) values ('SUB0061','GRP002','COM0020','PRO022','경영학 2',3);
Insert into JDBCTEST.TEMP_SUBJECTS (SUB_ID,DEPT_GRP,DEPT_CODE,PRO_ID,SUB_NAME,SUB_CREDIT) values ('SUB0062','GRP002','COM0020','PRO027','경영학 3',3);
Insert into JDBCTEST.TEMP_SUBJECTS (SUB_ID,DEPT_GRP,DEPT_CODE,PRO_ID,SUB_NAME,SUB_CREDIT) values ('SUB0063','GRP002','COM0021','PRO004','경제학 1',3);
Insert into JDBCTEST.TEMP_SUBJECTS (SUB_ID,DEPT_GRP,DEPT_CODE,PRO_ID,SUB_NAME,SUB_CREDIT) values ('SUB0064','GRP002','COM0021','PRO004','경제학 2',3);
Insert into JDBCTEST.TEMP_SUBJECTS (SUB_ID,DEPT_GRP,DEPT_CODE,PRO_ID,SUB_NAME,SUB_CREDIT) values ('SUB0065','GRP002','COM0021','PRO016','경제학 3',2);
Insert into JDBCTEST.TEMP_SUBJECTS (SUB_ID,DEPT_GRP,DEPT_CODE,PRO_ID,SUB_NAME,SUB_CREDIT) values ('SUB0066','GRP002','COM0021','PRO016','경제학 4',3);
Insert into JDBCTEST.TEMP_SUBJECTS (SUB_ID,DEPT_GRP,DEPT_CODE,PRO_ID,SUB_NAME,SUB_CREDIT) values ('SUB0067','GRP002','COM0022','PRO011','무역 1',3);
Insert into JDBCTEST.TEMP_SUBJECTS (SUB_ID,DEPT_GRP,DEPT_CODE,PRO_ID,SUB_NAME,SUB_CREDIT) values ('SUB0068','GRP002','COM0022','PRO011','무역 2',2);
Insert into JDBCTEST.TEMP_SUBJECTS (SUB_ID,DEPT_GRP,DEPT_CODE,PRO_ID,SUB_NAME,SUB_CREDIT) values ('SUB0069','GRP002','COM0022','PRO029','무역 3',2);
Insert into JDBCTEST.TEMP_SUBJECTS (SUB_ID,DEPT_GRP,DEPT_CODE,PRO_ID,SUB_NAME,SUB_CREDIT) values ('SUB0070','GRP002','COM0022','PRO029','무역 4',3);
Insert into JDBCTEST.TEMP_SUBJECTS (SUB_ID,DEPT_GRP,DEPT_CODE,PRO_ID,SUB_NAME,SUB_CREDIT) values ('SUB0071','GRP002','COM0022','PRO029','무역 5',2);
Insert into JDBCTEST.TEMP_SUBJECTS (SUB_ID,DEPT_GRP,DEPT_CODE,PRO_ID,SUB_NAME,SUB_CREDIT) values ('SUB0072','GRP002','COM0022','PRO038','무역 6',2);
Insert into JDBCTEST.TEMP_SUBJECTS (SUB_ID,DEPT_GRP,DEPT_CODE,PRO_ID,SUB_NAME,SUB_CREDIT) values ('SUB0073','GRP002','COM0022','PRO038','무역 7',3);
Insert into JDBCTEST.TEMP_SUBJECTS (SUB_ID,DEPT_GRP,DEPT_CODE,PRO_ID,SUB_NAME,SUB_CREDIT) values ('SUB0074','GRP002','COM0023','PRO017','금속공학 1',2);
Insert into JDBCTEST.TEMP_SUBJECTS (SUB_ID,DEPT_GRP,DEPT_CODE,PRO_ID,SUB_NAME,SUB_CREDIT) values ('SUB0075','GRP002','COM0023','PRO017','금속공학 2',3);
Insert into JDBCTEST.TEMP_SUBJECTS (SUB_ID,DEPT_GRP,DEPT_CODE,PRO_ID,SUB_NAME,SUB_CREDIT) values ('SUB0076','GRP002','COM0024','PRO039','기계 1',2);
Insert into JDBCTEST.TEMP_SUBJECTS (SUB_ID,DEPT_GRP,DEPT_CODE,PRO_ID,SUB_NAME,SUB_CREDIT) values ('SUB0077','GRP002','COM0024','PRO039','기계 2',3);
Insert into JDBCTEST.TEMP_SUBJECTS (SUB_ID,DEPT_GRP,DEPT_CODE,PRO_ID,SUB_NAME,SUB_CREDIT) values ('SUB0078','GRP002','COM0024','PRO039','기계 3',3);
Insert into JDBCTEST.TEMP_SUBJECTS (SUB_ID,DEPT_GRP,DEPT_CODE,PRO_ID,SUB_NAME,SUB_CREDIT) values ('SUB0079','GRP002','COM0025','PRO026','선박해양 1',2);
Insert into JDBCTEST.TEMP_SUBJECTS (SUB_ID,DEPT_GRP,DEPT_CODE,PRO_ID,SUB_NAME,SUB_CREDIT) values ('SUB0080','GRP002','COM0025','PRO026','선박해양 2',3);
Insert into JDBCTEST.TEMP_SUBJECTS (SUB_ID,DEPT_GRP,DEPT_CODE,PRO_ID,SUB_NAME,SUB_CREDIT) values ('SUB0081','GRP002','COM0026','PRO005','신소재 1',3);
Insert into JDBCTEST.TEMP_SUBJECTS (SUB_ID,DEPT_GRP,DEPT_CODE,PRO_ID,SUB_NAME,SUB_CREDIT) values ('SUB0082','GRP002','COM0026','PRO005','신소재 2',3);
Insert into JDBCTEST.TEMP_SUBJECTS (SUB_ID,DEPT_GRP,DEPT_CODE,PRO_ID,SUB_NAME,SUB_CREDIT) values ('SUB0083','GRP002','COM0026','PRO005','신소재 3',3);
Insert into JDBCTEST.TEMP_SUBJECTS (SUB_ID,DEPT_GRP,DEPT_CODE,PRO_ID,SUB_NAME,SUB_CREDIT) values ('SUB0084','GRP002','COM0027','PRO013','원자력 1',3);
Insert into JDBCTEST.TEMP_SUBJECTS (SUB_ID,DEPT_GRP,DEPT_CODE,PRO_ID,SUB_NAME,SUB_CREDIT) values ('SUB0085','GRP002','COM0027','PRO013','원자력 2',2);
Insert into JDBCTEST.TEMP_SUBJECTS (SUB_ID,DEPT_GRP,DEPT_CODE,PRO_ID,SUB_NAME,SUB_CREDIT) values ('SUB0086','GRP002','COM0028','PRO008','재료 1',3);
Insert into JDBCTEST.TEMP_SUBJECTS (SUB_ID,DEPT_GRP,DEPT_CODE,PRO_ID,SUB_NAME,SUB_CREDIT) values ('SUB0087','GRP002','COM0028','PRO008','재료 2',2);
--------------------------------------------------------
--  DDL for Index SYS_C007330
--------------------------------------------------------

  CREATE UNIQUE INDEX "JDBCTEST"."SYS_C007330" ON "JDBCTEST"."GRPCOMMONS_TBL" ("GRP_ID") 
  PCTFREE 10 INITRANS 2 MAXTRANS 255 COMPUTE STATISTICS 
  STORAGE(INITIAL 65536 NEXT 1048576 MINEXTENTS 1 MAXEXTENTS 2147483645
  PCTINCREASE 0 FREELISTS 1 FREELIST GROUPS 1 BUFFER_POOL DEFAULT FLASH_CACHE DEFAULT CELL_FLASH_CACHE DEFAULT)
  TABLESPACE "SYSTEM" ;
--------------------------------------------------------
--  DDL for Index SYS_C007350
--------------------------------------------------------

  CREATE UNIQUE INDEX "JDBCTEST"."SYS_C007350" ON "JDBCTEST"."PROFESSORS_TBL" ("PRO_ID") 
  PCTFREE 10 INITRANS 2 MAXTRANS 255 COMPUTE STATISTICS 
  STORAGE(INITIAL 65536 NEXT 1048576 MINEXTENTS 1 MAXEXTENTS 2147483645
  PCTINCREASE 0 FREELISTS 1 FREELIST GROUPS 1 BUFFER_POOL DEFAULT FLASH_CACHE DEFAULT CELL_FLASH_CACHE DEFAULT)
  TABLESPACE "SYSTEM" ;
--------------------------------------------------------
--  DDL for Index SYS_C007343
--------------------------------------------------------

  CREATE UNIQUE INDEX "JDBCTEST"."SYS_C007343" ON "JDBCTEST"."STUDENTS_TBL" ("STU_ID") 
  PCTFREE 10 INITRANS 2 MAXTRANS 255 COMPUTE STATISTICS 
  STORAGE(INITIAL 65536 NEXT 1048576 MINEXTENTS 1 MAXEXTENTS 2147483645
  PCTINCREASE 0 FREELISTS 1 FREELIST GROUPS 1 BUFFER_POOL DEFAULT FLASH_CACHE DEFAULT CELL_FLASH_CACHE DEFAULT)
  TABLESPACE "SYSTEM" ;
--------------------------------------------------------
--  Constraints for Table COMMONS_TBL
--------------------------------------------------------

  ALTER TABLE "JDBCTEST"."COMMONS_TBL" MODIFY ("PARENT_ID" NOT NULL ENABLE);
  ALTER TABLE "JDBCTEST"."COMMONS_TBL" MODIFY ("COM_LVL" NOT NULL ENABLE);
  ALTER TABLE "JDBCTEST"."COMMONS_TBL" MODIFY ("COM_VAL" NOT NULL ENABLE);
  ALTER TABLE "JDBCTEST"."COMMONS_TBL" MODIFY ("GRP_ID" NOT NULL ENABLE);
  ALTER TABLE "JDBCTEST"."COMMONS_TBL" MODIFY ("COM_ID" NOT NULL ENABLE);
--------------------------------------------------------
--  Constraints for Table GRPCOMMONS_TBL
--------------------------------------------------------

  ALTER TABLE "JDBCTEST"."GRPCOMMONS_TBL" ADD PRIMARY KEY ("GRP_ID")
  USING INDEX PCTFREE 10 INITRANS 2 MAXTRANS 255 COMPUTE STATISTICS 
  STORAGE(INITIAL 65536 NEXT 1048576 MINEXTENTS 1 MAXEXTENTS 2147483645
  PCTINCREASE 0 FREELISTS 1 FREELIST GROUPS 1 BUFFER_POOL DEFAULT FLASH_CACHE DEFAULT CELL_FLASH_CACHE DEFAULT)
  TABLESPACE "SYSTEM"  ENABLE;
  ALTER TABLE "JDBCTEST"."GRPCOMMONS_TBL" MODIFY ("GRP_NAME" NOT NULL ENABLE);
  ALTER TABLE "JDBCTEST"."GRPCOMMONS_TBL" MODIFY ("GRP_ID" NOT NULL ENABLE);
--------------------------------------------------------
--  Constraints for Table PROFESSORS_TBL
--------------------------------------------------------

  ALTER TABLE "JDBCTEST"."PROFESSORS_TBL" ADD PRIMARY KEY ("PRO_ID")
  USING INDEX PCTFREE 10 INITRANS 2 MAXTRANS 255 COMPUTE STATISTICS 
  STORAGE(INITIAL 65536 NEXT 1048576 MINEXTENTS 1 MAXEXTENTS 2147483645
  PCTINCREASE 0 FREELISTS 1 FREELIST GROUPS 1 BUFFER_POOL DEFAULT FLASH_CACHE DEFAULT CELL_FLASH_CACHE DEFAULT)
  TABLESPACE "SYSTEM"  ENABLE;
  ALTER TABLE "JDBCTEST"."PROFESSORS_TBL" MODIFY ("PRO_DEPT" NOT NULL ENABLE);
  ALTER TABLE "JDBCTEST"."PROFESSORS_TBL" MODIFY ("PRO_DEPT_GRP" NOT NULL ENABLE);
  ALTER TABLE "JDBCTEST"."PROFESSORS_TBL" MODIFY ("PRO_ADDR2" NOT NULL ENABLE);
  ALTER TABLE "JDBCTEST"."PROFESSORS_TBL" MODIFY ("PRO_ADDR" NOT NULL ENABLE);
  ALTER TABLE "JDBCTEST"."PROFESSORS_TBL" MODIFY ("PRO_ADDR_GRP" NOT NULL ENABLE);
  ALTER TABLE "JDBCTEST"."PROFESSORS_TBL" MODIFY ("PRO_NAME" NOT NULL ENABLE);
--------------------------------------------------------
--  Constraints for Table SCORES_TBL
--------------------------------------------------------

  ALTER TABLE "JDBCTEST"."SCORES_TBL" MODIFY ("EXAM_DATE" NOT NULL ENABLE);
  ALTER TABLE "JDBCTEST"."SCORES_TBL" MODIFY ("SCORE" NOT NULL ENABLE);
  ALTER TABLE "JDBCTEST"."SCORES_TBL" MODIFY ("GUBUN" NOT NULL ENABLE);
  ALTER TABLE "JDBCTEST"."SCORES_TBL" MODIFY ("SEMESTER" NOT NULL ENABLE);
  ALTER TABLE "JDBCTEST"."SCORES_TBL" MODIFY ("DO_YEAR" NOT NULL ENABLE);
  ALTER TABLE "JDBCTEST"."SCORES_TBL" MODIFY ("SUB_ID" NOT NULL ENABLE);
  ALTER TABLE "JDBCTEST"."SCORES_TBL" MODIFY ("STU_ID" NOT NULL ENABLE);
--------------------------------------------------------
--  Constraints for Table STUDENTS_TBL
--------------------------------------------------------

  ALTER TABLE "JDBCTEST"."STUDENTS_TBL" ADD PRIMARY KEY ("STU_ID")
  USING INDEX PCTFREE 10 INITRANS 2 MAXTRANS 255 COMPUTE STATISTICS 
  STORAGE(INITIAL 65536 NEXT 1048576 MINEXTENTS 1 MAXEXTENTS 2147483645
  PCTINCREASE 0 FREELISTS 1 FREELIST GROUPS 1 BUFFER_POOL DEFAULT FLASH_CACHE DEFAULT CELL_FLASH_CACHE DEFAULT)
  TABLESPACE "SYSTEM"  ENABLE;
  ALTER TABLE "JDBCTEST"."STUDENTS_TBL" MODIFY ("STU_DEPT" NOT NULL ENABLE);
  ALTER TABLE "JDBCTEST"."STUDENTS_TBL" MODIFY ("STU_DEPT_GRP" NOT NULL ENABLE);
  ALTER TABLE "JDBCTEST"."STUDENTS_TBL" MODIFY ("STU_ADDR2" NOT NULL ENABLE);
  ALTER TABLE "JDBCTEST"."STUDENTS_TBL" MODIFY ("STU_ADDR" NOT NULL ENABLE);
  ALTER TABLE "JDBCTEST"."STUDENTS_TBL" MODIFY ("STU_ADDR_GRP" NOT NULL ENABLE);
  ALTER TABLE "JDBCTEST"."STUDENTS_TBL" MODIFY ("STU_TEL" NOT NULL ENABLE);
  ALTER TABLE "JDBCTEST"."STUDENTS_TBL" MODIFY ("STU_NAME" NOT NULL ENABLE);
--------------------------------------------------------
--  Constraints for Table STUDENTS_TIME_TBL
--------------------------------------------------------

  ALTER TABLE "JDBCTEST"."STUDENTS_TIME_TBL" MODIFY ("REG_TIME" NOT NULL ENABLE);
  ALTER TABLE "JDBCTEST"."STUDENTS_TIME_TBL" MODIFY ("SEMESTER" NOT NULL ENABLE);
  ALTER TABLE "JDBCTEST"."STUDENTS_TIME_TBL" MODIFY ("DO_YEAR" NOT NULL ENABLE);
  ALTER TABLE "JDBCTEST"."STUDENTS_TIME_TBL" MODIFY ("SUB_ID" NOT NULL ENABLE);
  ALTER TABLE "JDBCTEST"."STUDENTS_TIME_TBL" MODIFY ("STU_ID" NOT NULL ENABLE);
--------------------------------------------------------
--  Constraints for Table SUBJECTS_TBL
--------------------------------------------------------

  ALTER TABLE "JDBCTEST"."SUBJECTS_TBL" MODIFY ("SUB_CREDIT" NOT NULL ENABLE);
  ALTER TABLE "JDBCTEST"."SUBJECTS_TBL" MODIFY ("SUB_NAME" NOT NULL ENABLE);
  ALTER TABLE "JDBCTEST"."SUBJECTS_TBL" MODIFY ("PRO_ID" NOT NULL ENABLE);
  ALTER TABLE "JDBCTEST"."SUBJECTS_TBL" MODIFY ("DEPT_CODE" NOT NULL ENABLE);
  ALTER TABLE "JDBCTEST"."SUBJECTS_TBL" MODIFY ("DEPT_GRP" NOT NULL ENABLE);
  ALTER TABLE "JDBCTEST"."SUBJECTS_TBL" MODIFY ("SEMESTER" NOT NULL ENABLE);
  ALTER TABLE "JDBCTEST"."SUBJECTS_TBL" MODIFY ("DO_YEAR" NOT NULL ENABLE);
  ALTER TABLE "JDBCTEST"."SUBJECTS_TBL" MODIFY ("SUB_ID" NOT NULL ENABLE);
--------------------------------------------------------
--  Constraints for Table TEMP_SUBJECTS
--------------------------------------------------------

  ALTER TABLE "JDBCTEST"."TEMP_SUBJECTS" MODIFY ("SUB_CREDIT" NOT NULL ENABLE);
  ALTER TABLE "JDBCTEST"."TEMP_SUBJECTS" MODIFY ("SUB_NAME" NOT NULL ENABLE);
  ALTER TABLE "JDBCTEST"."TEMP_SUBJECTS" MODIFY ("PRO_ID" NOT NULL ENABLE);
  ALTER TABLE "JDBCTEST"."TEMP_SUBJECTS" MODIFY ("DEPT_CODE" NOT NULL ENABLE);
  ALTER TABLE "JDBCTEST"."TEMP_SUBJECTS" MODIFY ("DEPT_GRP" NOT NULL ENABLE);
  ALTER TABLE "JDBCTEST"."TEMP_SUBJECTS" MODIFY ("SUB_ID" NOT NULL ENABLE);
